,A 趋势·只做多（ETF+现金）,B 趋势·波动率目标多空,SPY 买入持有,60/40 股债,8 资产等权持有
2007-03-31,0.004198,0.001876,0.011589,0.006401,0.006301
2007-04-30,0.018541,0.012529,0.044296,0.029004,0.020114
2007-05-31,0.005436,-0.003150,0.033920,0.014778,0.005235
2007-06-30,0.005069,0.004689,-0.014621,-0.010643,-0.012233
2007-07-31,0.005413,0.005694,-0.031310,-0.009759,-0.003899
2007-08-31,0.008548,0.007212,0.012834,0.016752,0.014608
2007-09-30,0.038184,0.023086,0.038713,0.023581,0.056153
2007-10-31,0.046078,0.028519,0.013567,0.012448,0.047403
2007-11-30,-0.014830,0.008874,-0.038732,-0.007049,-0.021869
2007-12-31,0.005942,0.005907,-0.011260,-0.006554,0.002310
2008-01-31,0.025273,0.027735,-0.060461,-0.022853,-0.005485
2008-02-29,0.026552,0.020830,-0.025842,-0.010548,0.015456
2008-03-31,-0.006774,-0.002271,-0.008942,-0.000016,-0.001475
2008-04-30,-0.010377,-0.016434,0.047662,0.018928,0.028372
2008-05-31,0.006655,-0.000584,0.015116,0.001960,0.011271
2008-06-30,0.011848,0.004945,-0.083576,-0.045562,-0.022852
2008-07-31,-0.011285,-0.000868,-0.008986,-0.002509,-0.021849
2008-08-31,0.001364,0.007832,0.015454,0.015379,-0.022756
2008-09-30,0.007378,0.023092,-0.094174,-0.057066,-0.050575
2008-10-31,0.007216,0.031444,-0.165187,-0.102564,-0.173254
2008-11-30,0.023418,0.026795,-0.069607,-0.010749,-0.029376
2008-12-31,0.027608,0.013338,0.009796,0.026503,0.075214
2009-01-31,-0.020805,-0.009637,-0.082114,-0.064817,-0.080778
2009-02-28,-0.001816,0.007422,-0.107449,-0.067409,-0.067973
2009-03-31,0.004793,-0.005258,0.083311,0.063241,0.058384
2009-04-30,-0.007569,-0.011652,0.099346,0.048627,0.068206
2009-05-31,0.010364,-0.003956,0.058454,0.026763,0.072900
2009-06-30,-0.013393,-0.005239,-0.000655,-0.002622,-0.018209
2009-07-31,0.000663,-0.000522,0.074606,0.048090,0.056165
2009-08-31,0.012662,0.005842,0.036940,0.025218,0.025273
2009-09-30,0.015884,0.009313,0.035457,0.025772,0.041652
2009-10-31,-0.008259,-0.003628,-0.019226,-0.012087,-0.005561
2009-11-30,0.037235,0.022329,0.061606,0.045032,0.056315
2009-12-31,-0.003099,-0.015849,0.019101,-0.006150,-0.006039
2010-01-31,-0.030489,-0.014069,-0.036342,-0.012325,-0.032518
2010-02-28,0.009424,0.004061,0.031194,0.020044,0.022691
2010-03-31,0.026688,0.013463,0.060880,0.032301,0.033441
2010-04-30,0.012023,0.004076,0.015470,0.015893,0.025620
2010-05-31,-0.033850,-0.013335,-0.079455,-0.035940,-0.041151
2010-06-30,0.012664,0.015256,-0.051741,-0.018852,-0.005527
2010-07-31,-0.005255,-0.011235,0.068301,0.044619,0.049953
2010-08-31,0.005946,0.009514,-0.044981,-0.013564,0.002041
2010-09-30,0.013426,0.001307,0.089555,0.053720,0.057514
2010-10-31,0.021990,0.014139,0.038202,0.022893,0.023785
2010-11-30,-0.011881,-0.006671,0.000000,-0.003593,-0.013117
2010-12-31,0.026806,0.014631,0.066852,0.026388,0.040026
2011-01-31,0.001312,0.003319,0.023300,0.013895,-0.002613
2011-02-28,0.019129,0.010666,0.034738,0.020009,0.029120
2011-03-31,0.003737,0.001728,0.000120,-0.000546,0.008042
2011-04-30,0.032897,0.021882,0.028961,0.024742,0.043353
2011-05-31,-0.010911,-0.003806,-0.011214,0.003294,-0.007411
2011-06-30,-0.014567,-0.010738,-0.016870,-0.012140,-0.020821
2011-07-31,0.007075,0.007675,-0.020005,0.000676,0.020895
2011-08-31,0.030893,0.028130,-0.054975,-0.014380,-0.003661
2011-09-30,0.004716,0.010244,-0.069421,-0.032705,-0.070910
2011-10-31,-0.002552,-0.015718,0.109147,0.060342,0.074384
2011-11-30,0.003902,0.002255,-0.004064,-0.000119,-0.005496
2011-12-31,0.000360,0.004056,0.010449,0.014220,-0.010836
2012-01-31,0.007944,0.000156,0.046375,0.031273,0.053617
2012-02-29,-0.003583,-0.003798,0.043405,0.021644,0.014983
2012-03-31,0.001262,0.000899,0.032164,0.012934,-0.003997
2012-04-30,0.002423,-0.002227,-0.006676,0.006031,0.005321
2012-05-31,-0.001748,0.001582,-0.060056,-0.024555,-0.047453
2012-06-30,0.000040,-0.013736,0.040582,0.022692,0.029921
2012-07-31,0.008218,0.004374,0.011830,0.012703,0.018901
2012-08-31,-0.000333,-0.005341,0.025053,0.014562,0.019068
2012-09-30,0.000130,-0.000410,0.025350,0.013817,0.012514
2012-10-31,-0.006951,-0.006433,-0.018198,-0.012503,-0.012248
2012-11-30,0.003647,0.001866,0.005659,0.007313,0.010335
2012-12-31,0.012945,0.006464,0.008935,0.001599,0.011009
2013-01-31,0.011983,0.011690,0.051190,0.025542,0.012240
2013-02-28,-0.005730,-0.005586,0.012759,0.012186,-0.010629
2013-03-31,0.009130,0.006298,0.037971,0.023930,0.010544
2013-04-30,0.018308,0.023776,0.019212,0.017628,0.012163
2013-05-31,-0.024313,-0.020800,0.023610,0.001746,-0.036361
2013-06-30,-0.005755,0.012333,-0.013344,-0.018191,-0.038774
2013-07-31,0.004566,-0.000061,0.051677,0.029595,0.025900
2013-08-31,-0.010250,-0.006664,-0.029992,-0.023686,-0.011519
2013-09-30,0.008695,-0.001551,0.031647,0.026373,0.020021
2013-10-31,0.012755,0.010317,0.046306,0.030895,0.023011
2013-11-30,0.001466,0.006857,0.029638,0.014278,-0.015028
2013-12-31,0.004425,0.010003,0.025926,0.007193,-0.003379
2014-01-31,-0.009459,-0.025525,-0.035248,-0.008896,-0.004178
2014-02-28,0.003524,-0.009642,0.045516,0.028740,0.039127
2014-03-31,0.000335,-0.000165,0.008296,0.002733,0.002167
2014-04-30,0.007875,0.006590,0.006951,0.007204,0.013606
2014-05-31,0.009500,0.009638,0.023207,0.021226,0.011940
2014-06-30,0.007118,-0.000563,0.020644,0.011520,0.018106
2014-07-31,-0.013662,-0.016533,-0.013437,-0.008945,-0.013038
2014-08-31,0.017381,0.019519,0.039464,0.031199,0.019800
2014-09-30,-0.025780,-0.016884,-0.013796,-0.012476,-0.044549
2014-10-31,0.005809,0.015730,0.023551,0.020276,0.013589
2014-11-30,0.010375,0.021072,0.027472,0.021638,-0.001846
2014-12-31,0.004763,0.016182,-0.002536,-0.001004,-0.014077
2015-01-31,0.027828,0.030662,-0.029629,-0.000568,0.026179
2015-02-28,-0.024316,-0.026225,0.056205,0.023836,0.003253
2015-03-31,0.001738,0.004765,-0.015706,-0.005999,-0.011278
2015-04-30,-0.011776,-0.011629,0.009834,0.003368,0.010696
2015-05-31,-0.003397,-0.001600,0.012856,0.006048,-0.010413
2015-06-30,-0.004417,-0.004652,-0.020312,-0.018711,-0.022913
2015-07-31,0.001707,0.005426,0.022589,0.019627,-0.011771
2015-08-31,-0.012078,-0.008360,-0.060950,-0.036254,-0.032256
2015-09-30,0.002762,0.008212,-0.025516,-0.008993,-0.010925
2015-10-31,0.001238,-0.014862,0.085060,0.048488,0.036025
2015-11-30,-0.002883,-0.000212,0.003655,0.000483,-0.022786
2015-12-31,-0.001585,0.005108,-0.017282,-0.012182,-0.016375
2016-01-31,-0.002235,0.002180,-0.049787,-0.016537,-0.011237
2016-02-29,0.004508,0.008406,-0.000826,0.005449,0.013336
2016-03-31,-0.000579,-0.020013,0.067266,0.040095,0.049961
2016-04-30,0.000314,-0.002911,0.003941,0.001740,0.018246
2016-05-31,-0.006665,-0.003000,0.017011,0.009810,-0.005462
2016-06-30,0.019664,0.015343,0.003476,0.014436,0.040947
2016-07-31,0.013821,0.007641,0.036471,0.022868,0.018293
2016-08-31,-0.010917,-0.009699,0.001197,-0.003327,-0.008422
2016-09-30,0.003553,0.001449,0.000058,0.000985,0.007194
2016-10-31,-0.009112,-0.009027,-0.017337,-0.016381,-0.024590
2016-11-30,-0.007604,-0.000926,0.036838,0.005194,-0.029144
2016-12-31,0.008004,0.002598,0.020272,0.011689,0.013680
2017-01-31,0.004254,0.001402,0.017895,0.011615,0.021783
2017-02-28,0.008475,0.007235,0.039292,0.026469,0.019590
2017-03-31,0.005147,0.005538,0.001250,0.001072,0.000464
2017-04-30,0.007379,0.007636,0.009926,0.010391,0.008841
2017-05-31,0.009085,0.010533,0.014113,0.011775,0.010308
2017-06-30,0.000625,0.001221,0.006375,0.001787,0.001575
2017-07-31,0.014331,0.008514,0.020554,0.013832,0.022352
2017-08-31,0.005006,0.005480,0.002917,0.007581,0.014752
2017-09-30,-0.002272,-0.003324,0.020150,0.006323,-0.001162
2017-10-31,0.010608,0.011339,0.023564,0.013383,0.011538
2017-11-30,0.004224,0.006010,0.030566,0.017223,0.009723
2017-12-31,0.010985,0.012224,0.012128,0.008016,0.016330
2018-01-31,0.022744,0.027335,0.056359,0.025215,0.019350
2018-02-28,-0.024839,-0.021031,-0.036361,-0.025547,-0.038777
2018-03-31,0.001009,-0.006426,-0.027410,-0.011823,0.009735
2018-04-30,-0.002162,0.000742,0.005168,-0.002005,-0.001075
2018-05-31,0.006073,-0.001509,0.024309,0.018530,0.007583
2018-06-30,0.001091,0.000306,0.005751,0.004240,-0.007582
2018-07-31,0.003387,0.002225,0.037047,0.020117,0.005063
2018-08-31,0.009747,0.010763,0.031920,0.023208,0.000882
2018-09-30,-0.004000,-0.006018,0.005945,-0.001253,-0.003774
2018-10-31,-0.021806,-0.014168,-0.069104,-0.042675,-0.041830
2018-11-30,0.003435,-0.002409,0.018549,0.016450,0.006921
2018-12-31,-0.003949,0.002487,-0.088048,-0.041612,-0.019996
2019-01-31,0.004489,-0.021096,0.080065,0.050650,0.059832
2019-02-28,-0.001592,-0.004358,0.032417,0.017348,0.006583
2019-03-31,0.015665,0.014283,0.018100,0.021481,0.017912
2019-04-30,0.001415,-0.001838,0.040852,0.022437,0.009035
2019-05-31,-0.005559,-0.004381,-0.063771,-0.026069,-0.016154
2019-06-30,0.011997,0.005826,0.069587,0.046621,0.043460
2019-07-31,-0.001874,-0.001074,0.015119,0.009224,-0.002787
2019-08-31,0.033913,0.042759,-0.016743,0.005761,0.018310
2019-09-30,-0.006101,-0.008730,0.019458,0.006930,0.003605
2019-10-31,0.006767,0.003123,0.022105,0.014014,0.018095
2019-11-30,-0.001310,-0.002430,0.036198,0.018970,-0.001356
2019-12-31,0.016841,0.015791,0.029056,0.013721,0.024725
2020-01-31,-0.013709,-0.013030,-0.000404,0.013621,-0.000898
2020-02-29,-0.007327,0.001684,-0.079166,-0.035653,-0.030231
2020-03-31,0.020663,0.054725,-0.124871,-0.060032,-0.086524
2020-04-30,0.008280,-0.001713,0.126984,0.077291,0.050595
2020-05-31,0.000890,-0.003936,0.047645,0.029897,0.030160
2020-06-30,0.004876,-0.000338,0.017734,0.010811,0.027413
2020-07-31,0.021593,0.013642,0.058892,0.038752,0.051149
2020-08-31,0.004072,-0.002814,0.069797,0.037999,0.016660
2020-09-30,-0.011428,-0.006218,-0.037444,-0.021155,-0.020101
2020-10-31,-0.005426,-0.008554,-0.024933,-0.020483,-0.020080
2020-11-30,0.017966,-0.004203,0.108777,0.066620,0.063256
2020-12-31,0.024819,0.013490,0.037048,0.021275,0.036979
2021-01-31,-0.000245,0.003585,-0.010191,-0.010483,-0.004008
2021-02-28,0.018359,0.021101,0.027805,0.007230,0.006271
2021-03-31,0.013057,0.020332,0.045399,0.017697,0.002485
2021-04-30,0.025930,0.010562,0.052910,0.035751,0.040237
2021-05-31,0.013161,0.007897,0.006566,0.005639,0.023191
2021-06-30,0.000821,-0.006068,0.022427,0.017547,0.008177
2021-07-31,0.003177,0.002307,0.024412,0.022608,0.013417
2021-08-31,0.005883,0.004466,0.029760,0.016278,0.007118
2021-09-30,-0.014375,-0.013024,-0.046605,-0.034351,-0.024988
2021-10-31,0.013324,0.007121,0.070163,0.040326,0.034625
2021-11-30,-0.020793,-0.016042,-0.008035,-0.000452,-0.021397
2021-12-31,0.003703,-0.004786,0.046248,0.025652,0.034579
2022-01-31,-0.016302,-0.015976,-0.052741,-0.040097,-0.021456
2022-02-28,0.003866,0.002847,-0.029517,-0.018927,-0.004415
2022-03-31,0.002420,0.008876,0.037591,0.006311,0.010128
2022-04-30,-0.006808,0.007541,-0.087769,-0.069574,-0.044776
2022-05-31,0.008385,0.006458,0.002257,0.003828,-0.002667
2022-06-30,-0.014638,0.000512,-0.082460,-0.052930,-0.051029
2022-07-31,0.002536,-0.010905,0.092087,0.067098,0.029324
2022-08-31,-0.008163,-0.000536,-0.040802,-0.039897,-0.037975
2022-09-30,-0.011923,0.026066,-0.092446,-0.074407,-0.082216
2022-10-31,-0.001258,-0.004428,0.081276,0.042949,0.014255
2022-11-30,0.006938,-0.024921,0.055591,0.047804,0.076488
2022-12-31,0.001177,0.003603,-0.057628,-0.040529,-0.023921
2023-01-31,0.010813,-0.001708,0.062887,0.052057,0.065876
2023-02-28,-0.019593,-0.014517,-0.025143,-0.028169,-0.046216
2023-03-31,0.016230,0.005869,0.037078,0.037131,0.030364
2023-04-30,0.005044,0.004505,0.015975,0.012844,0.006585
2023-05-31,-0.010902,-0.002430,0.004616,-0.002984,-0.027643
2023-06-30,0.005546,-0.006940,0.064800,0.033859,0.025833
2023-07-31,0.017755,0.011069,0.032733,0.017033,0.027335
2023-08-31,-0.013787,-0.004795,-0.016252,-0.012675,-0.026350
2023-09-30,-0.008083,0.005229,-0.047435,-0.041016,-0.041396
2023-10-31,0.000474,0.008810,-0.021709,-0.020736,-0.017262
2023-11-30,0.011319,-0.017181,0.091344,0.073024,0.064737
2023-12-31,0.028686,0.018509,0.045655,0.042482,0.041720
2024-01-31,-0.013301,-0.006507,0.015926,0.009846,-0.013404
2024-02-29,0.003212,0.002108,0.052187,0.022982,0.011188
2024-03-31,0.026149,0.017885,0.032702,0.022554,0.032458
2024-04-30,-0.011370,-0.009516,-0.040320,-0.036711,-0.025529
2024-05-31,0.013627,0.007841,0.050580,0.037549,0.028295
2024-06-30,0.008087,0.007462,0.035280,0.026036,0.011153
2024-07-31,0.011299,0.009143,0.012109,0.018854,0.027104
2024-08-31,0.021534,0.019721,0.023365,0.019402,0.019079
2024-09-30,0.026361,0.020044,0.021005,0.018133,0.026361
2024-10-31,-0.022204,-0.020631,-0.008924,-0.018904,-0.019628
2024-11-30,0.002284,0.002952,0.059634,0.039864,0.006402
2024-12-31,-0.018594,-0.013761,-0.024060,-0.023470,-0.029688
2025-01-31,0.006337,0.000861,0.026856,0.018580,0.027429
2025-02-28,0.008515,0.002437,-0.012695,0.003582,0.021231
2025-03-31,0.016457,0.013276,-0.055719,-0.032064,0.005018
2025-04-30,0.003497,0.004103,-0.008670,-0.000978,-0.003667
2025-05-31,0.007936,-0.002441,0.062845,0.032749,0.016523
2025-06-30,0.016534,0.006777,0.051386,0.037240,0.030438
2025-07-31,-0.001677,-0.002385,0.023031,0.011443,0.001940
2025-08-31,0.015258,0.014338,0.020520,0.018904,0.022888
2025-09-30,0.032621,0.027107,0.035620,0.023977,0.037784
2025-10-31,0.015830,0.015565,0.023838,0.017147,0.014870
2025-11-30,0.008709,0.006970,0.001950,0.005123,0.011251
2025-12-31,0.004054,-0.000416,0.000797,-0.002566,0.002118
2026-01-31,0.045228,0.028156,0.014738,0.007928,0.047851
2026-02-28,0.034302,0.023022,-0.008642,0.004695,0.041977
2026-03-31,-0.035700,-0.035043,-0.049380,-0.038908,-0.038245
2026-04-30,0.020270,0.005007,0.105053,0.062430,0.052531
2026-05-31,0.011197,0.005410,0.052626,0.031499,0.009998
2026-06-30,-0.005324,-0.002177,-0.010293,-0.005171,-0.022850
2026-07-31,-0.008746,-0.007037,0.000348,-0.005346,0.004288
2026-08-31,0.009789,0.003938,0.026799,0.016546,0.029429
2026-09-30,-0.000772,-0.001800,0.008103,-0.005562,-0.012403
