,E1_reg_h24,E2_reg_h4,E3_tb_h24,E4_meta_tsmom_h24,E5_reg_h24_price_only,E6_reg_h24_rolling2y,E7_vol_h24,E8_reg_h168,E9_reg_h24_fixed300,E10_ridge_h24
adx_14,0.00937,0.01136,0.01225,0.00962,0.01198,0.00770,0.00289,0.00071,0.00944,0.01136
atr_14_rel,0.00379,0.00748,0.00584,0.00421,0.00620,0.00537,0.01587,0.00052,0.00403,0.02822
avg_trade_size_z_168,0.00025,0.00384,0.00089,0.00090,0.00047,0.00028,0.00028,0.00013,0.00023,0.01201
bb_pctb_20,0.00046,0.00443,0.00294,0.00131,0.00040,0.00054,0.00004,0.00001,0.00049,0.01479
btc_eth_corr_168,0.03521,0.02021,0.02600,0.02576,,0.03366,0.00963,0.06270,0.03395,0.01781
candle_body,0.00000,0.00220,0.00011,0.00002,0.00002,0.00004,0.00000,0.00000,0.00000,0.00084
candle_body_mean_24,0.00233,0.00546,0.00183,0.00403,0.00368,0.00313,0.00084,0.00021,0.00219,0.00901
candle_lower,0.00002,0.00258,0.00006,0.00004,0.00008,0.00005,0.00534,0.00001,0.00001,0.00358
candle_range,0.00011,0.00281,0.00046,0.00030,0.00015,0.00008,0.01867,0.00001,0.00013,0.01019
candle_upper,0.00001,0.00183,0.00004,0.00004,0.00004,0.00003,0.00433,0.00000,0.00000,0.00153
dd_from_high_168,0.00593,0.00734,0.00936,0.01466,0.00814,0.00590,0.00406,0.00267,0.00624,0.01059
dd_from_high_24,0.00262,0.00641,0.01292,0.00474,0.00324,0.00209,0.00091,0.00017,0.00253,0.00354
dd_from_high_720,0.01534,0.00969,0.01528,0.01778,0.02197,0.01660,0.00314,0.02227,0.01449,0.01809
di_diff_14,0.00201,0.00386,0.00428,0.00574,0.00351,0.00145,0.00076,0.00013,0.00198,0.01503
dow,0.02046,0.01510,0.02505,0.01221,0.02434,0.01955,0.04366,0.00139,0.02078,0.00833
down_var_share_168,0.00986,0.00994,0.01366,0.01074,0.01615,0.01268,0.00204,0.00829,0.01061,0.00460
down_var_share_24,0.00283,0.01452,0.00994,0.00404,0.00579,0.00348,0.00073,0.00034,0.00333,0.00458
ema_cross_24_168,0.01087,0.00980,0.01307,0.01916,0.01710,0.01041,0.00286,0.00497,0.01092,0.01239
ema_dev_12,0.00017,0.01031,0.00578,0.00096,0.00036,0.00041,0.00035,0.00001,0.00014,0.00370
ema_dev_168,0.00180,0.00579,0.00415,0.00426,0.00213,0.00148,0.00643,0.00059,0.00180,0.00261
ema_dev_24,0.00058,0.01157,0.00207,0.00152,0.00093,0.00030,0.00092,0.00004,0.00070,0.00636
ema_dev_504,0.00982,0.00674,0.01028,0.01299,0.00940,0.00609,0.00651,0.00590,0.00718,0.01377
ema_dev_72,0.00123,0.00496,0.00251,0.00197,0.00179,0.00097,0.00274,0.00038,0.00155,0.01106
ema_slope_12,0.00092,0.00579,0.00200,0.00122,0.00069,0.00083,0.00012,0.00002,0.00083,0.00207
ema_slope_168,0.00269,0.00521,0.00397,0.00434,0.00401,0.00326,0.00188,0.00145,0.00287,0.00177
ema_slope_24,0.00259,0.01249,0.00359,0.00344,0.00292,0.00109,0.00030,0.00010,0.00254,0.00333
ema_slope_504,0.02383,0.01384,0.01057,0.02020,0.02858,0.01093,0.00373,0.00901,0.01950,0.02005
ema_slope_72,0.00224,0.00660,0.00435,0.00296,0.00360,0.00243,0.00116,0.00231,0.00252,0.00825
eth_btc_vol_ratio,0.03308,0.01894,0.03549,0.03680,,0.03277,0.00583,0.05982,0.03557,0.01274
eth_ret_1,0.00000,0.00195,0.00006,0.00002,,0.00004,0.00001,0.00000,0.00000,0.00676
eth_ret_168,0.01692,0.01066,0.01109,0.01332,,0.01497,0.00318,0.01051,0.01794,0.01998
eth_ret_24,0.00421,0.01673,0.01183,0.01475,,0.00554,0.00143,0.00029,0.00518,0.02269
eth_ret_4,0.00052,0.00906,0.00070,0.00023,,0.00037,0.00028,0.00001,0.00067,0.00810
ethbtc_ret_168,0.02297,0.01345,0.01825,0.02385,,0.02749,0.00277,0.02548,0.02208,0.01559
ethbtc_ret_24,0.00787,0.02214,0.00726,0.01356,,0.00615,0.00316,0.00053,0.00825,0.00515
funding_last,0.01240,0.00932,0.00891,0.00694,,0.01185,0.00174,0.00694,0.01101,0.01256
funding_mean_21,0.03348,0.01640,0.03543,0.03079,,0.04120,0.00505,0.05562,0.03358,0.00907
funding_mean_3,0.02133,0.02060,0.01612,0.01397,,0.02391,0.00363,0.01506,0.01925,0.00870
funding_z_90,0.02309,0.02297,0.02244,0.02179,,0.02326,0.00168,0.01486,0.02372,0.02222
hma_dev_210,0.00737,0.00826,0.01234,0.01670,0.01166,0.00940,0.00253,0.00154,0.00880,0.00886
hma_dev_55,0.00063,0.00905,0.00400,0.00206,0.00131,0.00137,0.00024,0.00002,0.00062,0.00684
hour,0.00002,0.01747,0.00057,0.00023,0.00007,0.00005,0.00336,0.00000,0.00001,0.00048
kurt_168,0.03271,0.02369,0.03227,0.02440,0.04091,0.03357,0.01577,0.01700,0.03403,0.00516
log_amihud_24,0.02337,0.01744,0.02219,0.01999,0.03836,0.02901,0.00878,0.03174,0.02391,0.00951
log_garman_klass_24,0.00714,0.00687,0.00795,0.01093,0.01013,0.00697,0.15854,0.00383,0.00762,0.00284
log_parkinson_168,0.04473,0.01711,0.02448,0.03378,0.05275,0.04115,0.11222,0.05618,0.03963,0.00587
log_parkinson_24,0.00770,0.00618,0.00820,0.00959,0.00870,0.00674,0.20023,0.00332,0.00733,0.00329
log_rv_168,0.03332,0.01544,0.02117,0.02425,0.04078,0.03730,0.04951,0.03954,0.03256,0.00388
log_rv_24,0.01799,0.01122,0.01195,0.00970,0.02126,0.00936,0.01900,0.00229,0.01811,0.00363
log_rv_6,0.00117,0.00559,0.00155,0.00534,0.00211,0.00072,0.04511,0.00011,0.00113,0.01321
log_rv_72,0.03506,0.02446,0.02274,0.01726,0.04662,0.03250,0.02356,0.01851,0.03637,0.00361
log_rv_720,0.08113,0.02766,0.04122,0.04599,0.11262,0.07295,0.04357,0.13309,0.07406,0.02090
macd_hist,0.00146,0.00722,0.00367,0.00408,0.00323,0.00180,0.00025,0.00004,0.00170,0.00944
mfi_14,0.00082,0.01848,0.00480,0.00564,0.00159,0.00137,0.00090,0.00004,0.00083,0.01695
ofi_1,0.00001,0.00141,0.00011,0.00007,0.00003,0.00003,0.00000,0.00001,0.00001,0.00469
ofi_168,0.03018,0.01720,0.02735,0.02183,0.03614,0.03429,0.00504,0.05477,0.03306,0.01467
ofi_24,0.01878,0.01790,0.01891,0.01478,0.02120,0.01384,0.00251,0.00294,0.01850,0.01918
ofi_6,0.00094,0.00637,0.00137,0.00095,0.00147,0.00101,0.00032,0.00012,0.00110,0.00673
ofi_z_168,0.00002,0.00123,0.00006,0.00006,0.00003,0.00018,0.00006,0.00002,0.00001,0.00664
premium,0.00301,0.00597,0.00330,0.00209,,0.00298,0.00058,0.00322,0.00266,0.00565
premium_chg_24,0.00057,0.00612,0.00064,0.00167,,0.00053,0.00044,0.00050,0.00061,0.00381
premium_mean_24,0.02097,0.01594,0.02044,0.01190,,0.02613,0.00252,0.01985,0.01915,0.01872
premium_z_168,0.00958,0.02127,0.01011,0.00385,,0.00467,0.00046,0.00140,0.01064,0.03699
primary_side,,,,0.00053,,,,,,
qvol_z_168,0.00013,0.00516,0.00086,0.00031,0.00018,0.00027,0.00193,0.00005,0.00014,0.00485
qvol_z_720,0.00020,0.00389,0.00071,0.00054,0.00044,0.00023,0.01503,0.00018,0.00016,0.01073
range_pos_168,0.00418,0.00714,0.00683,0.01165,0.00516,0.00475,0.00268,0.00148,0.00444,0.01148
range_pos_24,0.00165,0.00644,0.00235,0.00247,0.00149,0.00165,0.00052,0.00004,0.00172,0.02318
range_pos_720,0.02122,0.01555,0.01978,0.02368,0.02594,0.01650,0.00202,0.01459,0.02066,0.03311
rel_qvol_24,0.00005,0.00540,0.00055,0.00027,0.00007,0.00007,0.02830,0.00001,0.00004,0.00235
ret_1,0.00000,0.00163,0.00005,0.00001,0.00001,0.00003,0.00000,0.00000,0.00000,0.00590
ret_12,0.00042,0.00384,0.00223,0.00116,0.00053,0.00047,0.00031,0.00002,0.00041,0.00098
ret_120,0.01341,0.01367,0.01520,0.01083,0.01915,0.01307,0.00400,0.00428,0.01380,0.00890
ret_168,0.00780,0.00758,0.01124,0.01179,0.01228,0.00740,0.00309,0.00682,0.00900,0.02253
ret_1_lag1,0.00000,0.00176,0.00005,0.00004,0.00001,0.00003,0.00000,0.00000,0.00000,0.00476
ret_1_lag2,0.00000,0.00150,0.00004,0.00003,0.00001,0.00001,0.00000,0.00000,0.00000,0.00508
ret_1_lag3,0.00000,0.00079,0.00004,0.00002,0.00001,0.00002,0.00000,0.00000,0.00000,0.00191
ret_2,0.00001,0.00869,0.00023,0.00007,0.00002,0.00009,0.00000,0.00001,0.00000,0.00248
ret_24,0.00231,0.00858,0.00695,0.00636,0.00318,0.00190,0.00065,0.00008,0.00274,0.00676
ret_336,0.01820,0.01423,0.01718,0.02947,0.02461,0.02049,0.00229,0.02040,0.01993,0.00983
ret_4,0.00006,0.00763,0.00096,0.00010,0.00009,0.00010,0.00001,0.00001,0.00002,0.00365
ret_48,0.00515,0.00768,0.00837,0.00319,0.00597,0.00742,0.00116,0.00076,0.00550,0.00369
ret_504,0.01586,0.01168,0.01740,0.02312,0.02701,0.01713,0.00414,0.02765,0.01641,0.01120
ret_72,0.00571,0.00876,0.01174,0.00886,0.00588,0.00753,0.00129,0.00247,0.00577,0.01123
ret_720,0.02583,0.01442,0.02124,0.02298,0.03180,0.02891,0.00346,0.05067,0.02631,0.01234
ret_8,0.00012,0.01188,0.00121,0.00043,0.00020,0.00019,0.00006,0.00002,0.00009,0.00141
ret_vol_corr_168,0.01494,0.00983,0.01748,0.02323,0.02533,0.01968,0.00442,0.01735,0.01613,0.02082
rsi_14,0.00072,0.00166,0.00213,0.00299,0.00065,0.00047,0.00101,0.00004,0.00074,0.00421
rsi_168,0.00588,0.00730,0.00863,0.00774,0.00796,0.00617,0.00205,0.00684,0.00575,0.00597
rsi_48,0.00097,0.00404,0.00307,0.00354,0.00176,0.00180,0.00147,0.00072,0.00100,0.00664
rv_ratio_168_720,0.02989,0.01739,0.03157,0.02884,0.03747,0.02735,0.00468,0.04186,0.03072,0.00830
rv_ratio_24_168,0.00723,0.00866,0.01167,0.01032,0.01075,0.00958,0.00437,0.00079,0.00748,0.00650
rv_ratio_6_72,0.00088,0.01024,0.00282,0.00140,0.00092,0.00086,0.00309,0.00004,0.00100,0.01053
skew_168,0.02804,0.01078,0.02699,0.02471,0.03772,0.02835,0.00730,0.02914,0.03198,0.00554
stoch_k_14,0.00034,0.00562,0.00095,0.00087,0.00030,0.00044,0.00088,0.00005,0.00024,0.01776
trades_z_168,0.00015,0.00662,0.00227,0.00050,0.00029,0.00027,0.00436,0.00004,0.00014,0.00701
up_frac_24,0.00072,0.00264,0.00117,0.00155,0.00115,0.00133,0.00460,0.00010,0.00075,0.00498
up_from_low_168,0.01033,0.00795,0.01595,0.03054,0.01102,0.01294,0.00858,0.00604,0.01091,0.00651
up_from_low_24,0.00143,0.00603,0.00367,0.00214,0.00206,0.00401,0.00091,0.00016,0.00163,0.02394
up_from_low_720,0.01828,0.01233,0.02382,0.02342,0.02357,0.01698,0.00319,0.01947,0.01678,0.02080
vol_of_vol_168,0.03600,0.02709,0.03040,0.02795,0.04633,0.03519,0.01371,0.04430,0.03687,0.01756
