key,sym,side,signal,step,stop,mode,final,cagr,sharpe,max_dd,trades,win_rate,avg_win,avg_loss,full_pyramids,liquidations,share_profitable
BTC|long|don20|step10%|stop10%|trail,BTC,long,don20,0.1,0.1,trail,466.6434870316752,-0.08422690822564816,0.41256415276493097,-0.9170182814594577,60,0.31666666666666665,249.06984286273214,-128.43130554537163,10,0,
BTC|long|don20|step10%|stop10%|lastadd,BTC,long,don20,0.1,0.1,lastadd,0.0,-1.0,0.4044070515554493,-1.0,5,0.0,0.0,-200.0,1,1,
BTC|long|don20|step5%|stop5%|trail,BTC,long,don20,0.05,0.05,trail,5721.224259304252,0.22304943050722925,0.6053317789037055,-0.769473679910708,102,0.3333333333333333,641.0890207235856,-251.11474184261272,13,0,
BTC|long|don20|step5%|stop5%|lastadd,BTC,long,don20,0.05,0.05,lastadd,0.0,-1.0,0.5347504312842967,-1.0,7,0.0,0.0,-142.85714285714286,1,1,
BTC|long|don20|step5%|stop10%|trail,BTC,long,don20,0.05,0.1,trail,963.3820987319291,-0.004297223329889799,0.6595409140781839,-0.9200861214051943,62,0.25806451612903225,688.1953705159099,-240.16834412005716,20,0,
BTC|long|don20|step5%|stop10%|lastadd,BTC,long,don20,0.05,0.1,lastadd,0.0,-1.0,0.25126190848181224,-1.0,6,0.0,0.0,-166.66666666666666,2,1,
BTC|long|don20|step10%|stop5%|trail,BTC,long,don20,0.1,0.05,trail,5800.3783022228035,0.22499093892839928,0.6181705027553374,-0.709371959626009,88,0.38636363636363635,841.2171948137427,-440.7593763230453,1,0,
BTC|long|don20|step10%|stop5%|lastadd,BTC,long,don20,0.1,0.05,lastadd,2423.559173272796,0.10759519839693432,0.6071064141721568,-0.8500946390374668,65,0.23076923076923078,684.7471148895701,-176.9529510014151,9,0,
BTC|long|don20|step3%|stop3%|trail,BTC,long,don20,0.03,0.03,trail,11170.269937073388,0.321258378665757,0.6697508387188196,-0.6032677282176084,144,0.2986111111111111,945.511229571808,-301.84864291598376,18,0,
BTC|long|don20|step3%|stop3%|lastadd,BTC,long,don20,0.03,0.03,lastadd,0.0,-1.0,0.6147560349787493,-1.0,9,0.1111111111111111,33.042514136788895,-129.1303142670986,2,1,
BTC|long|don20|step1%|stop1%|trail,BTC,long,don20,0.01,0.01,trail,2825.002716289595,0.12736698003320868,0.4583877666201681,-0.3366863142634797,208,0.2932692307692308,123.69446895357251,-38.91401285631515,22,0,
BTC|long|don20|step1%|stop1%|lastadd,BTC,long,don20,0.01,0.01,lastadd,0.0,-1.0,0.6793247093327198,-1.0,13,0.15384615384615385,1.8697362666637218,-91.24904295757523,3,1,
BTC|long|don20|step20%|stop10%|trail,BTC,long,don20,0.2,0.1,trail,446.8856162797594,-0.08878909513009947,0.2794299890174745,-0.8876742508801055,54,0.3333333333333333,282.6013029337034,-156.66493990352504,0,0,
BTC|long|don20|step20%|stop10%|lastadd,BTC,long,don20,0.2,0.1,lastadd,0.0,-1.0,0.39960197381972185,-1.0,4,0.0,0.0,-250.0,1,1,
BTC|long|don55|step10%|stop10%|trail,BTC,long,don55,0.1,0.1,trail,115.71514398761272,-0.22038819956805156,0.09530316209429741,-0.9277362325849797,41,0.2926829268292683,108.11384145080645,-75.22934322145048,6,0,
BTC|long|don55|step10%|stop10%|lastadd,BTC,long,don55,0.1,0.1,lastadd,0.0,-1.0,0.4735162455433925,-1.0,3,0.0,0.0,-333.3333333333333,1,1,
BTC|long|don55|step5%|stop5%|trail,BTC,long,don55,0.05,0.05,trail,350.70676474963574,-0.11392871506514024,0.06753837084272717,-0.9093784295886732,72,0.2777777777777778,121.5583495470122,-59.23961973443478,7,0,
BTC|long|don55|step5%|stop5%|lastadd,BTC,long,don55,0.05,0.05,lastadd,0.0,-1.0,0.5758849908925808,-1.0,6,0.0,0.0,-166.66666666666666,1,1,
BTC|long|don55|step5%|stop10%|trail,BTC,long,don55,0.05,0.1,trail,186.25855691129033,-0.17634997431346533,0.4087193055695088,-0.9679622347938148,42,0.2619047619047619,265.6223549995592,-120.50281768012455,15,0,
BTC|long|don55|step5%|stop10%|lastadd,BTC,long,don55,0.05,0.1,lastadd,0.0,-1.0,0.48040390235142333,-1.0,3,0.0,0.0,-333.3333333333333,1,1,
BTC|long|don55|step10%|stop5%|trail,BTC,long,don55,0.1,0.05,trail,1253.2039320755957,0.02639744851540282,0.28886611154384073,-0.7148217454278691,60,0.35,234.18540635650234,-119.60742567720396,1,0,
BTC|long|don55|step10%|stop5%|lastadd,BTC,long,don55,0.1,0.05,lastadd,578.5364415976569,-0.06122044990692821,0.26964763751531456,-0.8729509603779494,47,0.1702127659574468,253.92357413964635,-62.89364491075677,5,0,
BTC|long|don55|step3%|stop3%|trail,BTC,long,don55,0.03,0.03,trail,753.1022891820511,-0.03220336866334439,0.12467191866084298,-0.6584056139612339,99,0.24242424242424243,109.72505858183348,-38.403988223759356,10,0,
BTC|long|don55|step3%|stop3%|lastadd,BTC,long,don55,0.03,0.03,lastadd,9.580971913691226,-0.41524317623225215,-0.10819195333396674,-0.9986032066078411,53,0.05660377358490566,1.5840936216051087,-19.903426179022482,6,0,
BTC|long|don55|step1%|stop1%|trail,BTC,long,don55,0.01,0.01,trail,1162.057412291008,0.01748924626148174,0.17553790881237508,-0.5267445339824606,133,0.2706766917293233,53.34839023405103,-18.128707589018855,12,0,
BTC|long|don55|step1%|stop1%|lastadd,BTC,long,don55,0.01,0.01,lastadd,5.5467361586173265,-0.45099888048344916,0.11099009428585478,-0.9994302019909924,81,0.07407407407407407,1.664486351745787,-13.392535759358099,10,0,
BTC|long|don55|step20%|stop10%|trail,BTC,long,don55,0.2,0.1,trail,537.4063217885455,-0.06917865006178903,0.22386354249493345,-0.908047818415563,35,0.34285714285714286,219.87453910057312,-134.82991945297093,0,0,
BTC|long|don55|step20%|stop10%|lastadd,BTC,long,don55,0.2,0.1,lastadd,641.831627659651,-0.049901078988519476,0.36833758774441333,-0.9350797801913767,28,0.2857142857142857,420.8925788300338,-186.26545014903098,3,0,
BTC|long|ma|step10%|stop10%|trail,BTC,long,ma,0.1,0.1,trail,432.89401180231016,-0.09212901270584017,0.4461632350727029,-0.9495598686247895,69,0.2753623188405797,1019.0223138259548,-398.57059901781656,8,0,
BTC|long|ma|step10%|stop10%|lastadd,BTC,long,ma,0.1,0.1,lastadd,0.0,-1.0,0.46785786267992374,-1.0,6,0.0,0.0,-166.66666666666666,2,1,
BTC|long|ma|step5%|stop5%|trail,BTC,long,ma,0.05,0.05,trail,269.88879715799993,-0.14032090052022683,0.3405783811359624,-0.985194845196988,205,0.2926829268292683,648.5434442019346,-273.39805417212466,25,0,
BTC|long|ma|step5%|stop5%|lastadd,BTC,long,ma,0.05,0.05,lastadd,0.0,-1.0,0.4709781970052627,-1.0,5,0.0,0.0,-200.0,1,1,
BTC|long|ma|step5%|stop10%|trail,BTC,long,ma,0.05,0.1,trail,41.91390574138879,-0.30662853731025475,0.5056389728670991,-0.9964819947387692,76,0.21052631578947367,1967.4380836752475,-540.6182572177096,24,0,
BTC|long|ma|step5%|stop10%|lastadd,BTC,long,ma,0.05,0.1,lastadd,0.0,-1.0,0.5410820717802848,-1.0,2,0.0,0.0,-500.0,1,1,
BTC|long|ma|step10%|stop5%|trail,BTC,long,ma,0.1,0.05,trail,1981.364368966406,0.0821347952700402,0.4733761084971451,-0.8301593623676232,142,0.33098591549295775,854.8995105366904,-412.6201329079794,1,0,
BTC|long|ma|step10%|stop5%|lastadd,BTC,long,ma,0.1,0.05,lastadd,0.0,-1.0,0.5666142905347996,-1.0,14,0.07142857142857142,73.97775434609213,-82.61367341123785,2,1,
BTC|long|ma|step3%|stop3%|trail,BTC,long,ma,0.03,0.03,trail,2635.840793125857,0.11838316804499738,0.5303664086426724,-0.9006956546252407,392,0.3137755102040816,589.0650226213869,-263.2682415959284,41,0,
BTC|long|ma|step3%|stop3%|lastadd,BTC,long,ma,0.03,0.03,lastadd,0.0,-1.0,0.5614139648592521,-1.0,7,0.14285714285714285,29.40722768838748,-171.56787128139794,2,1,
BTC|long|ma|step1%|stop1%|trail,BTC,long,ma,0.01,0.01,trail,41.57864834896278,-0.3072710494859592,-0.5458410814137266,-0.9849711370982513,876,0.2579908675799087,36.347169853193854,-14.112125751496693,66,0,
BTC|long|ma|step1%|stop1%|lastadd,BTC,long,ma,0.01,0.01,lastadd,0.0,-1.0,0.5417847750651854,-1.0,9,0.1111111111111111,6.084879164547488,-125.76060989556844,2,1,
BTC|long|ma|step20%|stop10%|trail,BTC,long,ma,0.2,0.1,trail,3363.072843225087,0.15028664048318308,0.5852885364841994,-0.8777286359979485,47,0.3829787234042553,1403.6723053038925,-789.7596086981026,0,0,
BTC|long|ma|step20%|stop10%|lastadd,BTC,long,ma,0.2,0.1,lastadd,0.0,-1.0,0.5111740146115845,-1.0,14,0.14285714285714285,1022.1351846121605,-253.68919743536006,2,1,
BTC|long|always|step10%|stop10%|trail,BTC,long,always,0.1,0.1,trail,9.151833461681248,-0.41832836288058095,-0.45508500853088724,-0.9920509129831975,38,0.18421052631578946,17.10604627338172,-35.8254996919997,3,0,
BTC|long|always|step10%|stop10%|lastadd,BTC,long,always,0.1,0.1,lastadd,9.474988739296215,-0.41599357271849136,-0.3700426169528634,-0.9947334355367827,23,0.08695652173913043,1.759072585991193,-47.335388401556486,2,0,
BTC|long|always|step5%|stop5%|trail,BTC,long,always,0.05,0.05,trail,9.61378115436622,-0.41501236400388586,-0.664177524798017,-0.993483717435582,95,0.17894736842105263,37.46918033685581,-20.863619032976697,4,0,
BTC|long|always|step5%|stop5%|lastadd,BTC,long,always,0.05,0.05,lastadd,9.857806757108573,-0.41331718452203403,-0.40136535253727357,-0.992410158061831,54,0.05555555555555555,4.245134439170525,-19.66426659922359,4,0,
BTC|long|always|step5%|stop10%|trail,BTC,long,always,0.05,0.1,trail,7.220911851716849,-0.4340248967275365,-0.45636807807420987,-0.9940555155048957,26,0.038461538461538464,23.767182344107226,-40.661850819695616,3,0,
BTC|long|always|step5%|stop10%|lastadd,BTC,long,always,0.05,0.1,lastadd,7.014617071059529,-0.43591549707040744,-0.6513147602232829,-0.9970798469124168,15,0.0,0.0,-66.19902552859604,1,0,
BTC|long|always|step10%|stop5%|trail,BTC,long,always,0.1,0.05,trail,9.077584061100316,-0.4188751018229886,-0.7981353343506051,-0.9926952673850938,95,0.24210526315789474,26.07857403720897,-22.093466927704252,0,0,
BTC|long|always|step10%|stop5%|lastadd,BTC,long,always,0.1,0.05,lastadd,9.578744518641455,-0.41525887123479943,-0.5715183076745916,-0.991803151198159,70,0.05714285714285714,23.006403072107425,-16.40071011772406,1,0,
BTC|long|always|step3%|stop3%|trail,BTC,long,always,0.03,0.03,trail,9.86949985984411,-0.41323689130635033,0.45439993450263905,-0.9957820021179911,1251,0.2749800159872102,26.13835666915133,-11.005209696061975,110,0,
BTC|long|always|step3%|stop3%|lastadd,BTC,long,always,0.03,0.03,lastadd,9.716553189437729,-0.41429384759283516,-0.4586043432165545,-0.9896393235560413,81,0.04938271604938271,7.150786209450592,-13.23229339803071,6,0,
BTC|long|always|step1%|stop1%|trail,BTC,long,always,0.01,0.01,trail,9.96072595101285,-0.4126133407423471,-0.06677880548007545,-0.9972682788950874,2168,0.24031365313653136,34.20248887223089,-11.42048328869537,172,0,
BTC|long|always|step1%|stop1%|lastadd,BTC,long,always,0.01,0.01,lastadd,0.0,-1.0,0.34321105823849796,-1.0,237,0.10548523206751055,1.7349270517190425,-4.921571586287623,33,1,
BTC|long|always|step20%|stop10%|trail,BTC,long,always,0.2,0.1,trail,8.714470602560315,-0.42160726637696766,-0.6978608384021834,-0.9944025277635914,33,0.15151515151515152,51.06280028363311,-44.52141181484304,0,0,
BTC|long|always|step20%|stop10%|lastadd,BTC,long,always,0.2,0.1,lastadd,8.53310331732634,-0.4230098424132478,-0.6529469603518917,-0.994519023462526,26,0.038461538461538464,51.375448216235085,-41.71369379595635,0,0,
BTC|long|random|step10%|stop10%|trail,BTC,long,random,0.1,0.1,trail,561.1563159370423,-0.06452862383887675,0.5208453372004616,-0.9789693494569558,78,0.29069767441860467,350.8458156955837,-143.87939497739708,10,0,0.36666666666666664
BTC|long|random|step10%|stop10%|lastadd,BTC,long,random,0.1,0.1,lastadd,0.0,-1.0,0.2698418079147926,-1.0,13,0.07692307692307693,25.102820961406053,-87.55516867433812,2,30,0.0
BTC|long|random|step5%|stop5%|trail,BTC,long,random,0.05,0.05,trail,2579.8244016443505,0.11560433866472697,0.5023543317793497,-0.8668624299609777,120,0.2857142857142857,513.8363928496154,-163.71096143719578,14,0,0.8
BTC|long|random|step5%|stop5%|lastadd,BTC,long,random,0.05,0.05,lastadd,0.0,-1.0,0.43793315709948977,-1.0,17,0.08391608391608392,17.21458148190179,-65.65327791459436,3,29,0.0
BTC|long|random|step5%|stop10%|trail,BTC,long,random,0.05,0.1,trail,9.388896068653867,-0.41660876925147566,0.22532154642330837,-0.9940160941445042,59,0.21895424836601307,312.48963911835847,-109.11422853751715,19,0,0.06666666666666667
BTC|long|random|step5%|stop10%|lastadd,BTC,long,random,0.05,0.1,lastadd,6.159230728628607,-0.4443219211824174,-0.20351977587615516,-0.9973918371232473,11,0.0,0.0,-90.63503504661227,4,10,0.0
BTC|long|random|step10%|stop5%|trail,BTC,long,random,0.1,0.05,trail,1487.9108273489496,0.04692216592786669,0.39483199074133646,-0.8445522118860777,110,0.3331615665133978,278.6991207040438,-127.19354044474804,2,0,0.6
BTC|long|random|step10%|stop5%|lastadd,BTC,long,random,0.1,0.05,lastadd,34.88070126576807,-0.3211864795818494,0.556501741195119,-0.996005556969386,67,0.1565563725490196,265.3805893366598,-60.90162068209611,5,13,0.23333333333333334
BTC|long|random|step3%|stop3%|trail,BTC,long,random,0.03,0.03,trail,10262.89636398272,0.30838429425341296,0.6708812681486253,-0.7095603165873248,143,0.31767055608115213,699.2386366781834,-257.6271652258104,17,0,0.9333333333333333
BTC|long|random|step3%|stop3%|lastadd,BTC,long,random,0.03,0.03,lastadd,0.0,-1.0,0.4911202878426703,-1.0,21,0.08712121212121213,17.229735923485293,-54.18549342509992,4,30,0.0
BTC|long|random|step1%|stop1%|trail,BTC,long,random,0.01,0.01,trail,1042.7661271161037,0.004802534124930036,0.13169173620568347,-0.48234098119137897,154,0.26598639455782314,58.76650082744434,-20.701269721239484,15,0,0.5333333333333333
BTC|long|random|step1%|stop1%|lastadd,BTC,long,random,0.01,0.01,lastadd,0.0,-1.0,0.5215538227326358,-1.0,41,0.10781749491426912,5.375423088303725,-27.023945262460742,8,21,0.16666666666666666
BTC|long|random|step20%|stop10%|trail,BTC,long,random,0.2,0.1,trail,441.60948021092986,-0.0900402955821526,0.39190613375002026,-0.9668582687260212,66,0.3356807511737089,272.6044323585976,-154.6252831553761,1,0,0.3
BTC|long|random|step20%|stop10%|lastadd,BTC,long,random,0.2,0.1,lastadd,0.0,-1.0,0.2975499000531453,-1.0,11,0.07692307692307693,92.79977075350742,-119.31194006368158,1,28,0.0
BTC|short|don20|step10%|stop10%|trail,BTC,short,don20,0.1,0.1,trail,132.2814382806224,-0.20825298679567306,0.04477664180750299,-0.9510233597465714,53,0.39622641509433965,79.80505708470595,-79.48827376556883,2,0,
BTC|short|don20|step10%|stop10%|lastadd,BTC,short,don20,0.1,0.1,lastadd,8.159226332000879,-0.4259863976358744,-0.0006526702759267679,-0.9918407736679992,39,0.23076923076923078,29.84144647438389,-42.0137930645818,6,0,
BTC|short|don20|step5%|stop5%|trail,BTC,short,don20,0.05,0.05,trail,139.4909754448307,-0.2033877379949025,-0.3124848637916075,-0.938336979497248,82,0.2926829268292683,50.71270231735415,-35.820928968477055,5,0,
BTC|short|don20|step5%|stop5%|lastadd,BTC,short,don20,0.05,0.05,lastadd,51.98153614649209,-0.2891818674530101,0.20656671976807772,-0.9765138195788474,56,0.23214285714285715,19.58669253378326,-27.968499227736984,8,0,
BTC|short|don20|step5%|stop10%|trail,BTC,short,don20,0.05,0.1,trail,8.820072817097127,-0.4208024582296359,-0.10505134026569624,-0.9911799271829028,52,0.17307692307692307,103.9276779100138,-44.80300065983783,13,0,
BTC|short|don20|step5%|stop10%|lastadd,BTC,short,don20,0.05,0.1,lastadd,9.84756706934381,-0.4133875667703857,0.017953148726690776,-0.9901524329306561,16,0.0,0.0,-61.884527058166015,4,0,
BTC|short|don20|step10%|stop5%|trail,BTC,short,don20,0.1,0.05,trail,317.047499112918,-0.12418952856108034,-0.08183972755362653,-0.8840963840997018,74,0.2972972972972973,159.73425485032178,-80.7135789921954,0,0,
BTC|short|don20|step10%|stop5%|lastadd,BTC,short,don20,0.1,0.05,lastadd,371.56926073364957,-0.10799829285935503,0.23538273763037995,-0.9700366428437053,60,0.2833333333333333,172.74233804636262,-82.9081508384771,3,0,
BTC|short|don20|step3%|stop3%|trail,BTC,short,don20,0.03,0.03,trail,193.4745337027993,-0.17272797312102606,-0.5502599667061767,-0.8455470035295225,102,0.30392156862745096,40.76275500293118,-29.157336216733338,9,0,
BTC|short|don20|step3%|stop3%|lastadd,BTC,short,don20,0.03,0.03,lastadd,73.91894453917745,-0.25969627117209537,-0.1476891404836389,-0.9361797496567138,77,0.12987012987012986,28.983779090193394,-18.14804248302621,9,0,
BTC|short|don20|step1%|stop1%|trail,BTC,short,don20,0.01,0.01,trail,921.6849941481571,-0.009370104906654131,0.057119181149683715,-0.4309151524053868,111,0.26126126126126126,45.7170187089001,-17.1232749806091,10,0,
BTC|short|don20|step1%|stop1%|lastadd,BTC,short,don20,0.01,0.01,lastadd,282.95918574569873,-0.13561470616809002,0.07787251337541981,-0.936666383986458,96,0.13541666666666666,27.952767854730787,-13.017190317660262,15,0,
BTC|short|don20|step20%|stop10%|trail,BTC,short,don20,0.2,0.1,trail,48.949506981436926,-0.2940963284290039,-0.1715239685045152,-0.9764663287815714,47,0.3404255319148936,66.97738985639346,-65.24802357164059,0,0,
BTC|short|don20|step20%|stop10%|lastadd,BTC,short,don20,0.2,0.1,lastadd,12.651882876397218,-0.39617083227049976,-0.33862299636930354,-0.9898828333646716,42,0.3333333333333333,31.986183734867495,-51.255524621848124,1,0,
BTC|short|don55|step10%|stop10%|trail,BTC,short,don55,0.1,0.1,trail,692.2616527645259,-0.0415688736417823,0.1792535701615947,-0.8851632709045055,27,0.4444444444444444,354.5082561256888,-304.12249471624915,1,0,
BTC|short|don55|step10%|stop10%|lastadd,BTC,short,don55,0.1,0.1,lastadd,213.21257349333462,-0.1633985571723926,0.1486466280443844,-0.9298029806134571,20,0.3,138.97329265669535,-115.75908446048841,4,0,
BTC|short|don55|step5%|stop5%|trail,BTC,short,don55,0.05,0.05,trail,176.86452861348204,-0.18125594272494328,-0.7621700217042137,-0.8773738346043443,44,0.2727272727272727,73.74771045994633,-53.37837490330856,1,0,
BTC|short|don55|step5%|stop5%|lastadd,BTC,short,don55,0.05,0.05,lastadd,400.178744397063,-0.1003274388025539,0.2013434068848888,-0.904690132658094,25,0.28,100.35741137276112,-72.35128528957026,3,0,
BTC|short|don55|step5%|stop10%|trail,BTC,short,don55,0.05,0.1,trail,1282.0970763745363,0.029101748655668613,0.36280480191927666,-0.8789549366543821,30,0.3,814.4872502298872,-335.6327702711643,10,0,
BTC|short|don55|step5%|stop10%|lastadd,BTC,short,don55,0.05,0.1,lastadd,7.885318109432349,-0.4282446377472696,0.27122514703693684,-0.9967434479041086,15,0.06666666666666667,7.090023175697304,-71.37176464759035,8,0,
BTC|short|don55|step10%|stop5%|trail,BTC,short,don55,0.1,0.05,trail,2933.3429096536997,0.13227533424125748,0.4591587446841565,-0.7429852019320184,35,0.42857142857142855,587.5583026235485,-344.0015814849762,1,0,
BTC|short|don55|step10%|stop5%|lastadd,BTC,short,don55,0.1,0.05,lastadd,1289.752416748474,0.02980922437435951,0.31056245412523364,-0.7914652300275071,29,0.41379310344827586,337.930096878072,-221.49463210519937,2,0,
BTC|short|don55|step3%|stop3%|trail,BTC,short,don55,0.03,0.03,trail,649.3011826181643,-0.04863117378365789,-0.18032064047626908,-0.5180727727297284,49,0.3673469387755102,71.14827329481598,-52.624765699629776,3,0,
BTC|short|don55|step3%|stop3%|lastadd,BTC,short,don55,0.03,0.03,lastadd,445.9452017197701,-0.08901065963207422,0.09662170014482005,-0.8530148729433045,35,0.14285714285714285,82.93250437794885,-32.290577338999135,4,0,
BTC|short|don55|step1%|stop1%|trail,BTC,short,don55,0.01,0.01,trail,857.8832669310384,-0.017539730758073357,-0.06556235091058595,-0.3386257252530286,52,0.25,45.123716972870206,-18.685257787596775,5,0,
BTC|short|don55|step1%|stop1%|lastadd,BTC,short,don55,0.01,0.01,lastadd,578.6533612774322,-0.06119855034375077,0.04754383643989542,-0.8830314194686594,47,0.10638297872340426,71.74140107030578,-18.572705811288017,6,0,
BTC|short|don55|step20%|stop10%|trail,BTC,short,don55,0.2,0.1,trail,151.5711982237559,-0.19571318468869692,-0.10536505054779355,-0.910928413242959,26,0.34615384615384615,194.34171398534167,-152.79436633201874,0,0,
BTC|short|don55|step20%|stop10%|lastadd,BTC,short,don55,0.2,0.1,lastadd,238.54741596424557,-0.15248449895353167,0.05099215000495348,-0.8905312044962361,22,0.36363636363636365,177.39056794770966,-155.75550911553083,1,0,
BTC|short|ma|step10%|stop10%|trail,BTC,short,ma,0.1,0.1,trail,32.2064816932764,-0.3273982525184158,-0.09031466371299907,-0.971060601121037,63,0.30158730158730157,67.44167210642648,-51.11784746201877,3,0,
BTC|short|ma|step10%|stop10%|lastadd,BTC,short,ma,0.1,0.1,lastadd,14.100339983991264,-0.3885677713366684,0.023357804569596526,-0.9934058205280586,37,0.24324324324324326,48.32653759604345,-50.74423208501428,5,0,
BTC|short|ma|step5%|stop5%|trail,BTC,short,ma,0.05,0.05,trail,31.266662179261196,-0.32969379725376957,-0.09925947754038368,-0.9879123791590199,202,0.2871287128712871,53.66838492335963,-28.343747662330536,11,0,
BTC|short|ma|step5%|stop5%|lastadd,BTC,short,ma,0.05,0.05,lastadd,12.92231351364578,-0.3946947920694972,0.03972204785588523,-0.9934258506803423,80,0.225,24.807656699357043,-23.122830759270663,12,0,
BTC|short|ma|step5%|stop10%|trail,BTC,short,ma,0.05,0.1,trail,8.668484457005103,-0.42196043195337096,0.020720411592781283,-0.9913315155429949,62,0.1774193548387097,71.74803389807369,-34.91293898866285,16,0,
BTC|short|ma|step5%|stop10%|lastadd,BTC,short,ma,0.05,0.1,lastadd,9.42398836657208,-0.4163573220400296,-0.13664013958639698,-0.9926410267376199,16,0.0625,1.783681703352272,-66.15731288911869,5,0,
BTC|short|ma|step10%|stop5%|trail,BTC,short,ma,0.1,0.05,trail,112.71911353579793,-0.22274549833669044,-0.09286107979231358,-0.9560942035078444,130,0.34615384615384615,75.05453308643773,-50.173351474751755,0,0,
BTC|short|ma|step10%|stop5%|lastadd,BTC,short,ma,0.1,0.05,lastadd,61.16894746379236,-0.27570086267850924,-0.02320578268861858,-0.9808403298901803,92,0.31521739130434784,55.20608542580641,-40.314405236263376,5,0,
BTC|short|ma|step3%|stop3%|trail,BTC,short,ma,0.03,0.03,trail,341.8934650506422,-0.1165282395891526,0.16055035805439835,-0.893151298863414,369,0.35772357723577236,84.98469322735048,-50.11006768337393,31,0,
BTC|short|ma|step3%|stop3%|lastadd,BTC,short,ma,0.03,0.03,lastadd,9.933705284047521,-0.4127975046566146,-0.08451340789945759,-0.9952586682977786,144,0.1597222222222222,19.7429033647274,-11.935149356237046,19,0,
BTC|short|ma|step1%|stop1%|trail,BTC,short,ma,0.01,0.01,trail,155.28123259683215,-0.19346480034244706,-0.20533439272310025,-0.9139816025821408,777,0.24066924066924067,22.067377898395808,-8.425963448140989,67,0,
BTC|short|ma|step1%|stop1%|lastadd,BTC,short,ma,0.01,0.01,lastadd,66.86402324968327,-0.2682191760463821,0.12695294772938406,-0.9888891685349126,275,0.15272727272727274,14.159010910127476,-6.55714349774966,44,0,
BTC|short|ma|step20%|stop10%|trail,BTC,short,ma,0.2,0.1,trail,84.90382891683718,-0.2477605666488507,-0.08184470924662245,-0.9464659988856104,38,0.2894736842105263,113.11831418400475,-79.97768989285984,0,0,
BTC|short|ma|step20%|stop10%|lastadd,BTC,short,ma,0.2,0.1,lastadd,107.01447988035304,-0.22739144988454085,-0.016766266791843332,-0.9434806114332299,31,0.2903225806451613,113.05592107018195,-86.8404004432402,2,0,
BTC|short|always|step10%|stop10%|trail,BTC,short,always,0.1,0.1,trail,8.524605841322074,-0.42307620089684084,-0.10962154636832673,-0.9941316214948109,100,0.34,82.61211273307721,-57.58010950126217,8,0,
BTC|short|always|step10%|stop10%|lastadd,BTC,short,always,0.1,0.1,lastadd,8.043661025319238,-0.4269308734048418,-0.3177490953369204,-0.9923286680780906,43,0.27906976744186046,23.37147433901389,-41.045613904607976,6,0,
BTC|short|always|step5%|stop5%|trail,BTC,short,always,0.05,0.05,trail,9.828260469098721,-0.41352044650515374,-0.03857793177461525,-0.9960685108577688,308,0.30844155844155846,85.05687783342944,-42.58485978266055,20,0,
BTC|short|always|step5%|stop5%|lastadd,BTC,short,always,0.05,0.05,lastadd,9.802343604867815,-0.41369918556769303,0.1383747061414274,-0.9905099507367376,95,0.2631578947368421,19.558366795832136,-21.13081180415622,16,0,
BTC|short|always|step5%|stop10%|trail,BTC,short,always,0.05,0.1,trail,9.343985867663326,-0.4169314462727107,0.261798740740575,-0.9984882151941046,109,0.21100917431192662,683.0244305806956,-194.18858043591092,32,0,
BTC|short|always|step5%|stop10%|lastadd,BTC,short,always,0.05,0.1,lastadd,8.804867357874748,-0.42091781396733274,-0.18900393405758925,-0.9981348785542794,22,0.045454545454545456,797.6510374481111,-85.18315095667792,3,0,
BTC|short|always|step10%|stop5%|trail,BTC,short,always,0.1,0.05,trail,9.656546975641934,-0.41471255123927886,-0.2473227660861607,-0.9971501843589389,239,0.30962343096234307,144.87945848975153,-70.97832352282408,2,0,
BTC|short|always|step10%|stop5%|lastadd,BTC,short,always,0.1,0.05,lastadd,9.415977936758814,-0.41641461288065984,-0.04974697617940457,-0.9971803508295403,189,0.2962962962962963,142.9045062641149,-67.61831859288478,9,0,
BTC|short|always|step3%|stop3%|trail,BTC,short,always,0.03,0.03,trail,9.808589545213858,-0.41365607142070737,-0.032948138309980377,-0.9965967027302995,593,0.2934232715008432,84.02029383861883,-37.25470772881734,40,0,
BTC|short|always|step3%|stop3%|lastadd,BTC,short,always,0.03,0.03,lastadd,9.958799102577649,-0.412626458860893,-0.3286140914037362,-0.9985536957610892,132,0.1590909090909091,78.79412173858545,-23.82628610277222,14,0,
BTC|short|always|step1%|stop1%|trail,BTC,short,always,0.01,0.01,trail,9.96192860539441,-0.4126051541251361,-0.30640636960533646,-0.9957612930782048,1789,0.2403577417551705,20.622237434647808,-7.253568924424696,160,0,
BTC|short|always|step1%|stop1%|lastadd,BTC,short,always,0.01,0.01,lastadd,9.95300541369234,-0.4126659162277758,0.054172439106230236,-0.9987951547925537,406,0.13054187192118227,39.19032563392812,-8.688765589757784,59,0,
BTC|short|always|step20%|stop10%|trail,BTC,short,always,0.2,0.1,trail,8.885419139634294,-0.4203087042274972,-0.338939682268713,-0.9931018002041864,68,0.3088235294117647,101.03133697666743,-66.22920547596556,0,0,
BTC|short|always|step20%|stop10%|lastadd,BTC,short,always,0.2,0.1,lastadd,8.156222322036893,-0.4260107981541803,-0.2054019250350328,-0.9930435854986848,60,0.31666666666666665,80.14809033030554,-61.333109608628504,3,0,
BTC|short|random|step10%|stop10%|trail,BTC,short,random,0.1,0.1,trail,9.795112536073812,-0.4137491302873879,-0.1845999767500686,-0.9947009675301295,77,0.2996794871794872,170.51906891812186,-93.04620151235822,4,0,0.0
BTC|short|random|step10%|stop10%|lastadd,BTC,short,random,0.1,0.1,lastadd,9.059248450676733,-0.419011086000211,0.0022889192911679755,-0.9957809564833298,43,0.25809435707678074,68.0416265233893,-55.75546648278663,6,0,0.0
BTC|short|random|step5%|stop5%|trail,BTC,short,random,0.05,0.05,trail,53.37515355417837,-0.2871554985030886,-0.25555871056132295,-0.9824782248074568,124,0.28453988497124283,101.42729074598876,-47.549747972995036,9,0,0.03333333333333333
BTC|short|random|step5%|stop5%|lastadd,BTC,short,random,0.05,0.05,lastadd,9.783648522131362,-0.4138288377141342,-0.027576052204996614,-0.9961369042466444,78,0.2191780821917808,40.228334034019866,-27.52222630815144,11,0,0.0
BTC|short|random|step5%|stop10%|trail,BTC,short,random,0.05,0.1,trail,9.066563638982513,-0.4189578413748588,0.04589728288565904,-0.996650081767334,68,0.1848870056497175,435.27208543645474,-92.7156311647285,16,0,0.0
BTC|short|random|step5%|stop10%|lastadd,BTC,short,random,0.05,0.1,lastadd,8.865403493044347,-0.4204628560906216,-0.023147958711559023,-0.9974020226385787,18,0.0625,156.88480450660907,-70.91386573268596,6,0,0.0
BTC|short|random|step10%|stop5%|trail,BTC,short,random,0.1,0.05,trail,168.46378606112398,-0.18588547311408027,-0.06088824931127679,-0.9512981208127027,117,0.2920426065162907,111.3443434617451,-59.78006115313569,1,0,0.03333333333333333
BTC|short|random|step10%|stop5%|lastadd,BTC,short,random,0.1,0.05,lastadd,94.93794589546698,-0.23799816647169064,0.006167907424370355,-0.9842250481018628,105,0.29578527062999116,100.92042062961139,-53.10840151460576,5,0,0.03333333333333333
BTC|short|random|step3%|stop3%|trail,BTC,short,random,0.03,0.03,trail,270.2168358895205,-0.14020162058552454,-0.15091578172342773,-0.894649906463751,144,0.29739371929074987,80.42778296127179,-41.83288754524699,9,0,0.03333333333333333
BTC|short|random|step3%|stop3%|lastadd,BTC,short,random,0.03,0.03,lastadd,30.760925156307515,-0.33121010635470965,-0.003986196889151739,-0.9921948247920465,108,0.16733333333333333,30.2247417105987,-17.673575353751282,11,0,0.0
BTC|short|random|step1%|stop1%|trail,BTC,short,random,0.01,0.01,trail,463.3322770450719,-0.08511592888963576,-0.46002934484512137,-0.6694406233230769,154,0.2412298387096774,26.601968661555347,-13.921746233017224,12,0,0.13333333333333333
BTC|short|random|step1%|stop1%|lastadd,BTC,short,random,0.01,0.01,lastadd,150.32853230932318,-0.19747600710135693,-0.06380192896507539,-0.946195467048784,137,0.12704952850225132,17.62544505910518,-9.688419167253759,18,0,0.06666666666666667
BTC|short|random|step20%|stop10%|trail,BTC,short,random,0.2,0.1,trail,9.24128589409693,-0.4176813995402551,-0.37129409498812554,-0.994423587167793,63,0.2607771706132362,160.14059757707292,-74.36366794580749,0,0,0.0
BTC|short|random|step20%|stop10%|lastadd,BTC,short,random,0.2,0.1,lastadd,9.316589628128739,-0.41713161448764896,-0.19763177084452765,-0.9958092102415006,54,0.25,141.93794605409136,-76.1667298992127,2,0,0.0
ETH|long|don20|step10%|stop10%|trail,ETH,long,don20,0.1,0.1,trail,509.20348827570075,-0.07495312602913407,0.4791179232386548,-0.9785787127019064,75,0.32,700.4111659797605,-339.22871559291275,10,0,
ETH|long|don20|step10%|stop10%|lastadd,ETH,long,don20,0.1,0.1,lastadd,0.0,-1.0,0.4691105718737851,-1.0,22,0.09090909090909091,78.48145739085422,-57.84814573908542,5,1,
ETH|long|don20|step5%|stop5%|trail,ETH,long,don20,0.05,0.05,trail,5551.476304886361,0.2188043847041483,0.595516911665295,-0.6958993668014175,128,0.390625,410.3407821134283,-204.68670257416738,15,0,
ETH|long|don20|step5%|stop5%|lastadd,ETH,long,don20,0.05,0.05,lastadd,0.0,-1.0,0.6546895605206559,-1.0,31,0.16129032258064516,30.111925435438526,-44.25229335296894,7,1,
ETH|long|don20|step5%|stop10%|trail,ETH,long,don20,0.05,0.1,trail,8.692835559045562,-0.4217732138689181,0.35003386398845426,-0.9969049679940102,78,0.21794871794871795,292.9785198537466,-97.90068855663353,25,0,
ETH|long|don20|step5%|stop10%|lastadd,ETH,long,don20,0.05,0.1,lastadd,9.590098745555224,-0.41517889908009753,-0.10089775397302073,-0.9952503937633018,10,0.0,0.0,-99.04099012544447,5,0,
ETH|long|don20|step10%|stop5%|trail,ETH,long,don20,0.1,0.05,trail,1422.3557808631622,0.04150933538742141,0.3809782181692878,-0.7735060917299099,116,0.3620689655172414,244.62222563931186,-133.132131026864,1,0,
ETH|long|don20|step10%|stop5%|lastadd,ETH,long,don20,0.1,0.05,lastadd,86.63143867391557,-0.2460093019484525,0.12610052856256063,-0.9768545736336555,103,0.1553398058252427,127.793830703443,-34.000802903231865,6,0,
ETH|long|don20|step3%|stop3%|trail,ETH,long,don20,0.03,0.03,trail,1932.5973551553125,0.07902613957820148,0.4010110799912323,-0.7385947508265964,177,0.3107344632768362,350.265841997757,-150.2624914321419,22,0,
ETH|long|don20|step3%|stop3%|lastadd,ETH,long,don20,0.03,0.03,lastadd,0.0,-1.0,0.39053125691047696,-1.0,61,0.13114754098360656,10.729295855466752,-20.487440883844037,10,1,
ETH|long|don20|step1%|stop1%|trail,ETH,long,don20,0.01,0.01,trail,5104.89258989646,0.20706175774801672,0.5849253190067378,-0.49500062751093843,212,0.27358490566037735,448.6732717926772,-142.3256959355768,29,0,
ETH|long|don20|step1%|stop1%|lastadd,ETH,long,don20,0.01,0.01,lastadd,0.0,-1.0,0.5176665639355321,-1.0,70,0.21428571428571427,5.91387952604351,-19.794694416193686,19,1,
ETH|long|don20|step20%|stop10%|trail,ETH,long,don20,0.2,0.1,trail,891.7069302109057,-0.013144245155791268,0.45066766714367645,-0.9506698481254647,67,0.417910447761194,673.7603587194525,-486.50213112650675,0,0,
ETH|long|don20|step20%|stop10%|lastadd,ETH,long,don20,0.2,0.1,lastadd,0.0,-1.0,0.8678197675521282,-1.0,16,0.1875,555.3835368589857,-205.08850850591978,2,1,
ETH|long|don55|step10%|stop10%|trail,ETH,long,don55,0.1,0.1,trail,338.6878934429979,-0.11748845560519039,0.32652746688669027,-0.9530238102685071,50,0.3,455.54196285775174,-214.12690141209367,7,0,
ETH|long|don55|step10%|stop10%|lastadd,ETH,long,don55,0.1,0.1,lastadd,0.0,-1.0,0.5839829147284137,-1.0,13,0.15384615384615385,38.7460538323339,-97.95382796951526,5,1,
ETH|long|don55|step5%|stop5%|trail,ETH,long,don55,0.05,0.05,trail,6100.641326756967,0.23214894830082455,0.5817375250549686,-0.5905098208976882,87,0.42528735632183906,580.515372098421,-327.5685488176922,11,0,
ETH|long|don55|step5%|stop5%|lastadd,ETH,long,don55,0.05,0.05,lastadd,0.0,-1.0,0.7242837483821789,-1.0,15,0.13333333333333333,45.66271381794138,-83.94810981814483,4,1,
ETH|long|don55|step5%|stop10%|trail,ETH,long,don55,0.05,0.1,trail,26.385561724213744,-0.34270003600279997,0.32935666995637003,-0.9953255547039126,53,0.24528301886792453,429.78622249132593,-164.0208832665756,19,0,
ETH|long|don55|step5%|stop10%|lastadd,ETH,long,don55,0.05,0.1,lastadd,0.0,-1.0,0.271426419199653,-1.0,6,0.0,0.0,-166.66666666666666,4,1,
ETH|long|don55|step10%|stop5%|trail,ETH,long,don55,0.1,0.05,trail,2292.89449707399,0.10053153438539031,0.42631152579677684,-0.7308312730384495,79,0.3924050632911392,341.8590128032298,-193.84864374637775,0,0,
ETH|long|don55|step10%|stop5%|lastadd,ETH,long,don55,0.1,0.05,lastadd,330.536240177909,-0.11996695695809334,0.18693015368222946,-0.9597666126168445,70,0.17142857142857143,290.42975719542187,-71.63139389943369,4,0,
ETH|long|don55|step3%|stop3%|trail,ETH,long,don55,0.03,0.03,trail,1758.086624670647,0.06730189733863456,0.3549654212629944,-0.7157538649400641,124,0.29838709677419356,237.34131540660368,-92.22462121119185,14,0,
ETH|long|don55|step3%|stop3%|lastadd,ETH,long,don55,0.03,0.03,lastadd,0.0,-1.0,0.456555619087805,-1.0,38,0.07894736842105263,11.881853314829215,-29.589873141271074,5,1,
ETH|long|don55|step1%|stop1%|trail,ETH,long,don55,0.01,0.01,trail,2025.1565939648506,0.08486918312173919,0.39758568843746567,-0.3654079503247738,148,0.27702702702702703,139.59063685738593,-43.90709829147637,20,0,
ETH|long|don55|step1%|stop1%|lastadd,ETH,long,don55,0.01,0.01,lastadd,0.0,-1.0,0.4865045438502464,-1.0,47,0.19148936170212766,5.712912827384179,-27.668847774906784,11,1,
ETH|long|don55|step20%|stop10%|trail,ETH,long,don55,0.2,0.1,trail,1460.9406734277418,0.04473242189797988,0.4500389784724253,-0.9023251966667181,43,0.4418604651162791,604.7655863558485,-459.5668944722242,0,0,
ETH|long|don55|step20%|stop10%|lastadd,ETH,long,don55,0.2,0.1,lastadd,292.87745891908173,-0.13217013841823722,0.3631853140405264,-0.9058043504678153,34,0.2647058823529412,270.52277795851876,-125.67310170830348,1,0,
ETH|long|ma|step10%|stop10%|trail,ETH,long,ma,0.1,0.1,trail,3297.2387293819033,0.14766444578995186,0.7289907558945353,-0.9734031935926986,84,0.2857142857142857,3409.900416481351,-1325.6728544361752,12,0,
ETH|long|ma|step10%|stop10%|lastadd,ETH,long,ma,0.1,0.1,lastadd,0.0,-1.0,0.7436529501135714,-1.0,7,0.0,0.0,-142.85714285714286,2,1,
ETH|long|ma|step5%|stop5%|trail,ETH,long,ma,0.05,0.05,trail,5586.189314837589,0.21968173600221008,0.7205744911631763,-0.970597311049976,265,0.3283018867924528,1523.7311238809375,-718.9798790045166,31,0,
ETH|long|ma|step5%|stop5%|lastadd,ETH,long,ma,0.05,0.05,lastadd,0.0,-1.0,0.6184722491492451,-1.0,25,0.08,19.55676800446544,-45.178849391692644,4,1,
ETH|long|ma|step5%|stop10%|trail,ETH,long,ma,0.05,0.1,trail,7.551225878651018,-0.4310949558979841,0.2829115756233413,-0.9985711410949016,57,0.17543859649122806,1061.686431800991,-247.00666153470766,19,0,
ETH|long|ma|step5%|stop10%|lastadd,ETH,long,ma,0.05,0.1,lastadd,0.0,-1.0,0.6881522178046575,-1.0,2,0.0,0.0,-500.0,1,1,
ETH|long|ma|step10%|stop5%|trail,ETH,long,ma,0.1,0.05,trail,9785.954632739138,0.30123146659726063,0.7217941298052284,-0.8688586666823849,193,0.36787564766839376,1151.978333497228,-598.3975987341316,3,0,
ETH|long|ma|step10%|stop5%|lastadd,ETH,long,ma,0.1,0.05,lastadd,29.007277472550385,-0.33547265885595734,0.31474628083678147,-0.9941999494979309,144,0.16666666666666666,182.85499316124208,-44.662604653310495,8,0,
ETH|long|ma|step3%|stop3%|trail,ETH,long,ma,0.03,0.03,trail,54.63739537333055,-0.285081219155075,0.17530983135727307,-0.9965135052622651,519,0.2813102119460501,129.7189389361278,-53.30918951555317,55,0,
ETH|long|ma|step3%|stop3%|lastadd,ETH,long,ma,0.03,0.03,lastadd,0.0,-1.0,0.5586458512643182,-1.0,31,0.0967741935483871,11.929235768838424,-36.99241811808984,5,1,
ETH|long|ma|step1%|stop1%|trail,ETH,long,ma,0.01,0.01,trail,229.49562443017936,-0.15626078561145995,-0.03150133060444557,-0.8769112552348434,903,0.26356589147286824,38.076760678232766,-14.78612543908153,79,0,
ETH|long|ma|step1%|stop1%|lastadd,ETH,long,ma,0.01,0.01,lastadd,0.0,-1.0,0.3160532044972919,-1.0,207,0.10144927536231885,1.7100293348280782,-5.569411914147256,33,1,
ETH|long|ma|step20%|stop10%|trail,ETH,long,ma,0.2,0.1,trail,4174.79830787283,0.1793582197411423,0.6584647700167752,-0.917848123853086,66,0.3939393939393939,2660.767520699194,-1650.1289307576558,1,0,
ETH|long|ma|step20%|stop10%|lastadd,ETH,long,ma,0.2,0.1,lastadd,1936.6440943921323,0.07928672354672783,0.6810257922563998,-0.8990257884800117,42,0.2619047619047619,1696.7297409731027,-571.8510663326451,8,0,
ETH|long|always|step10%|stop10%|trail,ETH,long,always,0.1,0.1,trail,9.746215808464962,-0.4140877157221554,-0.3375919433260887,-0.996432317262641,47,0.1702127659574468,244.39446869221487,-75.52332137767317,2,0,
ETH|long|always|step10%|stop10%|lastadd,ETH,long,always,0.1,0.1,lastadd,9.270106843069014,-0.4174655012367974,-0.10615137384926442,-0.9986762750372314,23,0.043478260869565216,87.82328259980613,-49.02514435257895,2,0,
ETH|long|always|step5%|stop5%|trail,ETH,long,always,0.05,0.05,trail,9.904278848735078,-0.41299857022625364,-0.4859291231835984,-0.9977414962935738,128,0.265625,139.47888647028975,-60.982743203628914,6,0,
ETH|long|always|step5%|stop5%|lastadd,ETH,long,always,0.05,0.05,lastadd,8.971856511563207,-0.4196604983461103,-0.05664145805675093,-0.9989214279357183,51,0.0784313725490196,19.263465279207814,-22.72514903415464,5,0,
ETH|long|always|step5%|stop10%|trail,ETH,long,always,0.05,0.1,trail,7.798761962705822,-0.4289726867504279,-0.3005307821405542,-0.9983752980537007,33,0.15151515151515152,857.6217633333423,-188.5825019537145,6,0,
ETH|long|always|step5%|stop10%|lastadd,ETH,long,always,0.05,0.1,lastadd,7.023144636474421,-0.43583637719096435,-0.14724211388596783,-0.9991556967503271,12,0.0,0.0,-82.74807128029379,4,0,
ETH|long|always|step10%|stop5%|trail,ETH,long,always,0.1,0.05,trail,9.510258035564013,-0.41574303359188247,-0.6604449461328888,-0.9960043064487129,120,0.25833333333333336,81.77804175735614,-39.61358467912895,0,0,
ETH|long|always|step10%|stop5%|lastadd,ETH,long,always,0.1,0.05,lastadd,9.818232770269443,-0.4135895543435505,-0.5618713411677226,-0.9941163398630439,83,0.08433734939759036,125.91940752509625,-24.626547630334272,1,0,
ETH|long|always|step3%|stop3%|trail,ETH,long,always,0.03,0.03,trail,9.820271820053021,-0.4135754967796972,-0.23536277571048336,-0.9964794048088688,423,0.27423167848699764,52.53786385800768,-23.07678154954019,40,0,
ETH|long|always|step3%|stop3%|lastadd,ETH,long,always,0.03,0.03,lastadd,9.708444352607973,-0.4143502945086117,-0.03841594271031312,-0.9987604428800788,96,0.11458333333333333,10.727267973651978,-13.038723568912514,13,0,
ETH|long|always|step1%|stop1%|trail,ETH,long,always,0.01,0.01,trail,9.938999858686245,-0.4127613837126377,-0.020247179189686687,-0.9980043546346062,2656,0.24096385542168675,38.291291352573104,-12.647067195331397,243,0,
ETH|long|always|step1%|stop1%|lastadd,ETH,long,always,0.01,0.01,lastadd,9.851303265436703,-0.41336187861831564,-0.0898063518019675,-0.9988811123472875,237,0.12236286919831224,1.7634806520727673,-5.006200171368623,35,0,
ETH|long|always|step20%|stop10%|trail,ETH,long,always,0.2,0.1,trail,9.261588879872908,-0.41752731753308747,-0.4598590328018327,-0.9969031850391761,47,0.2553191489361702,226.1413068285673,-105.84097408751244,1,0,
ETH|long|always|step20%|stop10%|lastadd,ETH,long,always,0.2,0.1,lastadd,8.490523126931658,-0.4233429489699204,-0.4715664895897774,-0.9968939667195381,33,0.06060606060606061,303.76454854672767,-51.581889482791084,1,0,
ETH|long|random|step10%|stop10%|trail,ETH,long,random,0.1,0.1,trail,405.96517953177874,-0.09997827427542155,0.5616712176283554,-0.9885625619119167,97,0.2952732931336316,405.8643500123338,-170.55250778952464,12,0,0.3
ETH|long|random|step10%|stop10%|lastadd,ETH,long,random,0.1,0.1,lastadd,2.7645845191451373,-0.5119392704008292,0.061194727952983204,-0.9989650856302037,23,0.08514492753623187,6.299531668498455,-46.04185030636037,4,14,0.0
ETH|long|random|step5%|stop5%|trail,ETH,long,random,0.05,0.05,trail,2190.470278966287,0.09467053710017193,0.47897160073756584,-0.8716264653714616,136,0.3076923076923077,294.9511503302953,-120.11977155394422,15,0,0.6666666666666666
ETH|long|random|step5%|stop5%|lastadd,ETH,long,random,0.05,0.05,lastadd,0.0,-1.0,0.3693769013690579,-1.0,36,0.12122448979591836,18.61189056658265,-37.82369071390205,6,23,0.0
ETH|long|random|step5%|stop10%|trail,ETH,long,random,0.05,0.1,trail,9.711480429539584,-0.41432917418549975,0.4592381370968531,-0.99678394725742,88,0.21980676328502413,453.1989778402857,-138.8520450637143,25,0,0.2
ETH|long|random|step5%|stop10%|lastadd,ETH,long,random,0.05,0.1,lastadd,8.133823825286742,-0.4261929856239598,-0.10924124297615434,-0.9965846559028174,11,0.0,0.0,-90.04539807544359,3,7,0.0
ETH|long|random|step10%|stop5%|trail,ETH,long,random,0.1,0.05,trail,1379.2924368217493,0.0377420939281391,0.3794258987118154,-0.8507158183723711,126,0.3250534568781183,220.13897178496455,-97.83431491449531,2,0,0.5333333333333333
ETH|long|random|step10%|stop5%|lastadd,ETH,long,random,0.1,0.05,lastadd,11.79713816908517,-0.4025042119945667,0.536385967959905,-0.9936627394062062,104,0.16506410256410256,177.02102859114447,-53.11185710688516,6,13,0.03333333333333333
ETH|long|random|step3%|stop3%|trail,ETH,long,random,0.03,0.03,trail,584.3089415923123,-0.06018660844864704,0.15597320163683667,-0.8140788220606561,149,0.2809624653132759,95.8050945904678,-41.010631630155956,14,0,0.4
ETH|long|random|step3%|stop3%|lastadd,ETH,long,random,0.03,0.03,lastadd,0.0,-1.0,0.2808959055692838,-1.0,29,0.09275184275184276,17.069347873224842,-41.162046667980334,5,26,0.0
ETH|long|random|step1%|stop1%|trail,ETH,long,random,0.01,0.01,trail,789.1826928902792,-0.02795326419073446,-0.02914733565862923,-0.49252725807487174,154,0.2569128787878788,51.76365644930968,-18.28182707768154,15,0,0.4
ETH|long|random|step1%|stop1%|lastadd,ETH,long,random,0.01,0.01,lastadd,11.658084238996608,-0.40219803596636894,0.08543190235067381,-0.9962251484799078,128,0.11149961149961149,3.0647954090816505,-8.729157791465916,18,13,0.0
ETH|long|random|step20%|stop10%|trail,ETH,long,random,0.2,0.1,trail,490.8544576218186,-0.07889994000898387,0.4896589781427517,-0.9854648470625522,86,0.32554945054945056,457.4472973837678,-245.10511463023443,2,0,0.3
ETH|long|random|step20%|stop10%|lastadd,ETH,long,random,0.2,0.1,lastadd,8.378608286423605,-0.42422680687348363,0.5224991164901233,-0.9979684586251526,46,0.15894736842105261,224.02603736743401,-75.49309545609444,4,13,0.0
ETH|short|don20|step10%|stop10%|trail,ETH,short,don20,0.1,0.1,trail,127.97365443911387,-0.21127318095655423,0.11177164537464856,-0.9934697234317565,67,0.31343283582089554,782.7036379523628,-376.2783204904458,7,0,
ETH|short|don20|step10%|stop10%|lastadd,ETH,short,don20,0.1,0.1,lastadd,8.813253613512599,-0.4208541701300039,0.07175136527240904,-0.9952148520682899,42,0.2857142857142857,64.42975101217026,-58.81145861775102,7,0,
ETH|short|don20|step5%|stop5%|trail,ETH,short,don20,0.05,0.05,trail,1211.5577175373246,0.022400814914243616,0.28173294067678617,-0.8615408542838209,99,0.41414141414141414,206.3741460559626,-142.2376253578817,10,0,
ETH|short|don20|step5%|stop5%|lastadd,ETH,short,don20,0.05,0.05,lastadd,104.64956360084003,-0.22938198550989541,0.3538365295340457,-0.9929144204166419,64,0.3125,140.74504412154076,-84.32389360977216,14,0,
ETH|short|don20|step5%|stop10%|trail,ETH,short,don20,0.05,0.1,trail,97.75347066913048,-0.23542243752936587,0.30153581034748117,-0.9983619911392508,72,0.2222222222222222,1556.8592162279447,-460.92846408889255,19,0,
ETH|short|don20|step5%|stop10%|lastadd,ETH,short,don20,0.05,0.1,lastadd,9.706807728810695,-0.4143616923675464,0.27089743741286265,-0.9902931922711893,16,0.125,23.901258521564984,-74.14969352245136,8,0,
ETH|short|don20|step10%|stop5%|trail,ETH,short,don20,0.1,0.05,trail,4968.881768422488,0.2033047324875581,0.503237385977246,-0.8306933548499482,87,0.367816091954023,914.7579224648764,-460.061304553701,1,0,
ETH|short|don20|step10%|stop5%|lastadd,ETH,short,don20,0.1,0.05,lastadd,1246.9148365018618,0.02580150970365458,0.3325099680373731,-0.9397199782863186,76,0.3684210526315789,265.57282041751375,-149.77341948309422,6,0,
ETH|short|don20|step3%|stop3%|trail,ETH,short,don20,0.03,0.03,trail,3802.916908118499,0.16672442978602664,0.4832851058292132,-0.6427217171134227,112,0.41964285714285715,135.07256230730215,-54.54605415884155,14,0,
ETH|short|don20|step3%|stop3%|lastadd,ETH,short,don20,0.03,0.03,lastadd,41.63775993428194,-0.30715743167721166,-0.19142960880088933,-0.9616338953112566,102,0.18627450980392157,11.71591590111084,-14.228489664901494,20,0,
ETH|short|don20|step1%|stop1%|trail,ETH,short,don20,0.01,0.01,trail,2441.580151904244,0.10854282142059435,0.40509141047046054,-0.33492553785189094,116,0.19827586206896552,242.52747160179072,-44.47905048319293,20,0,
ETH|short|don20|step1%|stop1%|lastadd,ETH,short,don20,0.01,0.01,lastadd,135.3056446763133,-0.20618426680700286,-0.2066252598126524,-0.8646943553236867,112,0.1875,5.445942712048368,-10.758891783260465,25,0,
ETH|short|don20|step20%|stop10%|trail,ETH,short,don20,0.2,0.1,trail,1105.8847195401343,0.011686223491579106,0.38032383401457165,-0.9495381161971065,55,0.36363636363636365,1089.733908173122,-619.6798126834943,0,0,
ETH|short|don20|step20%|stop10%|lastadd,ETH,short,don20,0.2,0.1,lastadd,353.25477497092953,-0.11318793716877007,0.288691733182369,-0.9825810458067281,48,0.3541666666666667,645.2274536495441,-374.69715926036514,2,0,
ETH|short|don55|step10%|stop10%|trail,ETH,short,don55,0.1,0.1,trail,164.66146129264897,-0.18798526281479044,-0.1020692669000994,-0.9800945637524451,39,0.28205128205128205,732.1082420196635,-317.44747146155896,4,0,
ETH|short|don55|step10%|stop10%|lastadd,ETH,short,don55,0.1,0.1,lastadd,24.939035796119207,-0.3469643625915654,-0.05766223778967583,-0.990726220942631,33,0.30303030303030304,77.24021157596226,-75.9766556505871,5,0,
ETH|short|don55|step5%|stop5%|trail,ETH,short,don55,0.05,0.05,trail,1462.5855816179665,0.04486814436240327,0.28294255231341675,-0.6986899272095942,56,0.42857142857142855,207.27086038438554,-140.9973458627277,6,0,
ETH|short|don55|step5%|stop5%|lastadd,ETH,short,don55,0.05,0.05,lastadd,293.94185014052664,-0.1318066365568764,0.18279989492387388,-0.9690175063462585,37,0.3783783783783784,70.88558398238969,-73.84592720056212,8,0,
ETH|short|don55|step5%|stop10%|trail,ETH,short,don55,0.05,0.1,trail,232.10182455807623,-0.1551601994378411,0.13295433241543622,-0.9838280193848089,40,0.225,1727.7183358275927,-526.3665547706534,9,0,
ETH|short|don55|step5%|stop10%|lastadd,ETH,short,don55,0.05,0.1,lastadd,9.042005792987622,-0.4191384872792401,-0.10862798029855963,-0.9965966030469722,16,0.0625,41.86813644533635,-68.85507537682325,4,0,
ETH|short|don55|step10%|stop5%|trail,ETH,short,don55,0.1,0.05,trail,1387.9519923306275,0.03856960596128012,0.2772343257935872,-0.7456081284103644,51,0.39215686274509803,276.932705598099,-166.15168127843077,0,0,
ETH|short|don55|step10%|stop5%|lastadd,ETH,short,don55,0.1,0.05,lastadd,1269.8956441417226,0.027966379553398868,0.25640300296445956,-0.7772189231944052,44,0.38636363636363635,273.80124244010176,-162.39723990148175,2,0,
ETH|short|don55|step3%|stop3%|trail,ETH,short,don55,0.03,0.03,trail,6195.203464477514,0.23433872614128948,0.5935944275324059,-0.2983765879516008,60,0.5166666666666667,242.62095390335708,-80.20848643195016,9,0,
ETH|short|don55|step3%|stop3%|lastadd,ETH,short,don55,0.03,0.03,lastadd,285.188032264518,-0.13483144009366055,0.02476754619885465,-0.7765975319651965,54,0.25925925925925924,25.799209401885197,-26.900022484046872,15,0,
ETH|short|don55|step1%|stop1%|trail,ETH,short,don55,0.01,0.01,trail,3419.374371339314,0.15249337355664205,0.5231286396162488,-0.15511049584595082,60,0.26666666666666666,305.0420553298966,-55.938602589523434,14,0,
ETH|short|don55|step1%|stop1%|lastadd,ETH,short,don55,0.01,0.01,lastadd,397.9133813986181,-0.10091684115553357,-0.066136238039006,-0.6590823491804032,58,0.2413793103448276,7.806171740188034,-16.1675687037276,17,0,
ETH|short|don55|step20%|stop10%|trail,ETH,short,don55,0.2,0.1,trail,1267.4404867735573,0.027736756433991427,0.32097500223420244,-0.9120370577977407,31,0.41935483870967744,1468.0054677662167,-1045.3683663437364,0,0,
ETH|short|don55|step20%|stop10%|lastadd,ETH,short,don55,0.2,0.1,lastadd,763.6469142369274,-0.03064868938829257,0.26921526768903337,-0.931933968832003,26,0.38461538461538464,1235.1319841344014,-786.7295579441928,3,0,
ETH|short|ma|step10%|stop10%|trail,ETH,short,ma,0.1,0.1,trail,9.207100810536971,-0.4179239406280343,-0.026728638686957455,-0.9980599342454495,108,0.32407407407407407,220.1707450069793,-119.13382156758543,7,0,
ETH|short|ma|step10%|stop10%|lastadd,ETH,short,ma,0.1,0.1,lastadd,10.003140258056135,-0.41232514821142807,0.026902442309861437,-0.9970801272467061,47,0.2978723404255319,69.20356407414249,-59.3589926296951,7,0,
ETH|short|ma|step5%|stop5%|trail,ETH,short,ma,0.05,0.05,trail,335.06149063031864,-0.11858446979241011,0.38607035615366186,-0.9897908045918357,298,0.33221476510067116,305.3319240987445,-155.24019595550442,30,0,
ETH|short|ma|step5%|stop5%|lastadd,ETH,short,ma,0.05,0.05,lastadd,189.31037944874134,-0.17480324935798408,0.3619861861542574,-0.977430039347871,58,0.27586206896551724,97.77937459280983,-56.55141938181466,8,0,
ETH|short|ma|step5%|stop10%|trail,ETH,short,ma,0.05,0.1,trail,8.612936325434493,-0.42238924864297966,0.18504691926563682,-0.9982350278876353,94,0.19148936170212766,539.6727251648426,-140.8617910084439,22,0,
ETH|short|ma|step5%|stop10%|lastadd,ETH,short,ma,0.05,0.1,lastadd,9.025521533353396,-0.4192608309348277,0.05161871471779248,-0.9975910949985315,21,0.09523809523809523,300.1313717320146,-83.74932747003557,5,0,
ETH|short|ma|step10%|stop5%|trail,ETH,short,ma,0.1,0.05,trail,2588.110043470393,0.11602634150571323,0.5238218183604478,-0.9276135260056352,207,0.3719806763285024,514.5065923416331,-292.52998128334883,0,0,
ETH|short|ma|step10%|stop5%|lastadd,ETH,short,ma,0.1,0.05,lastadd,78.51212317599423,-0.25452643172580847,0.15462710616125,-0.9832113536964574,160,0.36875,78.73463043070764,-55.11713932906688,8,0,
ETH|short|ma|step3%|stop3%|trail,ETH,short,ma,0.03,0.03,trail,693.9217475888337,-0.04130383017279138,0.38660015455691554,-0.9755789440400279,524,0.3320610687022901,229.61118894368906,-115.02407179603732,50,0,
ETH|short|ma|step3%|stop3%|lastadd,ETH,short,ma,0.03,0.03,lastadd,265.55100253405584,-0.14192740465261522,0.35901728255675214,-0.976555084633103,91,0.14285714285714285,118.71951665209193,-29.202598896706913,12,0,
ETH|short|ma|step1%|stop1%|trail,ETH,short,ma,0.01,0.01,trail,3919.640026928095,0.17080329090328306,0.5111105650590512,-0.7804535863621389,889,0.28008998875140606,204.2211474334095,-74.89285263123573,87,0,
ETH|short|ma|step1%|stop1%|lastadd,ETH,short,ma,0.01,0.01,lastadd,936.9879241631057,-0.007485199952426247,0.49912906399565565,-0.9531484716687654,153,0.1437908496732026,125.15644304856178,-21.499647503093538,24,0,
ETH|short|ma|step20%|stop10%|trail,ETH,short,ma,0.2,0.1,trail,183.74263764745132,-0.1776420437850087,0.18994599251670327,-0.9888022427362666,65,0.35384615384615387,483.81463621529474,-284.3808094120078,1,0,
ETH|short|ma|step20%|stop10%|lastadd,ETH,short,ma,0.2,0.1,lastadd,46.7322252991882,-0.2978636899570575,0.053355779388231876,-0.9911177145667787,54,0.35185185185185186,171.78830357290659,-120.49272978817247,2,0,
ETH|short|always|step10%|stop10%|trail,ETH,short,always,0.1,0.1,trail,9.865287979741696,-0.41326580338994756,0.12909917003834612,-0.9975996478439202,141,0.3049645390070922,204.46352994101568,-99.8170050967748,13,0,
ETH|short|always|step10%|stop10%|lastadd,ETH,short,always,0.1,0.1,lastadd,9.211857351529238,-0.4178892347831229,-0.40881987059682473,-0.9901963699050814,33,0.15151515151515152,15.761283072570851,-38.19980564326162,1,0,
ETH|short|always|step5%|stop5%|trail,ETH,short,always,0.05,0.05,trail,9.025960924443925,-0.41925756727821784,0.1923016459539198,-0.9979776610580258,443,0.32505643340857787,131.56780511035655,-66.67805342798295,37,0,
ETH|short|always|step5%|stop5%|lastadd,ETH,short,always,0.05,0.05,lastadd,9.371296878149343,-0.41673496633462914,-0.13551730775178783,-0.9966890812055008,81,0.2222222222222222,32.463197401129996,-24.99946438638398,8,0,
ETH|short|always|step5%|stop10%|trail,ETH,short,always,0.05,0.1,trail,9.737170317524086,-0.414150515890801,0.28612083994359594,-0.9905181489934364,108,0.19444444444444445,119.80806527719923,-40.30151954601907,26,0,
ETH|short|always|step5%|stop10%|lastadd,ETH,short,always,0.05,0.1,lastadd,9.937398735736295,-0.41277230518773256,-0.1870049072742682,-0.9894242195039313,19,0.05263157894736842,36.54541685604275,-57.033778784461475,4,0,
ETH|short|always|step10%|stop5%|trail,ETH,short,always,0.1,0.05,trail,9.743295872879386,-0.4141079823342052,-0.010189608079287312,-0.9975757881021855,322,0.3198757763975155,99.5257321899271,-51.33062611730416,1,0,
ETH|short|always|step10%|stop5%|lastadd,ETH,short,always,0.1,0.05,lastadd,9.220468566653315,-0.41782644382239365,-0.010833569419493103,-0.9928102703071914,226,0.3407079646017699,40.46941573719593,-27.563251967768007,12,0,
ETH|short|always|step3%|stop3%|trail,ETH,short,always,0.03,0.03,trail,9.58270589411961,-0.4152309602354022,0.15144216959850407,-0.9991708141509539,820,0.30853658536585366,147.69768022241053,-67.6506708824969,63,0,
ETH|short|always|step3%|stop3%|lastadd,ETH,short,always,0.03,0.03,lastadd,9.849996515135455,-0.41337086217746166,-0.10197195882233959,-0.9895008404498806,142,0.14788732394366197,11.297459747038474,-10.143774034484897,16,0,
ETH|short|always|step1%|stop1%|trail,ETH,short,always,0.01,0.01,trail,10.892554901418096,-0.4065179348676884,0.018439559103414282,-0.9995528586894523,3074,0.2612231620039037,143.15223989396628,-51.05255661820938,295,0,
ETH|short|always|step1%|stop1%|lastadd,ETH,short,always,0.01,0.01,lastadd,9.864332234304376,-0.41327236554104585,0.14284737580618082,-0.9980901204727735,364,0.14285714285714285,20.130393691928905,-6.528577370980765,62,0,
ETH|short|always|step20%|stop10%|trail,ETH,short,always,0.2,0.1,trail,8.163709684930959,-0.42594999571005276,-0.029210032069108577,-0.9990333753584956,104,0.2980769230769231,371.14743605410945,-171.19735353414328,1,0,
ETH|short|always|step20%|stop10%|lastadd,ETH,short,always,0.2,0.1,lastadd,8.662973070916422,-0.4220028695845134,-0.29756941785859464,-0.996565371859699,56,0.23214285714285715,119.50621898184525,-59.184136597513294,2,0,
ETH|short|random|step10%|stop10%|trail,ETH,short,random,0.1,0.1,trail,9.661702699323808,-0.4146767541142437,-0.1263292883080468,-0.9973522491637876,87,0.3021739130434783,341.43800046081316,-156.25847735702058,4,0,0.03333333333333333
ETH|short|random|step10%|stop10%|lastadd,ETH,short,random,0.1,0.1,lastadd,9.169569549424121,-0.4181983499652959,-0.022688287198358692,-0.9980880642592318,44,0.25290697674418605,107.17226480258725,-65.42608698638328,6,0,0.0
ETH|short|random|step5%|stop5%|trail,ETH,short,random,0.05,0.05,trail,181.73181609213603,-0.17868903894018662,0.047781917883474405,-0.9623917404990749,139,0.3154003506721216,178.7300807610605,-82.52022950945565,12,0,0.16666666666666666
ETH|short|random|step5%|stop5%|lastadd,ETH,short,random,0.05,0.05,lastadd,9.524908747613427,-0.4156392102405875,-0.09881559373032406,-0.9978611414513273,84,0.2579525737420474,53.428405715331934,-32.58266125423822,11,0,0.0
ETH|short|random|step5%|stop10%|trail,ETH,short,random,0.05,0.1,trail,9.066631333906042,-0.41895972164915346,0.007877794335412705,-0.998880817027719,64,0.1876729559748428,887.4462424741465,-214.0546133583773,16,0,0.03333333333333333
ETH|short|random|step5%|stop10%|lastadd,ETH,short,random,0.05,0.1,lastadd,8.25423629033768,-0.4252348253601917,0.043121360139084255,-0.9977784940289373,20,0.054093567251461985,308.093573048033,-75.58718914864212,6,0,0.0
ETH|short|random|step10%|stop5%|trail,ETH,short,random,0.1,0.05,trail,196.23801545616246,-0.17220907147024678,0.006779857647478222,-0.9622820161592394,131,0.326104080239458,140.52093026183877,-84.92570175392915,0,0,0.06666666666666667
ETH|short|random|step10%|stop5%|lastadd,ETH,short,random,0.1,0.05,lastadd,36.54026886143606,-0.3176405198037576,-0.13029738353769654,-0.9926212063975508,117,0.3252047936893204,81.1898735683289,-50.54063259187518,5,0,0.06666666666666667
ETH|short|random|step3%|stop3%|trail,ETH,short,random,0.03,0.03,trail,551.8071053422916,-0.06635561719092214,0.0955793445150771,-0.8428535595284096,150,0.302958705832269,116.03612441509935,-53.42256406703204,12,0,0.4
ETH|short|random|step3%|stop3%|lastadd,ETH,short,random,0.03,0.03,lastadd,49.22035604498864,-0.2943390611317402,0.13414978578880674,-0.9911290540530999,108,0.17286255870536976,91.34617026270217,-27.76783557920933,15,0,0.06666666666666667
ETH|short|random|step1%|stop1%|trail,ETH,short,random,0.01,0.01,trail,540.1501349607146,-0.06872448065853148,-0.25895350066325096,-0.6126606278542408,155,0.2563580077589247,34.10499580447396,-17.271140558391203,14,0,0.13333333333333333
ETH|short|random|step1%|stop1%|lastadd,ETH,short,random,0.01,0.01,lastadd,107.06951404462276,-0.22734770929725878,-0.11151432889480324,-0.931619806316395,142,0.13975328539548723,8.32551953471864,-8.832636451731403,20,0,0.1
ETH|short|random|step20%|stop10%|trail,ETH,short,random,0.2,0.1,trail,9.865776695206414,-0.41326286712707666,-0.20051682953592348,-0.9968764502637084,78,0.296189632255206,316.8335338381585,-136.45638474659708,0,0,0.03333333333333333
ETH|short|random|step20%|stop10%|lastadd,ETH,short,random,0.2,0.1,lastadd,9.306684319723136,-0.4172028187358082,-0.08577671071654187,-0.99829117994874,62,0.28573446327683616,271.362128855279,-137.88451852096898,3,0,0.0
SOL|long|don20|step10%|stop10%|trail,SOL,long,don20,0.1,0.1,trail,982.5715056435547,-0.0031005428509776056,0.5510040076682688,-0.90041119182526,68,0.3382352941176471,309.1514764866241,-158.39805452330666,10,0,
SOL|long|don20|step10%|stop10%|lastadd,SOL,long,don20,0.1,0.1,lastadd,0.0,-1.0,0.1633717526101827,-1.0,18,0.05555555555555555,17.407663960447167,-59.84750964473218,3,1,
SOL|long|don20|step5%|stop5%|trail,SOL,long,don20,0.05,0.05,trail,1727.752561448828,0.10139721044779515,0.4811069593474389,-0.7783485330406453,106,0.330188679245283,204.54018292988758,-90.57963156474982,13,0,
SOL|long|don20|step5%|stop5%|lastadd,SOL,long,don20,0.05,0.05,lastadd,0.0,-1.0,0.3285327413881788,-1.0,26,0.07692307692307693,25.625854988731135,-43.80215458239426,3,1,
SOL|long|don20|step5%|stop10%|trail,SOL,long,don20,0.05,0.1,trail,11.313258761707212,-0.5468679156509478,0.33059455336222987,-0.9971641653892604,74,0.14864864864864866,538.6300367566502,-109.73995469145149,22,0,
SOL|long|don20|step5%|stop10%|lastadd,SOL,long,don20,0.05,0.1,lastadd,0.0,-1.0,1.0689481381429717,-1.0,6,0.0,0.0,-166.66666666666666,3,1,
SOL|long|don20|step10%|stop5%|trail,SOL,long,don20,0.1,0.05,trail,1599.2774953599744,0.08646817738113266,0.44298794485787807,-0.6429574522250996,97,0.4329896907216495,176.56058787769473,-123.93213082733098,1,0,
SOL|long|don20|step10%|stop5%|lastadd,SOL,long,don20,0.1,0.05,lastadd,0.0,-1.0,0.5261595392330177,-1.0,22,0.045454545454545456,449.6943120291188,-69.03306247757709,2,1,
SOL|long|don20|step3%|stop3%|trail,SOL,long,don20,0.03,0.03,trail,1327.7619013002816,0.05134554973115657,0.3336830455204527,-0.7104658110858701,136,0.3382352941176471,209.086004873864,-103.2243813655274,12,0,
SOL|long|don20|step3%|stop3%|lastadd,SOL,long,don20,0.03,0.03,lastadd,1124.3786258395962,0.020921091565171412,0.7140390117006455,-0.9744450823233312,65,0.2,88.52802699621867,-19.740110098293197,14,0,
SOL|long|don20|step1%|stop1%|trail,SOL,long,don20,0.01,0.01,trail,420.6641778403704,-0.1418177601455265,-0.26704187007060015,-0.6146723666659704,145,0.1793103448275862,41.2982521291409,-13.891515777456242,12,0,
SOL|long|don20|step1%|stop1%|lastadd,SOL,long,don20,0.01,0.01,lastadd,4533.392268170979,0.30598272523086956,0.7281005516060106,-0.9278347030715438,61,0.01639344262295082,4328.139918455321,-13.245794171405702,6,0,
SOL|long|don20|step20%|stop10%|trail,SOL,long,don20,0.2,0.1,trail,17466.69764402714,0.6572925413817825,0.9628126794458913,-0.8557796650939968,58,0.39655172413793105,4680.987782937172,-2605.6006103865093,2,0,
SOL|long|don20|step20%|stop10%|lastadd,SOL,long,don20,0.2,0.1,lastadd,0.0,-1.0,1.2878245490988278,-1.0,5,0.0,0.0,-200.0,1,1,
SOL|long|don55|step10%|stop10%|trail,SOL,long,don55,0.1,0.1,trail,2461.922863075583,0.17248382895816916,0.5901006151887573,-0.862876543173235,45,0.4,640.8152002734818,-373.06484229063284,8,0,
SOL|long|don55|step10%|stop10%|lastadd,SOL,long,don55,0.1,0.1,lastadd,0.0,-1.0,-0.004644136842566125,-1.0,15,0.06666666666666667,28.670397747780726,-73.47645698198434,2,1,
SOL|long|don55|step5%|stop5%|trail,SOL,long,don55,0.05,0.05,trail,4069.289966057146,0.28130681067056984,0.6255644176278152,-0.7888936562687134,69,0.36231884057971014,449.402353630483,-185.58565624329384,11,0,
SOL|long|don55|step5%|stop5%|lastadd,SOL,long,don55,0.05,0.05,lastadd,0.0,-1.0,0.505487493307741,-1.0,19,0.10526315789473684,34.80673938230919,-62.91843992733049,3,1,
SOL|long|don55|step5%|stop10%|trail,SOL,long,don55,0.05,0.1,trail,319.9412738800895,-0.18231590675416665,0.4585996268766523,-0.9811757122772162,49,0.1836734693877551,2472.8782768420556,-573.3990804424602,16,0,
SOL|long|don55|step5%|stop10%|lastadd,SOL,long,don55,0.05,0.1,lastadd,0.0,-1.0,1.2627527221816732,-1.0,3,0.0,0.0,-333.3333333333333,2,1,
SOL|long|don55|step10%|stop5%|trail,SOL,long,don55,0.1,0.05,trail,2486.4648007257742,0.1745397466554115,0.5414562825035217,-0.5627971239969716,65,0.4461538461538462,256.42206863926344,-165.2715330503574,1,0,
SOL|long|don55|step10%|stop5%|lastadd,SOL,long,don55,0.1,0.05,lastadd,0.0,-1.0,0.5682878172477445,-1.0,17,0.058823529411764705,552.3431115886506,-97.02144447429066,2,1,
SOL|long|don55|step3%|stop3%|trail,SOL,long,don55,0.03,0.03,trail,4203.263528541469,0.28865843404643043,0.6312008097865561,-0.4302025003770724,82,0.3902439024390244,364.2491011594493,-169.0541541712182,10,0,
SOL|long|don55|step3%|stop3%|lastadd,SOL,long,don55,0.03,0.03,lastadd,2917.090875759327,0.208146015056913,0.7898769174606374,-0.9744450823233309,42,0.23809523809523808,283.29344725240077,-28.620112398896268,11,0,
SOL|long|don55|step1%|stop1%|trail,SOL,long,don55,0.01,0.01,trail,1027.6224254420258,0.004824104647568328,0.14897849301228905,-0.4021638175458504,88,0.19318181818181818,88.52671544977989,-20.807489256397638,8,0,
SOL|long|don55|step1%|stop1%|lastadd,SOL,long,don55,0.01,0.01,lastadd,8447.243268510589,0.4577274497696944,0.7892746187597607,-0.9278347030715437,37,0.02702702702702703,8064.788711984624,-17.154040096500978,4,0,
SOL|long|don55|step20%|stop10%|trail,SOL,long,don55,0.2,0.1,trail,1134.8945331867528,0.022601055992692798,0.4503340866471463,-0.8574611159983316,42,0.3333333333333333,991.7349457207545,-491.0498109608503,0,0,
SOL|long|don55|step20%|stop10%|lastadd,SOL,long,don55,0.2,0.1,lastadd,0.0,-1.0,1.3763720367908536,-1.0,2,0.0,0.0,-500.0,1,1,
SOL|long|ma|step10%|stop10%|trail,SOL,long,ma,0.1,0.1,trail,15.871533443127053,-0.5189464241004775,0.3627002452051268,-0.9854679546140455,125,0.248,93.1747741757245,-41.19730282983332,12,0,
SOL|long|ma|step10%|stop10%|lastadd,SOL,long,ma,0.1,0.1,lastadd,0.0,-1.0,0.8145250559692058,-1.0,7,0.0,0.0,-142.8571428571429,1,1,
SOL|long|ma|step5%|stop5%|trail,SOL,long,ma,0.05,0.05,trail,9.752044708590653,-0.5585980624012379,-0.019036686278075744,-0.9922766169174818,275,0.33090909090909093,28.61015044869745,-19.531367641972157,25,0,
SOL|long|ma|step5%|stop5%|lastadd,SOL,long,ma,0.05,0.05,lastadd,0.0,-1.0,0.7840324114316961,-1.0,19,0.15789473684210525,34.838073213229585,-69.03213872748054,4,1,
SOL|long|ma|step5%|stop10%|trail,SOL,long,ma,0.05,0.1,trail,7.921229160218331,-0.5745143597596409,-0.5304865585764825,-0.9920787708397817,27,0.1111111111111111,60.323587894550776,-48.87706393847642,8,0,
SOL|long|ma|step5%|stop10%|lastadd,SOL,long,ma,0.05,0.1,lastadd,0.0,-1.0,0.38848175515814276,-1.0,7,0.0,0.0,-142.8571428571429,4,1,
SOL|long|ma|step10%|stop5%|trail,SOL,long,ma,0.1,0.05,trail,137.91000913284705,-0.2952493671836568,0.23888920000690433,-0.9664530376564515,250,0.348,129.63119900018563,-74.478554011554,2,0,
SOL|long|ma|step10%|stop5%|lastadd,SOL,long,ma,0.1,0.05,lastadd,0.0,-1.0,0.24641434702633003,-1.0,58,0.08620689655172414,146.46273960868803,-32.68516411402717,2,1,
SOL|long|ma|step3%|stop3%|trail,SOL,long,ma,0.03,0.03,trail,9.758654700375493,-0.5585452351508764,-0.3489710417225524,-0.991926833134836,450,0.29555555555555557,29.226442775670424,-15.38598812133688,29,0,
SOL|long|ma|step3%|stop3%|lastadd,SOL,long,ma,0.03,0.03,lastadd,9.91319293066916,-0.5573184787199341,-0.9539593208854888,-0.9942569203222146,94,0.10638297872340426,7.563050863138417,-12.687110901198988,10,0,
SOL|long|ma|step1%|stop1%|trail,SOL,long,ma,0.01,0.01,trail,160.00390338319446,-0.27650821503406253,-0.24104553024213246,-0.9654124955159363,592,0.23141891891891891,82.3772854344618,-26.64985538711664,63,0,
SOL|long|ma|step1%|stop1%|lastadd,SOL,long,ma,0.01,0.01,lastadd,0.0,-1.0,1.03076419946781,-1.0,26,0.07692307692307693,6.614832682161477,-42.217902723513454,4,1,
SOL|long|ma|step20%|stop10%|trail,SOL,long,ma,0.2,0.1,trail,183.55787544410003,-0.25874497893765247,0.3908193138220141,-0.9695044804215139,90,0.35555555555555557,446.52013351626,-260.432524087521,3,0,
SOL|long|ma|step20%|stop10%|lastadd,SOL,long,ma,0.2,0.1,lastadd,0.0,-1.0,0.8876063619844928,-1.0,11,0.09090909090909091,32.90118948161404,-103.29011894816139,2,1,
SOL|long|always|step10%|stop10%|trail,SOL,long,always,0.1,0.1,trail,9.656890455143962,-0.5593618241335885,-0.20593130295371673,-0.9967975346454803,78,0.28205128205128205,266.9715702416425,-122.56638669394627,5,0,
SOL|long|always|step10%|stop10%|lastadd,SOL,long,always,0.1,0.1,lastadd,0.0,-1.0,1.5346191346431273,-1.0,1,0.0,0.0,-1000.0,1,1,
SOL|long|always|step5%|stop5%|trail,SOL,long,always,0.05,0.05,trail,9.046051974537901,-0.564417963969844,-0.13269463213925664,-0.9983471383953673,266,0.3007518796992481,166.4306360858996,-76.91077868224423,28,0,
SOL|long|always|step5%|stop5%|lastadd,SOL,long,always,0.05,0.05,lastadd,0.0,-1.0,1.4883413012397224,-1.0,1,0.0,0.0,-1000.0,1,1,
SOL|long|always|step5%|stop10%|trail,SOL,long,always,0.05,0.1,trail,8.86237327410463,-0.5659932874854551,0.030985869387039684,-0.9988217414918722,61,0.21311475409836064,1302.5819197797032,-373.43130383045917,20,0,
SOL|long|always|step5%|stop10%|lastadd,SOL,long,always,0.05,0.1,lastadd,0.0,-1.0,1.4883413012397224,-1.0,1,0.0,0.0,-1000.0,1,1,
SOL|long|always|step10%|stop5%|trail,SOL,long,always,0.1,0.05,trail,9.981608469723758,-0.5567804050477414,-0.19119765838425723,-0.9957423606486218,282,0.31560283687943264,95.77522260280007,-49.29540519782117,1,0,
SOL|long|always|step10%|stop5%|lastadd,SOL,long,always,0.1,0.05,lastadd,0.0,-1.0,1.3006532235770965,-1.0,25,0.16,279.5966912555558,-100.87556023915349,1,1,
SOL|long|always|step3%|stop3%|trail,SOL,long,always,0.03,0.03,trail,9.913243317059097,-0.5573180813181067,-0.12185734628379578,-0.9986595655374271,481,0.2972972972972973,217.4701990448787,-94.93587343225029,32,0,
SOL|long|always|step3%|stop3%|lastadd,SOL,long,always,0.03,0.03,lastadd,9.679521000370512,-0.5591796188699214,-1.39690855647052,-0.9910232438874168,106,0.1509433962264151,27.22855182717046,-15.844192313715075,16,0,
SOL|long|always|step1%|stop1%|trail,SOL,long,always,0.01,0.01,trail,9.984266376892233,-0.5567595625234594,-0.3699902471962212,-0.99938260066365,1205,0.22406639004149378,146.96830072017713,-43.498884415049126,112,0,
SOL|long|always|step1%|stop1%|lastadd,SOL,long,always,0.01,0.01,lastadd,0.0,-1.0,1.4370148235189908,-1.0,1,0.0,0.0,-1000.0,1,1,
SOL|long|always|step20%|stop10%|trail,SOL,long,always,0.2,0.1,trail,9.681910528673093,-0.5591604005448654,0.20637640197096613,-0.9988626227716674,144,0.375,508.42044605421444,-316.05580195998783,2,0,
SOL|long|always|step20%|stop10%|lastadd,SOL,long,always,0.2,0.1,lastadd,0.0,-1.0,1.230017526368779,-1.0,14,0.21428571428571427,346.55140244574085,-185.42310975792927,1,1,
SOL|long|random|step10%|stop10%|trail,SOL,long,random,0.1,0.1,trail,30.997572726852177,-0.4587794530339365,0.11990841650840689,-0.9912225183099548,72,0.28718653383716936,165.61168673336186,-76.2913474500545,6,0,0.06666666666666667
SOL|long|random|step10%|stop10%|lastadd,SOL,long,random,0.1,0.1,lastadd,0.0,-1.0,0.5261086785354616,-1.0,8,0.0,0.0,-121.90733887170612,1,26,0.0
SOL|long|random|step5%|stop5%|trail,SOL,long,random,0.05,0.05,trail,123.86988326294109,-0.3084889393710017,-0.14123817771490058,-0.9480381825569817,96,0.2604895104895105,76.37642774595218,-36.62624713286886,7,0,0.26666666666666666
SOL|long|random|step5%|stop5%|lastadd,SOL,long,random,0.05,0.05,lastadd,9.026137409747706,-0.5645877777975545,0.4257600681683289,-0.9938156056744551,40,0.10818713450292397,20.559043809613037,-30.320090812266802,5,13,0.1
SOL|long|random|step5%|stop10%|trail,SOL,long,random,0.05,0.1,trail,9.19464052090039,-0.5631728975742898,0.21940719419683719,-0.9936654464094112,65,0.21194295900178253,309.2289127525886,-91.02220271497995,19,0,0.03333333333333333
SOL|long|random|step5%|stop10%|lastadd,SOL,long,random,0.05,0.1,lastadd,0.0,-1.0,0.6172282307949591,-1.0,6,0.0,0.0,-166.66666666666669,3,27,0.0
SOL|long|random|step10%|stop5%|trail,SOL,long,random,0.1,0.05,trail,197.38186291757637,-0.24978918305428183,-0.11345812421086848,-0.926250435443283,92,0.31009615384615385,92.9790515270018,-59.733677079317545,1,0,0.13333333333333333
SOL|long|random|step10%|stop5%|lastadd,SOL,long,random,0.1,0.05,lastadd,23.037422165364326,-0.4862555639436828,0.3840279837305333,-0.9913684080877512,60,0.13252508361204013,151.33224384963876,-45.26727996651846,2,9,0.2
SOL|long|random|step3%|stop3%|trail,SOL,long,random,0.03,0.03,trail,298.45359359941386,-0.19231990283473077,-0.15863187209122914,-0.841789267315687,102,0.26234876234876237,77.28851610994352,-37.038081499161414,7,0,0.2
SOL|long|random|step3%|stop3%|lastadd,SOL,long,random,0.03,0.03,lastadd,38.42318714605344,-0.448219435737507,0.4243890033915033,-0.9841960494781747,62,0.121415170195658,30.345730462156656,-18.84250328477536,8,4,0.36666666666666664
SOL|long|random|step1%|stop1%|trail,SOL,long,random,0.01,0.01,trail,654.3848098223576,-0.07216405143248883,-0.30323955881431863,-0.511593656757279,104,0.22644554011653967,52.239975040596306,-19.043426892321108,9,0,0.26666666666666666
SOL|long|random|step1%|stop1%|lastadd,SOL,long,random,0.01,0.01,lastadd,119.88490928883479,-0.31259447425527875,0.029071166478793587,-0.9268822375185539,87,0.09307359307359307,3.7357549832029306,-11.096600317970292,9,10,0.06666666666666667
SOL|long|random|step20%|stop10%|trail,SOL,long,random,0.2,0.1,trail,87.23212194089105,-0.35003799593303403,0.15265875408006022,-0.9851325626369389,69,0.33114035087719296,210.58574614692003,-129.79715897516007,1,0,0.06666666666666667
SOL|long|random|step20%|stop10%|lastadd,SOL,long,random,0.2,0.1,lastadd,0.0,-1.0,0.6791025517886782,-1.0,10,0.09005376344086022,157.51924757026273,-125.0,1,19,0.3
SOL|short|don20|step10%|stop10%|trail,SOL,short,don20,0.1,0.1,trail,445.93386477724334,-0.13292997085422187,0.2523780960697725,-0.9532052229434183,51,0.35294117647058826,418.49096627477707,-245.05768267178013,5,0,
SOL|short|don20|step10%|stop10%|lastadd,SOL,short,don20,0.1,0.1,lastadd,8.61925767173368,-0.5681202442080542,-0.6909596891747869,-0.9913807423282663,37,0.2972972972972973,18.681132354717423,-46.03358454731377,4,0,
SOL|short|don20|step5%|stop5%|trail,SOL,short,don20,0.05,0.05,trail,1101.2079089740764,0.017173310834044386,0.3336811786590518,-0.8784592635450841,72,0.3055555555555556,505.47382636219686,-220.38432541988513,6,0,
SOL|short|don20|step5%|stop5%|lastadd,SOL,short,don20,0.05,0.05,lastadd,0.0,-1.0,0.1420213034869775,-1.0,23,0.21739130434782608,17.493998197121847,-60.41499949920051,4,1,
SOL|short|don20|step5%|stop10%|trail,SOL,short,don20,0.05,0.1,trail,292.1208660024204,-0.19534872434028283,0.4144583094833335,-0.9637873872951889,53,0.2641509433962264,621.312823266984,-241.1861194803938,17,0,
SOL|short|don20|step5%|stop10%|lastadd,SOL,short,don20,0.05,0.1,lastadd,0.0,-1.0,0.0032996085784126133,-1.0,10,0.0,0.0,-100.0,4,1,
SOL|short|don20|step10%|stop5%|trail,SOL,short,don20,0.1,0.05,trail,498.2643541378127,-0.11576973303314131,0.04890104972966984,-0.876063401227041,68,0.35294117647058826,218.1043116760146,-130.36907104742133,2,0,
SOL|short|don20|step10%|stop5%|lastadd,SOL,short,don20,0.1,0.05,lastadd,286.0222877940709,-0.1983415250812096,-0.053363216965015656,-0.8654979247173702,62,0.3225806451612903,133.5686636344514,-80.60359487845136,5,0,
SOL|short|don20|step3%|stop3%|trail,SOL,short,don20,0.03,0.03,trail,351.6775977284709,-0.1685423896778161,-0.31241332831478175,-0.7504082870236382,82,0.35365853658536583,70.3105834414067,-50.704326831553274,7,0,
SOL|short|don20|step3%|stop3%|lastadd,SOL,short,don20,0.03,0.03,lastadd,0.0,-1.0,0.16680216329124253,-1.0,24,0.16666666666666666,18.825724494275107,-53.76514489885502,6,1,
SOL|short|don20|step1%|stop1%|trail,SOL,short,don20,0.01,0.01,trail,1294.3674593699877,0.046626200109357585,0.27154434096077473,-0.37330062838832434,84,0.17857142857142858,141.16401301503245,-26.421633852978246,10,0,
SOL|short|don20|step1%|stop1%|lastadd,SOL,short,don20,0.01,0.01,lastadd,0.0,-1.0,0.22001051749585313,-1.0,27,0.14814814814814814,8.586749216928325,-44.97160855946579,5,1,
SOL|short|don20|step20%|stop10%|trail,SOL,short,don20,0.2,0.1,trail,102.4663742083331,-0.3312728465828878,-0.06604501134325061,-0.9621121285734212,45,0.3333333333333333,270.8908383346915,-165.36320669373467,0,0,
SOL|short|don20|step20%|stop10%|lastadd,SOL,short,don20,0.2,0.1,lastadd,27.370184735095993,-0.4703461745430767,-0.22937700845053496,-0.9834951462070914,42,0.35714285714285715,111.35410696450737,-97.8867192493524,1,0,
SOL|short|don55|step10%|stop10%|trail,SOL,short,don55,0.1,0.1,trail,785.2649246855308,-0.041796463844669174,0.2315606692249403,-0.8686255678005349,26,0.34615384615384615,391.3354224560237,-219.80905161286364,4,0,
SOL|short|don55|step10%|stop10%|lastadd,SOL,short,don55,0.1,0.1,lastadd,43.88774508079968,-0.42428072080420465,-0.5743832991470069,-0.9630100326588772,25,0.28,63.4019991658547,-77.77368050445462,4,0,
SOL|short|don55|step5%|stop5%|trail,SOL,short,don55,0.05,0.05,trail,3986.8259653100235,0.2766820237933172,0.5416525765664291,-0.5707028336435065,36,0.3888888888888889,703.1443045355744,-311.69064991763713,5,0,
SOL|short|don55|step5%|stop5%|lastadd,SOL,short,don55,0.05,0.05,lastadd,0.0,-1.0,0.20465427743699693,-1.0,12,0.25,73.71564434645427,-135.6829925599292,4,1,
SOL|short|don55|step5%|stop10%|trail,SOL,short,don55,0.05,0.1,trail,666.2994647258652,-0.06919970031835021,0.3539958740294427,-0.9384506641410273,28,0.2857142857142857,952.2831162230009,-397.5982732529072,9,0,
SOL|short|don55|step5%|stop10%|lastadd,SOL,short,don55,0.05,0.1,lastadd,0.0,-1.0,0.2311509039994978,-1.0,7,0.0,0.0,-142.85714285714283,5,1,
SOL|short|don55|step10%|stop5%|trail,SOL,short,don55,0.1,0.05,trail,2258.525777189789,0.15476218406457054,0.500693724759994,-0.482794067953486,34,0.47058823529411764,306.88993432839163,-202.8729540035821,2,0,
SOL|short|don55|step10%|stop5%|lastadd,SOL,short,don55,0.1,0.05,lastadd,1855.2207563358957,0.11533160558923305,0.4270605802516823,-0.5293884088674656,29,0.4827586206896552,259.1792319725575,-184.8858994186606,4,0,
SOL|short|don55|step3%|stop3%|trail,SOL,short,don55,0.03,0.03,trail,1176.456035867156,0.02911776466077276,0.23140717554636914,-0.42153119253325555,41,0.4878048780487805,97.24204964005246,-84.20880747304253,3,0,
SOL|short|don55|step3%|stop3%|lastadd,SOL,short,don55,0.03,0.03,lastadd,0.0,-1.0,0.2789661537868336,-1.0,11,0.18181818181818182,23.35046177002033,-116.30010261556006,4,1,
SOL|short|don55|step1%|stop1%|trail,SOL,short,don55,0.01,0.01,trail,1580.7724446319473,0.0842371666743098,0.3904522596969544,-0.3642550997796742,42,0.19047619047619047,203.52592487972845,-30.806910423702355,7,0,
SOL|short|don55|step1%|stop1%|lastadd,SOL,short,don55,0.01,0.01,lastadd,0.0,-1.0,0.2587581988148162,-1.0,13,0.15384615384615385,9.408267222139841,-92.61968494947997,3,1,
SOL|short|don55|step20%|stop10%|trail,SOL,short,don55,0.2,0.1,trail,172.59631251082538,-0.26676267418696453,-0.25219814141906993,-0.8937023106608933,25,0.32,199.58464729542214,-142.59299210897362,0,0,
SOL|short|don55|step20%|stop10%|lastadd,SOL,short,don55,0.2,0.1,lastadd,246.0830214765165,-0.21935624779790652,-0.05023728218507413,-0.8951932267170778,22,0.36363636363636365,224.75546278445486,-182.28290577136588,1,0,
SOL|short|ma|step10%|stop10%|trail,SOL,short,ma,0.1,0.1,trail,9.06452926585682,-0.5642609551768287,-0.23614565078172206,-0.994072805005045,80,0.325,111.33702269882481,-71.95737149821458,5,0,
SOL|short|ma|step10%|stop10%|lastadd,SOL,short,ma,0.1,0.1,lastadd,22.495166297890517,-0.4883816374115235,0.040577138399574574,-0.9962120759197146,24,0.20833333333333334,63.62237809291315,-68.19035390350922,4,0,
SOL|short|ma|step5%|stop5%|trail,SOL,short,ma,0.05,0.05,trail,33.86662654940971,-0.45004338072863703,0.0501802596154717,-0.9927763560377422,250,0.304,180.78099528439353,-84.51430468427871,20,0,
SOL|short|ma|step5%|stop5%|lastadd,SOL,short,ma,0.05,0.05,lastadd,9.932341870894614,-0.5571675690164593,-0.2892389281555589,-0.9945252344150981,56,0.19642857142857142,21.968098979941967,-27.371483264632595,7,0,
SOL|short|ma|step5%|stop10%|trail,SOL,short,ma,0.05,0.1,trail,9.282382821961868,-0.5624293603192445,0.21169848128426225,-0.9954588444010211,79,0.21518987341772153,202.1716387087988,-71.41347540689704,23,0,
SOL|short|ma|step5%|stop10%|lastadd,SOL,short,ma,0.05,0.1,lastadd,0.0,-1.0,0.2964921089094696,-1.0,5,0.0,0.0,-200.0,4,1,
SOL|short|ma|step10%|stop5%|trail,SOL,short,ma,0.1,0.05,trail,76.50264846180099,-0.36491036546512845,-0.029130327339108107,-0.9824025528511964,178,0.3258426966292135,222.64088740539614,-115.30557350875979,2,0,
SOL|short|ma|step10%|stop5%|lastadd,SOL,short,ma,0.1,0.05,lastadd,9.390082715691209,-0.5615369208137188,-0.4104004673126163,-0.9935451004189589,124,0.27419354838709675,88.27965450200765,-44.35686855947297,4,0,
SOL|short|ma|step3%|stop3%|trail,SOL,short,ma,0.03,0.03,trail,36.91690365536192,-0.4416025353942937,-0.2115778029654581,-0.9899325835525612,403,0.32754342431761785,85.76582897876423,-45.32904989498715,32,0,
SOL|short|ma|step3%|stop3%|lastadd,SOL,short,ma,0.03,0.03,lastadd,12.662792923069762,-0.5377585275265653,-0.010168499122953199,-0.9976053025289039,97,0.13402061855670103,17.388862654223217,-14.44514787597419,15,0,
SOL|short|ma|step1%|stop1%|trail,SOL,short,ma,0.01,0.01,trail,263.7251394431822,-0.20975123076356084,-0.052467207152212675,-0.8521174581859444,580,0.24655172413793103,43.92442191792605,-16.058277333684764,52,0,
SOL|short|ma|step1%|stop1%|lastadd,SOL,short,ma,0.01,0.01,lastadd,0.0,-1.0,-0.006776311637405145,-1.0,166,0.13855421686746988,4.477541496465875,-7.713171009921085,31,1,
SOL|short|ma|step20%|stop10%|trail,SOL,short,ma,0.2,0.1,trail,25.701731356110002,-0.476197365324323,-0.19626947914335457,-0.9884946397073032,68,0.3235294117647059,208.7738934886588,-121.0287809868344,0,0,
SOL|short|ma|step20%|stop10%|lastadd,SOL,short,ma,0.2,0.1,lastadd,9.371974903230221,-0.5616863771543316,-0.211344961792453,-0.9945508224770253,47,0.3191489361702128,127.15241863854227,-90.55982202109074,1,0,
SOL|short|always|step10%|stop10%|trail,SOL,short,always,0.1,0.1,trail,9.950602843237302,-0.5570238802321217,-1.2723784340948296,-0.9878933487736082,31,0.16129032258064516,29.571222754042054,-43.76559657411435,1,0,
SOL|short|always|step10%|stop10%|lastadd,SOL,short,always,0.1,0.1,lastadd,9.388043901031168,-0.5615537367043266,-0.8867510092380851,-0.9885778002601034,25,0.08,15.207511875094113,-44.39247738474596,1,0,
SOL|short|always|step5%|stop5%|trail,SOL,short,always,0.05,0.05,trail,9.368254562085122,-0.5617171131505319,-1.9116082810779678,-0.9895285257851647,84,0.20238095238095238,12.46332310119597,-17.947884151615618,2,0,
SOL|short|always|step5%|stop5%|lastadd,SOL,short,always,0.05,0.05,lastadd,9.482271944089836,-0.5607796782584076,-0.6389476942129043,-0.9894010815459211,65,0.2,5.055870601075909,-20.312385497498017,7,0,
SOL|short|always|step5%|stop10%|trail,SOL,short,always,0.05,0.1,trail,8.274537948481582,-0.5712224261402421,-0.9115319120202464,-0.9895052723818685,28,0.07142857142857142,20.17482130441556,-39.69519633309036,4,0,
SOL|short|always|step5%|stop10%|lastadd,SOL,short,always,0.05,0.1,lastadd,7.273619848527016,-0.5808759748914611,-1.4498456109196614,-0.9907747526709774,15,0.0,0.0,-66.18175867676486,3,0,
SOL|short|always|step10%|stop5%|trail,SOL,short,always,0.1,0.05,trail,9.526582327246537,-0.560417867665729,-0.8104327759932496,-0.9893515531058472,136,0.27205882352941174,34.34938727361101,-22.842431785821823,0,0,
SOL|short|always|step10%|stop5%|lastadd,SOL,short,always,0.1,0.05,lastadd,9.272138653347731,-0.562514690470322,-1.0828569143152367,-0.9896359604469055,75,0.26666666666666666,10.204820814168098,-21.72407777509117,1,0,
SOL|short|always|step3%|stop3%|trail,SOL,short,always,0.03,0.03,trail,9.976458448184976,-0.5568208030069147,-1.1366436413280099,-0.9895192413406734,251,0.30677290836653387,29.687341435174716,-18.827292138277404,16,0,
SOL|short|always|step3%|stop3%|lastadd,SOL,short,always,0.03,0.03,lastadd,9.46453199551905,-0.5609249217954919,-1.4378521510978621,-0.9899952907473001,118,0.17796610169491525,11.520514921968969,-12.705837952225043,15,0,
SOL|short|always|step1%|stop1%|trail,SOL,short,always,0.01,0.01,trail,9.10174642663981,-0.5639455046454076,-0.27617804215639263,-0.9992805714765366,1589,0.23536815607300188,173.94188725233195,-54.35815974151894,156,0,
SOL|short|always|step1%|stop1%|lastadd,SOL,short,always,0.01,0.01,lastadd,9.85167152005285,-0.5578049488628576,-0.41185576706637733,-0.9917476150892595,283,0.17667844522968199,4.179004757800965,-5.146345778411998,62,0,
SOL|short|always|step20%|stop10%|trail,SOL,short,always,0.2,0.1,trail,8.198871942871547,-0.5719175622165141,-1.0447102905239047,-0.9900246362330042,34,0.17647058823529413,34.84370265590247,-42.88797657116226,0,0,
SOL|short|always|step20%|stop10%|lastadd,SOL,short,always,0.2,0.1,lastadd,9.192051228079428,-0.5631844783649711,-1.0746742186402491,-0.9888162596752501,29,0.1724137931034483,3.3679290938829665,-41.98531642672231,0,0,
SOL|short|random|step10%|stop10%|trail,SOL,short,random,0.1,0.1,trail,23.507835422745693,-0.4875690673871317,-0.18191831523986193,-0.9875184098280971,73,0.29494614747307374,62.525897634631505,-45.14491095339577,4,0,0.06666666666666667
SOL|short|random|step10%|stop10%|lastadd,SOL,short,random,0.1,0.1,lastadd,9.05447660710481,-0.564346395124746,-0.3118271022442436,-0.9914727828690251,35,0.25,13.040405740651575,-42.70299248816217,4,0,0.0
SOL|short|random|step5%|stop5%|trail,SOL,short,random,0.05,0.05,trail,134.60016592417958,-0.29827828094830866,-0.233362607371702,-0.9209679169080325,97,0.3091848966137249,53.54257647550561,-36.85139185687299,7,0,0.03333333333333333
SOL|short|random|step5%|stop5%|lastadd,SOL,short,random,0.05,0.05,lastadd,9.456210717182836,-0.5609934581132772,-0.3292260400500933,-0.9907935702133872,60,0.2204861111111111,13.817238411737318,-24.332558702183757,7,4,0.0
SOL|short|random|step5%|stop10%|trail,SOL,short,random,0.05,0.1,trail,9.456793312586868,-0.5609883521246181,-0.15184980437612583,-0.9910994121505983,52,0.1751918158567775,88.33595361181288,-45.55299078284371,13,0,0.0
SOL|short|random|step5%|stop10%|lastadd,SOL,short,random,0.05,0.1,lastadd,8.403686297981677,-0.5700479532032126,-0.4949958469813305,-0.9921905780421363,15,0.0,0.0,-66.16241504442553,4,0,0.0
SOL|short|random|step10%|stop5%|trail,SOL,short,random,0.1,0.05,trail,241.39906780662915,-0.22209991118672678,-0.12214161769039675,-0.8819824793809077,91,0.3316151202749141,74.71631724450688,-54.23858209269271,0,0,0.03333333333333333
SOL|short|random|step10%|stop5%|lastadd,SOL,short,random,0.1,0.05,lastadd,71.8089049962739,-0.37197423637743393,-0.17279756559832626,-0.9623567175869858,83,0.31380871533672894,34.98161985375047,-31.933438904315572,4,0,0.03333333333333333
SOL|short|random|step3%|stop3%|trail,SOL,short,random,0.03,0.03,trail,241.57659412116868,-0.22190661013403756,-0.49695945758023335,-0.8147521377843948,101,0.3110294117647059,40.989090912305,-28.760391394725993,6,0,0.06666666666666667
SOL|short|random|step3%|stop3%|lastadd,SOL,short,random,0.03,0.03,lastadd,29.290970591897235,-0.46409870887980603,-0.10976870358183052,-0.9848128304719939,83,0.14475292474244805,17.17942862325024,-15.87059976302894,10,6,0.0
SOL|short|random|step1%|stop1%|trail,SOL,short,random,0.01,0.01,trail,664.1116376571958,-0.06974586939885691,-0.1800436822776011,-0.5316181889221927,104,0.23724358313575922,50.253684707714676,-19.28510631641358,9,0,0.26666666666666666
SOL|short|random|step1%|stop1%|lastadd,SOL,short,random,0.01,0.01,lastadd,192.3965132159858,-0.2526529164549968,0.028790346042335237,-0.8862927889215924,92,0.10959132610508757,8.378486285535296,-10.820855693555643,13,2,0.06666666666666667
SOL|short|random|step20%|stop10%|trail,SOL,short,random,0.2,0.1,trail,27.479870216988854,-0.4712450574820564,-0.19478158337833623,-0.987883359916026,64,0.30981717011128773,60.88330170401837,-46.57393691134153,0,0,0.0
SOL|short|random|step20%|stop10%|lastadd,SOL,short,random,0.2,0.1,lastadd,9.187866148604437,-0.5632206956702959,-0.5577546414315311,-0.9915724600219482,42,0.28888888888888886,18.643910670782063,-41.74754333612448,0,2,0.0
