config,n,m,risk,k,filter,BTC_train_final,BTC_train_cagr,BTC_train_dd,BTC_train_sharpe,BTC_train_trades,BTC_train_by_year,BTC_test_final,BTC_test_cagr,BTC_test_dd,BTC_test_sharpe,BTC_test_trades,BTC_test_by_year,ETH_train_final,ETH_train_cagr,ETH_train_dd,ETH_train_sharpe,ETH_train_trades,ETH_train_by_year,ETH_test_final,ETH_test_cagr,ETH_test_dd,ETH_test_sharpe,ETH_test_trades,ETH_test_by_year,SOL_train_final,SOL_train_cagr,SOL_train_dd,SOL_train_sharpe,SOL_train_trades,SOL_train_by_year,SOL_test_final,SOL_test_cagr,SOL_test_dd,SOL_test_sharpe,SOL_test_trades,SOL_test_by_year,train_score
N20_m2_r2%_k0.5_nofilt,20,2.0,0.02,0.5,False,17601.14045623439,0.6133638430806436,-0.3081522743882438,1.3294977035901623,33,"{""2018"": -0.089, ""2019"": 1.403, ""2020"": 2.443, ""2021"": 0.207, ""2022"": -0.193, ""2023"": 1.369}",1924.2257160071617,0.2785142100784903,-0.27572818787739684,0.9601873144700296,21,"{""2024"": 0.76, ""2025"": -0.034, ""2026"": 0.132}",5993.688124718046,0.3480452425498626,-0.33110122200443604,0.9180306171630083,34,"{""2018"": -0.067, ""2019"": -0.074, ""2020"": 1.194, ""2021"": 0.992, ""2022"": 0.015, ""2023"": 0.577}",1388.5475137368737,0.13113703805061028,-0.31964590129291626,0.582750513350402,20,"{""2024"": 0.322, ""2025"": 0.131, ""2026"": -0.071}",13019.032932147451,1.3557030704388326,-0.3956831739542195,1.8913966486931433,21,"{""2021"": 2.654, ""2022"": -0.093, ""2023"": 2.929}",950.955296213982,-0.018700402201274002,-0.2930121426677035,0.06069734123238666,19,"{""2024"": -0.082, ""2025"": -0.013, ""2026"": 0.05}",1.1237641603765853
N20_m2_r1%_k0.5_nofilt,20,2.0,0.01,0.5,False,5325.322978297059,0.3217233881220345,-0.18800719779913277,1.2549578958742462,33,"{""2018"": -0.045, ""2019"": 0.75, ""2020"": 0.965, ""2021"": 0.104, ""2022"": -0.101, ""2023"": 0.622}",1453.7775658793125,0.1507987028692117,-0.15823955801477396,0.9277743753644095,21,"{""2024"": 0.38, ""2025"": -0.016, ""2026"": 0.07}",2681.6863719810844,0.17882743815769175,-0.1859410879858744,0.8229762576455224,34,"{""2018"": -0.032, ""2019"": -0.034, ""2020"": 0.533, ""2021"": 0.462, ""2022"": 0.009, ""2023"": 0.274}",1203.905743373957,0.0721443053484161,-0.17560266426792737,0.5451184021892076,20,"{""2024"": 0.167, ""2025"": 0.068, ""2026"": -0.034}",4724.660485056722,0.6793831212320955,-0.2731789012676543,1.7889745513448876,21,"{""2021"": 1.134, ""2022"": -0.047, ""2023"": 1.324}",986.8837307171285,-0.004943969377325663,-0.16060932508580283,0.03285821835623478,19,"{""2024"": -0.039, ""2025"": -0.006, ""2026"": 0.033}",1.0389670767598842
N20_m3_r2%_k0.5_nofilt,20,3.0,0.02,0.5,False,7304.792602827584,0.3932634161718136,-0.2564387676768869,1.2136269317636137,33,"{""2018"": -0.06, ""2019"": 0.907, ""2020"": 1.394, ""2021"": 0.119, ""2022"": -0.168, ""2023"": 0.812}",1435.4907953233467,0.14534325719591124,-0.26208129304350125,0.7224311261574725,20,"{""2024"": 0.439, ""2025"": -0.075, ""2026"": 0.079}",2993.6323280136694,0.2006620132572503,-0.3202189459861058,0.7563972989650125,34,"{""2018"": -0.092, ""2019"": -0.126, ""2020"": 0.713, ""2021"": 0.631, ""2022"": -0.001, ""2023"": 0.358}",1212.1442979378003,0.07489260091568095,-0.2534538711602671,0.4660546918375062,19,"{""2024"": 0.216, ""2025"": 0.065, ""2026"": -0.064}",7810.518540915486,0.9862592970958874,-0.28589187779318703,1.905255720280258,18,"{""2021"": 2.194, ""2022"": -0.101, ""2023"": 1.719}",867.162889244295,-0.05209699506322174,-0.2804086797529678,-0.18334770581791363,19,"{""2024"": -0.098, ""2025"": -0.049, ""2026"": 0.011}",0.9850121153643131
N20_m3_r2%_k1_nofilt,20,3.0,0.02,1.0,False,6751.120302261519,0.3750673983312698,-0.2503986342043779,1.1954269270637348,33,"{""2018"": -0.065, ""2019"": 0.944, ""2020"": 1.203, ""2021"": 0.08, ""2022"": -0.116, ""2023"": 0.751}",1255.2827430118107,0.08909594233763318,-0.25042811207466564,0.5341648536618531,21,"{""2024"": 0.252, ""2025"": -0.061, ""2026"": 0.067}",2511.586723319263,0.16601378803779188,-0.24943854523240294,0.6730589353241669,34,"{""2018"": -0.07, ""2019"": -0.096, ""2020"": 0.608, ""2021"": 0.507, ""2022"": -0.041, ""2023"": 0.289}",1204.4767322108519,0.07233515942571667,-0.20388294878541402,0.4694816336748955,19,"{""2024"": 0.202, ""2025"": 0.026, ""2026"": -0.023}",6428.41328132679,0.8612247546266452,-0.342204567191696,1.7622566922778713,19,"{""2021"": 1.682, ""2022"": -0.086, ""2023"": 1.624}",929.27712308637,-0.027158272674069117,-0.21156486685467957,-0.07839501011314813,18,"{""2024"": -0.113, ""2025"": -0.008, ""2026"": 0.056}",0.9342429311939509
N20_m3_r1%_k0.5_nofilt,20,3.0,0.01,0.5,False,3088.1060270583803,0.20689994667258804,-0.14796310701879256,1.15243883930939,33,"{""2018"": -0.03, ""2019"": 0.485, ""2020"": 0.593, ""2021"": 0.06, ""2022"": -0.087, ""2023"": 0.384}",1227.8675322218824,0.08010550092028823,-0.14421554362399425,0.708898782752707,20,"{""2024"": 0.224, ""2025"": -0.037, ""2026"": 0.042}",1813.2785938105862,0.10435048825548687,-0.17492770566273053,0.6917521847493019,34,"{""2018"": -0.046, ""2019"": -0.062, ""2020"": 0.331, ""2021"": 0.3, ""2022"": 0.0, ""2023"": 0.173}",1112.887857184457,0.04096752024103001,-0.1357810080555969,0.4417521308340501,19,"{""2024"": 0.111, ""2025"": 0.034, ""2026"": -0.031}",3268.738324434241,0.48502691520290897,-0.19169313782964859,1.7970242400090024,18,"{""2021"": 0.898, ""2022"": -0.051, ""2023"": 0.816}",937.7125754397294,-0.023852630903297922,-0.14861241491786248,-0.19629744048678144,19,"{""2024"": -0.048, ""2025"": -0.024, ""2026"": 0.01}",0.9220955120293459
N20_m3_r1%_k1_nofilt,20,3.0,0.01,1.0,False,2941.553620247693,0.19715289122809265,-0.1473556671816726,1.1291762968560242,33,"{""2018"": -0.033, ""2019"": 0.496, ""2020"": 0.524, ""2021"": 0.041, ""2022"": -0.06, ""2023"": 0.357}",1139.0230878478392,0.05007782095031965,-0.14188867327280874,0.5196730462131595,21,"{""2024"": 0.135, ""2025"": -0.03, ""2026"": 0.035}",1648.8997277937024,0.08698571055369841,-0.13438372109351038,0.6103069175428651,34,"{""2018"": -0.035, ""2019"": -0.048, ""2020"": 0.287, ""2021"": 0.248, ""2022"": -0.02, ""2023"": 0.142}",1106.241054809508,0.03862928675000954,-0.11743936886229744,0.4385941578648245,19,"{""2024"": 0.103, ""2025"": 0.015, ""2026"": -0.011}",2945.88857306964,0.434351626169053,-0.22417345151658252,1.6676351249930885,19,"{""2021"": 0.733, ""2022"": -0.044, ""2023"": 0.778}",968.275006178403,-0.01202916479218441,-0.11197047491519274,-0.09585847238516843,18,"{""2024"": -0.057, ""2025"": -0.004, ""2026"": 0.031}",0.8697416071994446
N20_m2_r2%_k1_nofilt,20,2.0,0.02,1.0,False,6802.004620632684,0.37679053062658396,-0.4129114965443219,1.0121180827536724,41,"{""2018"": -0.069, ""2019"": 1.453, ""2020"": 0.851, ""2021"": -0.168, ""2022"": -0.135, ""2023"": 1.23}",1585.2042873635771,0.18880077185497157,-0.25231364793052524,0.773032058224333,22,"{""2024"": 0.48, ""2025"": -0.037, ""2026"": 0.113}",3060.731621515767,0.20510901306366458,-0.29685500047857705,0.6829022724110403,39,"{""2018"": -0.063, ""2019"": -0.014, ""2020"": 1.034, ""2021"": 0.854, ""2022"": -0.13, ""2023"": 0.014}",1094.9296080141185,0.034629851242687915,-0.36116388531556154,0.2669518024083966,21,"{""2024"": 0.122, ""2025"": -0.003, ""2026"": -0.021}",10358.844302102825,1.1826217438705364,-0.3758285858059295,1.8060419028067727,21,"{""2021"": 2.018, ""2022"": -0.091, ""2023"": 2.776}",781.2366239700406,-0.0885094912674762,-0.28763892254926493,-0.3273890347374797,20,"{""2024"": -0.061, ""2025"": -0.044, ""2026"": -0.13}",0.8475101775823564
N20_m2_r2%_k0.5_ma200,20,2.0,0.02,0.5,True,4809.777536087058,0.2994673332329545,-0.3816556692667491,0.936132439543551,24,"{""2018"": 0.0, ""2019"": 0.195, ""2020"": 1.522, ""2021"": -0.056, ""2022"": 0.0, ""2023"": 0.67}",2058.802886145888,0.3113735117029748,-0.2701033872993882,1.0816685294371988,16,"{""2024"": 0.74, ""2025"": -0.034, ""2026"": 0.225}",3417.255540440436,0.22745948108628777,-0.26369908748345394,0.7364230621572097,24,"{""2018"": -0.094, ""2019"": -0.051, ""2020"": 0.645, ""2021"": 0.992, ""2022"": 0.0, ""2023"": 0.224}",1623.349214294078,0.1994594687758331,-0.24910222678873817,0.8631361037598303,11,"{""2024"": 0.348, ""2025"": 0.092, ""2026"": 0.103}",5640.909165921895,0.7817646162282412,-0.3991893492416917,1.6350503958585334,14,"{""2021"": 0.971, ""2022"": 0.0, ""2023"": 1.862}",1027.8851188730832,0.010377858532257589,-0.2442233852179243,0.16393127576676403,14,"{""2024"": -0.076, ""2025"": -0.118, ""2026"": 0.261}",0.8362777508503803
N55_m2_r2%_k0.5_ma200,55,2.0,0.02,0.5,True,5791.188703726614,0.34034014869112084,-0.4711257347244505,0.8930304115866854,16,"{""2018"": 0.0, ""2019"": 0.504, ""2020"": 1.198, ""2021"": 0.37, ""2022"": 0.0, ""2023"": 0.258}",1806.0764808728868,0.248461054254838,-0.2675337901191498,0.8121030642832967,8,"{""2024"": 0.612, ""2025"": -0.097, ""2026"": 0.225}",4662.390855373098,0.29273975572631605,-0.6159699415836482,0.779093217296405,14,"{""2018"": -0.046, ""2019"": 0.18, ""2020"": 0.874, ""2021"": 0.938, ""2022"": 0.0, ""2023"": 0.153}",1391.893671557565,0.1321595107790945,-0.37735661292475586,0.528404293092807,7,"{""2024"": -0.032, ""2025"": 0.304, ""2026"": 0.103}",5867.219559824271,0.8053185740023387,-0.3017614372083992,1.5532187973332832,8,"{""2021"": 1.012, ""2022"": 0.0, ""2023"": 1.916}",943.9755088561915,-0.0214103407319558,-0.3311752508369591,0.02275385331708737,10,"{""2024"": -0.11, ""2025"": -0.159, ""2026"": 0.261}",0.8360618144415453
N55_m2_r2%_k0.5_nofilt,55,2.0,0.02,0.5,False,5855.647299175379,0.3428168257397626,-0.49671241204576144,0.8874475133157445,21,"{""2018"": -0.021, ""2019"": 0.45, ""2020"": 1.092, ""2021"": 0.389, ""2022"": -0.037, ""2023"": 0.45}",1632.605076514921,0.20202215975335802,-0.29487285244179784,0.6982517986668803,10,"{""2024"": 0.612, ""2025"": -0.097, ""2026"": 0.107}",4699.833953338708,0.2944654821605295,-0.6437169708812811,0.7737068211463536,17,"{""2018"": -0.095, ""2019"": 0.18, ""2020"": 0.874, ""2021"": 0.938, ""2022"": -0.096, ""2023"": 0.356}",1474.2084854771008,0.15684334780365372,-0.375427828525123,0.5747025448684309,8,"{""2024"": -0.01, ""2025"": 0.376, ""2026"": 0.083}",19161.863806583715,1.6801744341483853,-0.4060954871858312,1.8743117655813457,7,"{""2021"": 5.416, ""2022"": -0.046, ""2023"": 2.13}",894.3818926274608,-0.04103569726716305,-0.3663132789140434,-0.0509235932118103,11,"{""2024"": -0.11, ""2025"": -0.186, ""2026"": 0.236}",0.830577167231049
N20_m3_r2%_k0.5_ma200,20,3.0,0.02,0.5,True,3976.8292941747795,0.25890009166089545,-0.289164210011028,1.0013851482602034,21,"{""2018"": 0.0, ""2019"": 0.549, ""2020"": 0.931, ""2021"": -0.055, ""2022"": 0.0, ""2023"": 0.394}",1519.0037847101198,0.16991563453609926,-0.203955658386894,0.8453764440083178,16,"{""2024"": 0.428, ""2025"": -0.075, ""2026"": 0.15}",2275.45503516553,0.14697020820805595,-0.21085747513054187,0.6454979885522417,23,"{""2018"": -0.01, ""2019"": -0.111, ""2020"": 0.396, ""2021"": 0.631, ""2022"": 0.0, ""2023"": 0.143}",1393.2613878781094,0.13257699661493394,-0.1767698244351954,0.8066352518630684,11,"{""2024"": 0.239, ""2025"": 0.052, ""2026"": 0.069}",4520.989463436474,0.6548572728898194,-0.28707366093101894,1.7306160807648543,11,"{""2021"": 1.068, ""2022"": 0.0, ""2023"": 1.186}",927.657550539323,-0.027795084734890563,-0.2401661010200925,-0.06897769394503257,14,"{""2024"": -0.1, ""2025"": -0.122, ""2026"": 0.174}",0.8234415684062226
N55_m3_r2%_k0.5_ma200,55,3.0,0.02,0.5,True,5420.587795931302,0.32563773824243736,-0.44935668067710854,0.9468539100641818,13,"{""2018"": 0.0, ""2019"": 0.918, ""2020"": 0.792, ""2021"": 0.324, ""2022"": 0.0, ""2023"": 0.175}",1422.1113048116833,0.14132422998123428,-0.20301101754544648,0.6493301583255668,7,"{""2024"": 0.362, ""2025"": -0.101, ""2026"": 0.15}",3052.31048055397,0.2045553870498804,-0.5626781755138721,0.6782523641827124,13,"{""2018"": -0.051, ""2019"": 0.106, ""2020"": 0.538, ""2021"": 0.74, ""2022"": 0.0, ""2023"": 0.096}",1194.107611873708,0.06886041421126943,-0.30316033931824105,0.39143962834532725,7,"{""2024"": -0.065, ""2025"": 0.196, ""2026"": 0.069}",4847.2641495351845,0.6938088994753073,-0.2772357748445188,1.499428502288813,4,"{""2021"": 1.168, ""2022"": 0.0, ""2023"": 1.236}",831.8088866255777,-0.06679295217478487,-0.32652455928233826,-0.31586246990337075,10,"{""2024"": -0.138, ""2025"": -0.178, ""2026"": 0.174}",0.8125531371234471
N55_m3_r2%_k0.5_nofilt,55,3.0,0.02,0.5,False,5855.611018296148,0.3428154381314328,-0.4319606801434651,0.9673479199808975,16,"{""2018"": -0.021, ""2019"": 0.846, ""2020"": 0.848, ""2021"": 0.384, ""2022"": -0.038, ""2023"": 0.298}",1288.981799175933,0.09998062136835184,-0.270267084008202,0.5001100134664919,9,"{""2024"": 0.362, ""2025"": -0.101, ""2026"": 0.042}",2861.1126381437466,0.19162957977180195,-0.6036147459432031,0.6452693888130894,16,"{""2018"": -0.109, ""2019"": 0.106, ""2020"": 0.538, ""2021"": 0.74, ""2022"": -0.11, ""2023"": 0.229}",1249.7853420249266,0.0873030492974507,-0.3017227405413784,0.44731048673084284,8,"{""2024"": -0.051, ""2025"": 0.248, ""2026"": 0.055}",8860.843257625642,1.0717160118895683,-0.3655126115478786,1.6760311057984365,7,"{""2021"": 2.979, ""2022"": -0.051, ""2023"": 1.346}",780.2292540486945,-0.08895086948850384,-0.36828609410158286,-0.4251452593509772,11,"{""2024"": -0.138, ""2025"": -0.213, ""2026"": 0.151}",0.8063086543969935
N20_m2_r1%_k1_nofilt,20,2.0,0.01,1.0,False,3224.284665801385,0.21561748068805553,-0.24992820196729393,0.978861864293908,41,"{""2018"": -0.035, ""2019"": 0.763, ""2020"": 0.422, ""2021"": -0.087, ""2022"": -0.07, ""2023"": 0.566}",1299.4776538263234,0.10333438509355553,-0.15273636517092182,0.7368841021590516,22,"{""2024"": 0.249, ""2025"": -0.018, ""2026"": 0.059}",1879.4047777079359,0.11096745117732376,-0.16948790125472346,0.6064049114141689,39,"{""2018"": -0.031, ""2019"": -0.005, ""2020"": 0.469, ""2021"": 0.405, ""2022"": -0.067, ""2023"": 0.014}",1061.8521785460641,0.022784337144676092,-0.21412593525867885,0.2572963148018592,21,"{""2024"": 0.071, ""2025"": 0.001, ""2026"": -0.01}",4150.321695827263,0.6082620787399937,-0.26179955792218024,1.7057463377375093,21,"{""2021"": 0.919, ""2022"": -0.046, ""2023"": 1.267}",885.7234040884483,-0.04453125840623562,-0.1568204438050066,-0.3584169489901043,20,"{""2024"": -0.03, ""2025"": -0.022, ""2026"": -0.067}",0.7926333878540384
N20_m3_r1%_k0.5_ma200,20,3.0,0.01,0.5,True,2129.982382836877,0.13440157569139766,-0.16011607232369074,0.9323585019260955,21,"{""2018"": 0.0, ""2019"": 0.283, ""2020"": 0.43, ""2021"": -0.028, ""2022"": 0.0, ""2023"": 0.189}",1262.5039889034688,0.09144360432345966,-0.1180684597324746,0.8236716285341749,16,"{""2024"": 0.219, ""2025"": -0.037, ""2026"": 0.075}",1557.0228067749385,0.07664149452309155,-0.12181809549149325,0.5850895971369856,23,"{""2018"": -0.005, ""2019"": -0.055, ""2020"": 0.193, ""2021"": 0.3, ""2022"": 0.0, ""2023"": 0.07}",1191.26557648825,0.06790474520354617,-0.10295879429899635,0.7647619580791646,11,"{""2024"": 0.121, ""2025"": 0.028, ""2026"": 0.034}",2442.3052044809756,0.3473282761588694,-0.19233300917035756,1.631258714861673,11,"{""2021"": 0.506, ""2022"": 0.0, ""2023"": 0.621}",969.0468384942558,-0.01173361023359265,-0.12586670249744536,-0.08293959711448473,14,"{""2024"": -0.049, ""2025"": -0.062, ""2026"": 0.087}",0.7587240495315406
N20_m2_r1%_k0.5_ma200,20,2.0,0.01,0.5,True,2390.5137175470745,0.15644525928842756,-0.22016674607267628,0.8574978605356341,24,"{""2018"": 0.0, ""2019"": 0.112, ""2020"": 0.677, ""2021"": -0.029, ""2022"": 0.0, ""2023"": 0.311}",1502.6852031994858,0.16518173921657864,-0.1629080545036704,1.0376589094847695,16,"{""2024"": 0.372, ""2025"": -0.016, ""2026"": 0.112}",1966.6195786082158,0.11940417616158472,-0.15983525647432506,0.653165968591671,24,"{""2018"": -0.048, ""2019"": -0.022, ""2020"": 0.308, ""2021"": 0.462, ""2022"": 0.0, ""2023"": 0.109}",1298.6388605734585,0.10306698705257311,-0.1513538722207064,0.8080992778060261,11,"{""2024"": 0.177, ""2025"": 0.049, ""2026"": 0.052}",3000.4526571042106,0.4431673702557133,-0.2752996020298383,1.5644605146618922,14,"{""2021"": 0.525, ""2022"": 0.0, ""2023"": 0.967}",1024.6998177277542,0.009201369346902633,-0.13132571325396436,0.1353245175246051,14,"{""2024"": -0.035, ""2025"": -0.06, ""2026"": 0.131}",0.7553319145636526
N55_m3_r2%_k1_nofilt,55,3.0,0.02,1.0,False,3932.1140869725773,0.25652817554151497,-0.38566528742131767,0.8233571957862417,18,"{""2018"": -0.021, ""2019"": 0.288, ""2020"": 0.847, ""2021"": 0.334, ""2022"": -0.021, ""2023"": 0.275}",1109.8942287517064,0.039915494703660404,-0.25689542551270594,0.2822252518379095,10,"{""2024"": 0.16, ""2025"": -0.097, ""2026"": 0.049}",2848.0975112254027,0.1907237941964388,-0.6073999677379243,0.6458973001715215,16,"{""2018"": -0.074, ""2019"": 0.106, ""2020"": 0.494, ""2021"": 0.736, ""2022"": -0.074, ""2023"": 0.168}",1181.1953362473037,0.0645069949355892,-0.29703879375032194,0.3678873475564598,8,"{""2024"": -0.053, ""2025"": 0.204, ""2026"": 0.036}",9005.40915460467,1.0829400411590364,-0.36762388926317857,1.6826758151371906,7,"{""2021"": 2.996, ""2022"": -0.034, ""2023"": 1.333}",850.7811910175669,-0.05885908040552146,-0.3033766376457788,-0.30164426674694406,11,"{""2024"": -0.117, ""2025"": -0.148, ""2026"": 0.131}",0.7346272479788816
N55_m2_r1%_k0.5_ma200,55,2.0,0.01,0.5,True,3205.8992572947477,0.2144586578917711,-0.319196865385564,0.8191478263974193,16,"{""2018"": 0.0, ""2019"": 0.269, ""2020"": 0.685, ""2021"": 0.309, ""2022"": 0.0, ""2023"": 0.133}",1375.2081743940955,0.12704561845861617,-0.16362886015502054,0.7131579836075429,8,"{""2024"": 0.295, ""2025"": -0.053, ""2026"": 0.112}",2547.3918734197014,0.16876980857708057,-0.5233463666621874,0.6437802020372547,14,"{""2018"": -0.023, ""2019"": 0.092, ""2020"": 0.407, ""2021"": 0.585, ""2022"": 0.0, ""2023"": 0.078}",1194.2861868291272,0.06892041475397925,-0.230116414610277,0.4434224219515316,7,"{""2024"": -0.015, ""2025"": 0.153, ""2026"": 0.052}",3118.713721105133,0.4619142421394784,-0.22411158598456715,1.4449305610508998,8,"{""2021"": 0.571, ""2022"": 0.0, ""2023"": 0.985}",980.2072601206864,-0.007476331800469582,-0.1839852643930573,-0.0005703762516359478,10,"{""2024"": -0.056, ""2025"": -0.082, ""2026"": 0.131}",0.731464014217337
N55_m3_r2%_k1_ma200,55,3.0,0.02,1.0,True,3708.652101314194,0.24432643687477928,-0.3888472527705896,0.8087532461017543,15,"{""2018"": 0.0, ""2019"": 0.315, ""2020"": 0.837, ""2021"": 0.315, ""2022"": 0.0, ""2023"": 0.152}",1195.2711186448093,0.06925124765354607,-0.22854175607195826,0.39880542043964734,8,"{""2024"": 0.16, ""2025"": -0.097, ""2026"": 0.13}",2849.7451696598105,0.19083865314253434,-0.592027129526457,0.6519510807336576,13,"{""2018"": -0.034, ""2019"": 0.106, ""2020"": 0.494, ""2021"": 0.736, ""2022"": 0.0, ""2023"": 0.038}",1150.7119717622827,0.05411012214727995,-0.3075018743079122,0.3361214471266279,7,"{""2024"": -0.067, ""2025"": 0.176, ""2026"": 0.049}",4022.6250900110517,0.5915691682738267,-0.2627235738128181,1.4307654807950012,5,"{""2021"": 0.775, ""2022"": 0.0, ""2023"": 1.267}",887.7107282017499,-0.04372706522247838,-0.2731385709900489,-0.21413042697886886,10,"{""2024"": -0.117, ""2025"": -0.129, ""2026"": 0.154}",0.7303521634177059
N55_m2_r1%_k0.5_nofilt,55,2.0,0.01,0.5,False,3242.789315636376,0.21677827304736064,-0.3356653261033856,0.8155979449700053,21,"{""2018"": -0.01, ""2019"": 0.246, ""2020"": 0.644, ""2021"": 0.317, ""2022"": -0.018, ""2023"": 0.223}",1308.3330565449814,0.10615083590730268,-0.17554538859539914,0.6126136843058851,10,"{""2024"": 0.295, ""2025"": -0.053, ""2026"": 0.058}",2579.713452440337,0.17123010749141399,-0.5403166210053383,0.6441125830051594,17,"{""2018"": -0.048, ""2019"": 0.092, ""2020"": 0.407, ""2021"": 0.585, ""2022"": -0.049, ""2023"": 0.178}",1229.5781064485254,0.08067010643762407,-0.22892581091803377,0.4815130413911959,8,"{""2024"": -0.004, ""2025"": 0.185, ""2026"": 0.042}",6344.344468133102,0.8530626112891166,-0.33237763566748324,1.6376259649248306,7,"{""2021"": 2.156, ""2022"": -0.023, ""2023"": 1.058}",954.4577077450809,-0.01734525260025721,-0.20542156162185965,-0.0738538489340209,11,"{""2024"": -0.056, ""2025"": -0.097, ""2026"": 0.119}",0.7298552639875824
N55_m3_r1%_k0.5_ma200,55,3.0,0.01,0.5,True,2888.5231073283335,0.19352603312383576,-0.31286383747311863,0.8451680075874765,13,"{""2018"": 0.0, ""2019"": 0.459, ""2020"": 0.445, ""2021"": 0.246, ""2022"": 0.0, ""2023"": 0.089}",1206.8823742032796,0.07313862972207952,-0.11792412128266261,0.583353075358648,7,"{""2024"": 0.179, ""2025"": -0.053, ""2026"": 0.075}",1927.0709704054464,0.11561790059795096,-0.45921492703527933,0.55384883629088,13,"{""2018"": -0.025, ""2019"": 0.054, ""2020"": 0.257, ""2021"": 0.429, ""2022"": 0.0, ""2023"": 0.049}",1099.7761183197372,0.03634659704667076,-0.17548404614217683,0.33509583091427403,7,"{""2024"": -0.032, ""2025"": 0.099, ""2026"": 0.034}",2561.5094482383392,0.36893597102086706,-0.1914813199265908,1.3763139236272641,4,"{""2021"": 0.563, ""2022"": 0.0, ""2023"": 0.639}",917.4419463448476,-0.03182793018374952,-0.17911159957271028,-0.32050140148884276,10,"{""2024"": -0.07, ""2025"": -0.092, ""2026"": 0.087}",0.6995084219391783
N55_m3_r1%_k0.5_nofilt,55,3.0,0.01,0.5,False,3009.0695779555367,0.20169241665168425,-0.3024076894490546,0.8618183207272395,16,"{""2018"": -0.01, ""2019"": 0.432, ""2020"": 0.467, ""2021"": 0.273, ""2022"": -0.019, ""2023"": 0.148}",1149.7017403341101,0.053762636615067194,-0.15364848245869267,0.4473292056589715,9,"{""2024"": 0.179, ""2025"": -0.053, ""2026"": 0.024}",1875.3075822661806,0.11056314666794687,-0.4845656299784996,0.5326010711932181,16,"{""2018"": -0.055, ""2019"": 0.054, ""2020"": 0.257, ""2021"": 0.429, ""2022"": -0.056, ""2023"": 0.115}",1125.2916243028653,0.04530773785684716,-0.17463442335453938,0.3840280510639688,8,"{""2024"": -0.025, ""2025"": 0.123, ""2026"": 0.028}",3715.9408584372286,0.5499828693700273,-0.2814171813020304,1.4621296290317103,7,"{""2021"": 1.27, ""2022"": -0.025, ""2023"": 0.68}",888.998384841242,-0.0432066005930144,-0.2045617000375668,-0.42884994714321156,11,"{""2024"": -0.07, ""2025"": -0.111, ""2026"": 0.076}",0.6972096959602287
N20_m3_r2%_k1_ma200,20,3.0,0.02,1.0,True,2517.490453211153,0.16647045879440348,-0.27531758952194696,0.7537424860189109,23,"{""2018"": 0.0, ""2019"": 0.108, ""2020"": 0.832, ""2021"": -0.069, ""2022"": 0.0, ""2023"": 0.32}",1337.973491241561,0.11549222990745656,-0.2157088541822929,0.6716577553851317,17,"{""2024"": 0.26, ""2025"": -0.061, ""2026"": 0.13}",1941.938324076452,0.11704878971555877,-0.2013138005817403,0.5597534644021035,23,"{""2018"": -0.03, ""2019"": -0.056, ""2020"": 0.306, ""2021"": 0.507, ""2022"": 0.0, ""2023"": 0.08}",1289.4412938309927,0.1001278010142268,-0.19524622472548403,0.6565409223080746,11,"{""2024"": 0.214, ""2025"": 0.013, ""2026"": 0.049}",3844.423718355513,0.5676733952234851,-0.34718974232777444,1.5919893961347436,12,"{""2021"": 0.794, ""2022"": 0.0, ""2023"": 1.143}",968.166829245511,-0.012070600294182388,-0.2214333653599938,0.004763709045206636,13,"{""2024"": -0.102, ""2025"": -0.066, ""2026"": 0.154}",0.6567479752105072
N55_m3_r1%_k1_nofilt,55,3.0,0.01,1.0,False,2372.029209933695,0.15494905376581936,-0.24689905894009778,0.7446376394767765,18,"{""2018"": -0.01, ""2019"": 0.154, ""2020"": 0.464, ""2021"": 0.25, ""2022"": -0.01, ""2023"": 0.136}",1059.7066168581312,0.022008067384475805,-0.14577430613983533,0.23259101320000294,10,"{""2024"": 0.082, ""2025"": -0.051, ""2026"": 0.027}",1861.6847093282452,0.10921355070048167,-0.48755330907368766,0.5296585057721248,16,"{""2018"": -0.037, ""2019"": 0.054, ""2020"": 0.237, ""2021"": 0.426, ""2022"": -0.037, ""2023"": 0.086}",1092.1141571767103,0.033630373229640576,-0.17115982610713376,0.3060709809637492,8,"{""2024"": -0.026, ""2025"": 0.102, ""2026"": 0.018}",3723.6720306864013,0.5510587786458001,-0.2826697333480289,1.4617359745168712,7,"{""2021"": 1.266, ""2022"": -0.017, ""2023"": 0.671}",926.070954030123,-0.028419604428006617,-0.1655097257570134,-0.3109111609230104,11,"{""2024"": -0.06, ""2025"": -0.076, ""2026"": 0.066}",0.6371480726244507
N55_m3_r1%_k1_ma200,55,3.0,0.01,1.0,True,2298.560426368039,0.14890446252802647,-0.2505159162124878,0.7328122758349137,15,"{""2018"": 0.0, ""2019"": 0.166, ""2020"": 0.46, ""2021"": 0.242, ""2022"": 0.0, ""2023"": 0.077}",1099.3310269805283,0.03618913272385482,-0.1314413403143162,0.34014547491313624,8,"{""2024"": 0.082, ""2025"": -0.051, ""2026"": 0.065}",1854.890750121185,0.10853740648736387,-0.4778435326876104,0.531249302055094,13,"{""2018"": -0.017, ""2019"": 0.054, ""2020"": 0.237, ""2021"": 0.426, ""2022"": 0.0, ""2023"": 0.02}",1077.9134970422242,0.028564484168292825,-0.17730634932918066,0.27992994710380675,7,"{""2024"": -0.034, ""2025"": 0.089, ""2026"": 0.024}",2324.6322453365106,0.32529765700333124,-0.18360420124782995,1.3352053745246277,5,"{""2021"": 0.411, ""2022"": 0.0, ""2023"": 0.647}",945.7421333932147,-0.0207232598147713,-0.14778386167505286,-0.22452019611063956,10,"{""2024"": -0.06, ""2025"": -0.066, ""2026"": 0.077}",0.6320307889450039
N20_m3_r1%_k1_ma200,20,3.0,0.01,1.0,True,1648.8281024628925,0.08697783556029504,-0.15292887199168004,0.6978986632357946,23,"{""2018"": 0.0, ""2019"": 0.061, ""2020"": 0.389, ""2021"": -0.036, ""2022"": 0.0, ""2023"": 0.155}",1175.641274533374,0.0626252801495879,-0.12425904462880022,0.6479066920886627,17,"{""2024"": 0.138, ""2025"": -0.03, ""2026"": 0.065}",1431.2241549877835,0.06161990074095147,-0.11631546954378336,0.5024340637819875,23,"{""2018"": -0.015, ""2019"": -0.027, ""2020"": 0.152, ""2021"": 0.248, ""2022"": 0.0, ""2023"": 0.04}",1143.8743071105405,0.05175446362603209,-0.11266615572782301,0.6184552782341317,11,"{""2024"": 0.108, ""2025"": 0.008, ""2026"": 0.024}",2243.6257832897263,0.30969631281878907,-0.22703296433354203,1.5084823682617048,12,"{""2021"": 0.401, ""2022"": 0.0, ""2023"": 0.602}",988.1600447430974,-0.00446108723062022,-0.11770043105279504,-0.012724423051921398,13,"{""2024"": -0.051, ""2025"": -0.033, ""2026"": 0.077}",0.6001663635088911
N20_m2_r2%_k1_ma200,20,2.0,0.02,1.0,True,2205.9199246616163,0.14104869813691057,-0.3844432277810077,0.5877343690803452,31,"{""2018"": 0.0, ""2019"": 0.211, ""2020"": 0.837, ""2021"": -0.15, ""2022"": 0.0, ""2023"": 0.164}",1719.8833701571305,0.2257527794035632,-0.24469432384875223,0.9065166275505406,17,"{""2024"": 0.495, ""2025"": -0.037, ""2026"": 0.195}",2460.1962434206416,0.16200034345619163,-0.2621930980368832,0.6072484192461722,26,"{""2018"": -0.06, ""2019"": 0.012, ""2020"": 0.542, ""2021"": 0.854, ""2022"": 0.0, ""2023"": -0.091}",1317.7502919304711,0.1091329432429371,-0.29136291787979274,0.630200285241376,12,"{""2024"": 0.155, ""2025"": 0.063, ""2026"": 0.073}",5886.631458619073,0.8073105516883106,-0.3660094759532547,1.688793157017941,13,"{""2021"": 1.094, ""2022"": 0.0, ""2023"": 1.811}",832.1513493625622,-0.06664874418290168,-0.2412129518178726,-0.2490007381683154,15,"{""2024"": -0.05, ""2025"": -0.092, ""2026"": -0.035}",0.5974913941632587
N20_m2_r1%_k1_ma200,20,2.0,0.01,1.0,True,1587.1553962790492,0.08008883504876607,-0.23197065740474843,0.5461607971975467,31,"{""2018"": 0.0, ""2019"": 0.117, ""2020"": 0.416, ""2021"": -0.077, ""2022"": 0.0, ""2023"": 0.086}",1353.1225924732598,0.12021671249677057,-0.1484720811036273,0.8581224513146307,17,"{""2024"": 0.256, ""2025"": -0.018, ""2026"": 0.098}",1650.2218273114615,0.0871310203252702,-0.14661563312910386,0.5329518873806686,26,"{""2018"": -0.03, ""2019"": 0.008, ""2020"": 0.262, ""2021"": 0.405, ""2022"": 0.0, ""2023"": -0.046}",1164.2952179759513,0.05876390912548057,-0.1750610898614411,0.5930118829988908,12,"{""2024"": 0.086, ""2025"": 0.034, ""2026"": 0.037}",3044.492386098308,0.4502051612469389,-0.2560101556403639,1.5952084451938324,13,"{""2021"": 0.566, ""2022"": 0.0, ""2023"": 0.944}",913.8459050800939,-0.033254222185252535,-0.13004874758949037,-0.2790796567221522,15,"{""2024"": -0.024, ""2025"": -0.047, ""2026"": -0.017}",0.5395563422891076
N55_m2_r2%_k1_nofilt,55,2.0,0.02,1.0,False,1154.046864736308,0.024183270014515257,-0.6435575965419911,0.23157696588186705,33,"{""2018"": -0.021, ""2019"": 0.498, ""2020"": -0.279, ""2021"": -0.247, ""2022"": -0.021, ""2023"": 0.477}",1341.549493001513,0.11661046216022886,-0.2728749201133063,0.49551769405998264,11,"{""2024"": 0.307, ""2025"": -0.098, ""2026"": 0.122}",3170.9426256246434,0.2122400011331067,-0.6567113311540321,0.6510725190508805,20,"{""2018"": -0.089, ""2019"": 0.169, ""2020"": 0.774, ""2021"": 0.978, ""2022"": -0.062, ""2023"": -0.086}",1134.8269891833033,0.04862399501938941,-0.44473644357731734,0.30727192658783725,11,"{""2024"": -0.117, ""2025"": 0.22, ""2026"": 0.053}",19220.1288534975,1.6828925439850728,-0.40869770237089686,1.8686346418339126,7,"{""2021"": 5.374, ""2022"": -0.031, ""2023"": 2.111}",751.5351896755758,-0.10167562197533975,-0.33675375487759074,-0.43192748953956145,12,"{""2024"": -0.098, ""2025"": -0.119, ""2026"": -0.054}",0.44132474246637377
N55_m2_r2%_k1_ma200,55,2.0,0.02,1.0,True,933.4377914019046,-0.01142228748420493,-0.679416425170273,0.08678834691946176,31,"{""2018"": 0.0, ""2019"": 0.53, ""2020"": -0.255, ""2021"": -0.235, ""2022"": 0.0, ""2023"": 0.068}",1428.762754561943,0.14332517846851323,-0.2728749201133063,0.5677152856312697,9,"{""2024"": 0.307, ""2025"": -0.098, ""2026"": 0.195}",3568.2842710472296,0.23634489638099798,-0.6368837829761919,0.6929894823250728,15,"{""2018"": -0.031, ""2019"": 0.169, ""2020"": 0.774, ""2021"": 0.978, ""2022"": 0.0, ""2023"": -0.093}",1208.620148202445,0.07371841392025758,-0.4196687439595753,0.38097877569707156,8,"{""2024"": -0.116, ""2025"": 0.274, ""2026"": 0.073}",6452.450096230171,0.8635453785876999,-0.30517941349074684,1.6194965800561674,7,"{""2021"": 1.165, ""2022"": 0.0, ""2023"": 1.981}",776.1460859949678,-0.09074356054621213,-0.3150341004992241,-0.38332036166319733,11,"{""2024"": -0.098, ""2025"": -0.108, ""2026"": -0.035}",0.3898889146222673
N55_m2_r1%_k1_nofilt,55,2.0,0.01,1.0,False,1124.5558588423226,0.019771002498687462,-0.4405954787900713,0.19781261991631396,33,"{""2018"": -0.01, ""2019"": 0.263, ""2020"": -0.15, ""2021"": -0.132, ""2022"": -0.011, ""2023"": 0.23}",1170.7411864343178,0.060960515584892905,-0.165841802145542,0.41197530388858206,11,"{""2024"": 0.152, ""2025"": -0.052, ""2026"": 0.064}",2083.429543125099,0.13022834118937165,-0.549634061051812,0.5451449972185411,20,"{""2018"": -0.045, ""2019"": 0.086, ""2020"": 0.364, ""2021"": 0.599, ""2022"": -0.031, ""2023"": -0.043}",1075.9119069988578,0.027847099368908168,-0.2713728185385814,0.2428240329093858,11,"{""2024"": -0.06, ""2025"": 0.114, ""2026"": 0.027}",6299.860464631418,0.8487145355066958,-0.33412443322435814,1.6273921821136794,7,"{""2021"": 2.129, ""2022"": -0.015, ""2023"": 1.045}",867.7381974159196,-0.05186097377187371,-0.1872208049240961,-0.4592949810406077,12,"{""2024"": -0.05, ""2025"": -0.061, ""2026"": -0.027}",0.37147880856742754
N55_m2_r1%_k1_ma200,55,2.0,0.01,1.0,True,1006.3349352422657,0.0010537680227138413,-0.4692616970882245,0.08479642658342466,31,"{""2018"": 0.0, ""2019"": 0.276, ""2020"": -0.136, ""2021"": -0.124, ""2022"": 0.0, ""2023"": 0.041}",1207.8970619147663,0.07347722950232849,-0.165841802145542,0.47680473198507717,9,"{""2024"": 0.152, ""2025"": -0.052, ""2026"": 0.098}",2208.107856612835,0.14123737340356524,-0.5371198311899866,0.575441535406292,15,"{""2018"": -0.015, ""2019"": 0.086, ""2020"": 0.364, ""2021"": 0.599, ""2022"": 0.0, ""2023"": -0.047}",1110.157097361854,0.0400079433270617,-0.2551982680676843,0.3107838035648332,8,"{""2024"": -0.06, ""2025"": 0.139, ""2026"": 0.037}",3250.55815269723,0.4822642305624749,-0.22122491397324107,1.4881096739316366,7,"{""2021"": 0.624, ""2022"": 0.0, ""2023"": 1.001}",881.7177509828169,-0.04615562314140764,-0.1741266593287315,-0.4113387426554656,11,"{""2024"": -0.05, ""2025"": -0.055, ""2026"": -0.017}",0.3301189809948583
