risk,lev_cap,BTC_train_final,BTC_train_cagr,BTC_train_dd,BTC_train_liq,BTC_train_worst_trade,BTC_train_by_year,BTC_test_final,BTC_test_cagr,BTC_test_dd,BTC_test_liq,BTC_test_worst_trade,BTC_test_by_year,BTC_all_final,BTC_all_cagr,BTC_all_dd,BTC_all_liq,BTC_all_worst_trade,BTC_all_by_year,ETH_train_final,ETH_train_cagr,ETH_train_dd,ETH_train_liq,ETH_train_worst_trade,ETH_train_by_year,ETH_test_final,ETH_test_cagr,ETH_test_dd,ETH_test_liq,ETH_test_worst_trade,ETH_test_by_year,ETH_all_final,ETH_all_cagr,ETH_all_dd,ETH_all_liq,ETH_all_worst_trade,ETH_all_by_year,SOL_train_final,SOL_train_cagr,SOL_train_dd,SOL_train_liq,SOL_train_worst_trade,SOL_train_by_year,SOL_test_final,SOL_test_cagr,SOL_test_dd,SOL_test_liq,SOL_test_worst_trade,SOL_test_by_year,SOL_all_final,SOL_all_cagr,SOL_all_dd,SOL_all_liq,SOL_all_worst_trade,SOL_all_by_year
0.02,3,17601.14045623439,0.6133638430806436,-0.3081522743882438,0,-621.1275071193377,"{""2018"": -0.089, ""2019"": 1.403, ""2020"": 2.443, ""2021"": 0.207, ""2022"": -0.193, ""2023"": 1.369}",1924.2257160071617,0.2785142100784903,-0.27572818787739684,0,-100.44995488157292,"{""2024"": 0.76, ""2025"": -0.034, ""2026"": 0.132}",33868.567096940256,0.5017536663085715,-0.3081522743882438,0,-1768.033764692973,"{""2018"": -0.089, ""2019"": 1.403, ""2020"": 2.443, ""2021"": 0.207, ""2022"": -0.193, ""2023"": 1.369, ""2024"": 0.76, ""2025"": -0.034, ""2026"": 0.132}",5993.688124718046,0.3480452425498626,-0.33110122200443604,0,-219.04848414766002,"{""2018"": -0.067, ""2019"": -0.074, ""2020"": 1.194, ""2021"": 0.992, ""2022"": 0.015, ""2023"": 0.577}",1388.5475137368737,0.13113703805061028,-0.31964590129291626,0,-65.65861339455614,"{""2024"": 0.322, ""2025"": 0.131, ""2026"": -0.071}",8322.520743691442,0.27712555710055753,-0.33110122200443604,0,-393.5372513884022,"{""2018"": -0.067, ""2019"": -0.074, ""2020"": 1.194, ""2021"": 0.992, ""2022"": 0.015, ""2023"": 0.577, ""2024"": 0.322, ""2025"": 0.131, ""2026"": -0.071}",13019.032932147451,1.3557030704388326,-0.3956831739542195,0,-222.1305361346167,"{""2021"": 2.654, ""2022"": -0.093, ""2023"": 2.929}",950.955296213982,-0.018700402201274002,-0.2930121426677035,0,-57.4421930077425,"{""2024"": -0.082, ""2025"": -0.013, ""2026"": 0.05}",11808.444202396635,0.5465735857623122,-0.3956831739542195,0,-713.2858228938203,"{""2021"": 2.654, ""2022"": -0.093, ""2023"": 2.929, ""2024"": -0.185, ""2025"": -0.013, ""2026"": 0.05}"
0.02,5,17601.14045623439,0.6133638430806436,-0.3081522743882438,0,-621.1275071193377,"{""2018"": -0.089, ""2019"": 1.403, ""2020"": 2.443, ""2021"": 0.207, ""2022"": -0.193, ""2023"": 1.369}",1924.2257160071617,0.2785142100784903,-0.27572818787739684,0,-100.44995488157292,"{""2024"": 0.76, ""2025"": -0.034, ""2026"": 0.132}",33868.567096940256,0.5017536663085715,-0.3081522743882438,0,-1768.033764692973,"{""2018"": -0.089, ""2019"": 1.403, ""2020"": 2.443, ""2021"": 0.207, ""2022"": -0.193, ""2023"": 1.369, ""2024"": 0.76, ""2025"": -0.034, ""2026"": 0.132}",5993.688124718046,0.3480452425498626,-0.33110122200443604,0,-219.04848414766002,"{""2018"": -0.067, ""2019"": -0.074, ""2020"": 1.194, ""2021"": 0.992, ""2022"": 0.015, ""2023"": 0.577}",1388.5475137368737,0.13113703805061028,-0.31964590129291626,0,-65.65861339455614,"{""2024"": 0.322, ""2025"": 0.131, ""2026"": -0.071}",8322.520743691442,0.27712555710055753,-0.33110122200443604,0,-393.5372513884022,"{""2018"": -0.067, ""2019"": -0.074, ""2020"": 1.194, ""2021"": 0.992, ""2022"": 0.015, ""2023"": 0.577, ""2024"": 0.322, ""2025"": 0.131, ""2026"": -0.071}",13019.032932147451,1.3557030704388326,-0.3956831739542195,0,-222.1305361346167,"{""2021"": 2.654, ""2022"": -0.093, ""2023"": 2.929}",950.955296213982,-0.018700402201274002,-0.2930121426677035,0,-57.4421930077425,"{""2024"": -0.082, ""2025"": -0.013, ""2026"": 0.05}",11808.444202396635,0.5465735857623122,-0.3956831739542195,0,-713.2858228938203,"{""2021"": 2.654, ""2022"": -0.093, ""2023"": 2.929, ""2024"": -0.185, ""2025"": -0.013, ""2026"": 0.05}"
0.02,10,17601.14045623439,0.6133638430806436,-0.3081522743882438,0,-621.1275071193377,"{""2018"": -0.089, ""2019"": 1.403, ""2020"": 2.443, ""2021"": 0.207, ""2022"": -0.193, ""2023"": 1.369}",1924.2257160071617,0.2785142100784903,-0.27572818787739684,0,-100.44995488157292,"{""2024"": 0.76, ""2025"": -0.034, ""2026"": 0.132}",33868.567096940256,0.5017536663085715,-0.3081522743882438,0,-1768.033764692973,"{""2018"": -0.089, ""2019"": 1.403, ""2020"": 2.443, ""2021"": 0.207, ""2022"": -0.193, ""2023"": 1.369, ""2024"": 0.76, ""2025"": -0.034, ""2026"": 0.132}",5993.688124718046,0.3480452425498626,-0.33110122200443604,0,-219.04848414766002,"{""2018"": -0.067, ""2019"": -0.074, ""2020"": 1.194, ""2021"": 0.992, ""2022"": 0.015, ""2023"": 0.577}",1388.5475137368737,0.13113703805061028,-0.31964590129291626,0,-65.65861339455614,"{""2024"": 0.322, ""2025"": 0.131, ""2026"": -0.071}",8322.520743691442,0.27712555710055753,-0.33110122200443604,0,-393.5372513884022,"{""2018"": -0.067, ""2019"": -0.074, ""2020"": 1.194, ""2021"": 0.992, ""2022"": 0.015, ""2023"": 0.577, ""2024"": 0.322, ""2025"": 0.131, ""2026"": -0.071}",13019.032932147451,1.3557030704388326,-0.3956831739542195,0,-222.1305361346167,"{""2021"": 2.654, ""2022"": -0.093, ""2023"": 2.929}",950.955296213982,-0.018700402201274002,-0.2930121426677035,0,-57.4421930077425,"{""2024"": -0.082, ""2025"": -0.013, ""2026"": 0.05}",11808.444202396635,0.5465735857623122,-0.3956831739542195,0,-713.2858228938203,"{""2021"": 2.654, ""2022"": -0.093, ""2023"": 2.929, ""2024"": -0.185, ""2025"": -0.013, ""2026"": 0.05}"
0.02,20,17601.14045623439,0.6133638430806436,-0.3081522743882438,0,-621.1275071193377,"{""2018"": -0.089, ""2019"": 1.403, ""2020"": 2.443, ""2021"": 0.207, ""2022"": -0.193, ""2023"": 1.369}",1924.2257160071617,0.2785142100784903,-0.27572818787739684,0,-100.44995488157292,"{""2024"": 0.76, ""2025"": -0.034, ""2026"": 0.132}",33868.567096940256,0.5017536663085715,-0.3081522743882438,0,-1768.033764692973,"{""2018"": -0.089, ""2019"": 1.403, ""2020"": 2.443, ""2021"": 0.207, ""2022"": -0.193, ""2023"": 1.369, ""2024"": 0.76, ""2025"": -0.034, ""2026"": 0.132}",5993.688124718046,0.3480452425498626,-0.33110122200443604,0,-219.04848414766002,"{""2018"": -0.067, ""2019"": -0.074, ""2020"": 1.194, ""2021"": 0.992, ""2022"": 0.015, ""2023"": 0.577}",1388.5475137368737,0.13113703805061028,-0.31964590129291626,0,-65.65861339455614,"{""2024"": 0.322, ""2025"": 0.131, ""2026"": -0.071}",8322.520743691442,0.27712555710055753,-0.33110122200443604,0,-393.5372513884022,"{""2018"": -0.067, ""2019"": -0.074, ""2020"": 1.194, ""2021"": 0.992, ""2022"": 0.015, ""2023"": 0.577, ""2024"": 0.322, ""2025"": 0.131, ""2026"": -0.071}",13019.032932147451,1.3557030704388326,-0.3956831739542195,0,-222.1305361346167,"{""2021"": 2.654, ""2022"": -0.093, ""2023"": 2.929}",950.955296213982,-0.018700402201274002,-0.2930121426677035,0,-57.4421930077425,"{""2024"": -0.082, ""2025"": -0.013, ""2026"": 0.05}",11808.444202396635,0.5465735857623122,-0.3956831739542195,0,-713.2858228938203,"{""2021"": 2.654, ""2022"": -0.093, ""2023"": 2.929, ""2024"": -0.185, ""2025"": -0.013, ""2026"": 0.05}"
0.03,3,37034.66032789078,0.8264752538383442,-0.41149731808685563,0,-1754.254092099225,"{""2018"": -0.131, ""2019"": 1.96, ""2020"": 4.486, ""2021"": 0.307, ""2022"": -0.278, ""2023"": 1.733}",2389.1341104846642,0.38671104442827153,-0.3709314419611488,0,-174.53958229179716,"{""2024"": 1.125, ""2025"": -0.051, ""2026"": 0.185}",88480.77025957679,0.6778104975855337,-0.41149731808685563,0,-6464.01414394872,"{""2018"": -0.131, ""2019"": 1.96, ""2020"": 4.486, ""2021"": 0.307, ""2022"": -0.278, ""2023"": 1.733, ""2024"": 1.125, ""2025"": -0.051, ""2026"": 0.185}",11712.449810965023,0.5074049910698073,-0.44678310490164275,0,-485.5427978102807,"{""2018"": -0.105, ""2019"": -0.119, ""2020"": 1.986, ""2021"": 1.59, ""2022"": 0.019, ""2023"": 0.908}",1546.0863841673643,0.17770248147013779,-0.43816146434517267,0,-107.69277766343407,"{""2024"": 0.463, ""2025"": 0.187, ""2026"": -0.11}",18108.45917797662,0.3970404517978876,-0.44678310490164275,0,-1261.3462533863913,"{""2018"": -0.105, ""2019"": -0.119, ""2020"": 1.986, ""2021"": 1.59, ""2022"": 0.019, ""2023"": 0.908, ""2024"": 0.463, ""2025"": 0.187, ""2026"": -0.11}",27638.617455841108,2.028824232819499,-0.4784359367283363,0,-531.2512746679276,"{""2021"": 4.529, ""2022"": -0.138, ""2023"": 4.796}",897.0740182510776,-0.03995315625190243,-0.4030431356846984,0,-83.65401696873232,"{""2024"": -0.129, ""2025"": -0.023, ""2026"": 0.054}",23508.91174252474,0.7465739667475302,-0.4936490900347307,0,-2192.2548884646967,"{""2021"": 4.529, ""2022"": -0.138, ""2023"": 4.796, ""2024"": -0.238, ""2025"": -0.023, ""2026"": 0.054}"
0.03,5,44707.07848210488,0.8847385526159239,-0.4114973180868552,0,-2117.6804290539076,"{""2018"": -0.131, ""2019"": 1.962, ""2020"": 4.581, ""2021"": 0.307, ""2022"": -0.278, ""2023"": 2.24}",2378.6843041679513,0.3844310944511635,-0.3736829177207517,0,-183.30257865442218,"{""2024"": 1.125, ""2025"": -0.056, ""2026"": 0.185}",106344.02587058762,0.7138088310457571,-0.4114973180868552,0,-8194.92276987547,"{""2018"": -0.131, ""2019"": 1.962, ""2020"": 4.581, ""2021"": 0.307, ""2022"": -0.278, ""2023"": 2.24, ""2024"": 1.125, ""2025"": -0.056, ""2026"": 0.185}",11712.449810965023,0.5074049910698073,-0.44678310490164275,0,-485.5427978102807,"{""2018"": -0.105, ""2019"": -0.119, ""2020"": 1.986, ""2021"": 1.59, ""2022"": 0.019, ""2023"": 0.908}",1546.0863841673643,0.17770248147013779,-0.43816146434517267,0,-107.69277766343407,"{""2024"": 0.463, ""2025"": 0.187, ""2026"": -0.11}",18108.45917797662,0.3970404517978876,-0.44678310490164275,0,-1261.3462533863913,"{""2018"": -0.105, ""2019"": -0.119, ""2020"": 1.986, ""2021"": 1.59, ""2022"": 0.019, ""2023"": 0.908, ""2024"": 0.463, ""2025"": 0.187, ""2026"": -0.11}",27638.617455841108,2.028824232819499,-0.4784359367283363,0,-531.2512746679276,"{""2021"": 4.529, ""2022"": -0.138, ""2023"": 4.796}",897.0740182510776,-0.03995315625190243,-0.4030431356846984,0,-83.65401696873232,"{""2024"": -0.129, ""2025"": -0.023, ""2026"": 0.054}",23508.91174252474,0.7465739667475302,-0.4936490900347307,0,-2192.2548884646967,"{""2021"": 4.529, ""2022"": -0.138, ""2023"": 4.796, ""2024"": -0.238, ""2025"": -0.023, ""2026"": 0.054}"
0.03,10,44707.07848210488,0.8847385526159239,-0.4114973180868552,0,-2117.6804290539076,"{""2018"": -0.131, ""2019"": 1.962, ""2020"": 4.581, ""2021"": 0.307, ""2022"": -0.278, ""2023"": 2.24}",2378.6843041679513,0.3844310944511635,-0.3736829177207517,0,-183.30257865442218,"{""2024"": 1.125, ""2025"": -0.056, ""2026"": 0.185}",106344.02587058762,0.7138088310457571,-0.4114973180868552,0,-8194.92276987547,"{""2018"": -0.131, ""2019"": 1.962, ""2020"": 4.581, ""2021"": 0.307, ""2022"": -0.278, ""2023"": 2.24, ""2024"": 1.125, ""2025"": -0.056, ""2026"": 0.185}",11712.449810965023,0.5074049910698073,-0.44678310490164275,0,-485.5427978102807,"{""2018"": -0.105, ""2019"": -0.119, ""2020"": 1.986, ""2021"": 1.59, ""2022"": 0.019, ""2023"": 0.908}",1546.0863841673643,0.17770248147013779,-0.43816146434517267,0,-107.69277766343407,"{""2024"": 0.463, ""2025"": 0.187, ""2026"": -0.11}",18108.45917797662,0.3970404517978876,-0.44678310490164275,0,-1261.3462533863913,"{""2018"": -0.105, ""2019"": -0.119, ""2020"": 1.986, ""2021"": 1.59, ""2022"": 0.019, ""2023"": 0.908, ""2024"": 0.463, ""2025"": 0.187, ""2026"": -0.11}",27638.617455841108,2.028824232819499,-0.4784359367283363,0,-531.2512746679276,"{""2021"": 4.529, ""2022"": -0.138, ""2023"": 4.796}",897.0740182510776,-0.03995315625190243,-0.4030431356846984,0,-83.65401696873232,"{""2024"": -0.129, ""2025"": -0.023, ""2026"": 0.054}",23508.91174252474,0.7465739667475302,-0.4936490900347307,0,-2192.2548884646967,"{""2021"": 4.529, ""2022"": -0.138, ""2023"": 4.796, ""2024"": -0.238, ""2025"": -0.023, ""2026"": 0.054}"
0.03,20,44707.07848210488,0.8847385526159239,-0.4114973180868552,0,-2117.6804290539076,"{""2018"": -0.131, ""2019"": 1.962, ""2020"": 4.581, ""2021"": 0.307, ""2022"": -0.278, ""2023"": 2.24}",2378.6843041679513,0.3844310944511635,-0.3736829177207517,0,-183.30257865442218,"{""2024"": 1.125, ""2025"": -0.056, ""2026"": 0.185}",106344.02587058762,0.7138088310457571,-0.4114973180868552,0,-8194.92276987547,"{""2018"": -0.131, ""2019"": 1.962, ""2020"": 4.581, ""2021"": 0.307, ""2022"": -0.278, ""2023"": 2.24, ""2024"": 1.125, ""2025"": -0.056, ""2026"": 0.185}",11712.449810965023,0.5074049910698073,-0.44678310490164275,0,-485.5427978102807,"{""2018"": -0.105, ""2019"": -0.119, ""2020"": 1.986, ""2021"": 1.59, ""2022"": 0.019, ""2023"": 0.908}",1546.0863841673643,0.17770248147013779,-0.43816146434517267,0,-107.69277766343407,"{""2024"": 0.463, ""2025"": 0.187, ""2026"": -0.11}",18108.45917797662,0.3970404517978876,-0.44678310490164275,0,-1261.3462533863913,"{""2018"": -0.105, ""2019"": -0.119, ""2020"": 1.986, ""2021"": 1.59, ""2022"": 0.019, ""2023"": 0.908, ""2024"": 0.463, ""2025"": 0.187, ""2026"": -0.11}",27638.617455841108,2.028824232819499,-0.4784359367283363,0,-531.2512746679276,"{""2021"": 4.529, ""2022"": -0.138, ""2023"": 4.796}",897.0740182510776,-0.03995315625190243,-0.4030431356846984,0,-83.65401696873232,"{""2024"": -0.129, ""2025"": -0.023, ""2026"": 0.054}",23508.91174252474,0.7465739667475302,-0.4936490900347307,0,-2192.2548884646967,"{""2021"": 4.529, ""2022"": -0.138, ""2023"": 4.796, ""2024"": -0.238, ""2025"": -0.023, ""2026"": 0.054}"
0.05,3,58576.82040931658,0.9716179385355859,-0.5614307915593666,0,-3763.3004596919673,"{""2018"": -0.212, ""2019"": 1.688, ""2020"": 7.904, ""2021"": 0.501, ""2022"": -0.383, ""2023"": 2.276}",2635.8489501044055,0.4388231602340191,-0.46827682473418597,0,-312.1432533700704,"{""2024"": 1.418, ""2025"": -0.035, ""2026"": 0.13}",154399.65057635133,0.78918742128238,-0.5614307915593666,0,-18284.35929463846,"{""2018"": -0.212, ""2019"": 1.688, ""2020"": 7.904, ""2021"": 0.501, ""2022"": -0.383, ""2023"": 2.276, ""2024"": 1.418, ""2025"": -0.035, ""2026"": 0.13}",27366.848696409994,0.7366069387230587,-0.6113501444464233,0,-1409.1881286086218,"{""2018"": -0.172, ""2019"": -0.219, ""2020"": 3.835, ""2021"": 2.978, ""2022"": 0.019, ""2023"": 1.202}",1588.9301979897048,0.18984890184962233,-0.6121852702737121,0,-195.70872106718093,"{""2024"": 0.571, ""2025"": 0.281, ""2026"": -0.21}",43484.01231754107,0.5457087013559965,-0.6121852702737123,0,-5355.930958013472,"{""2018"": -0.172, ""2019"": -0.219, ""2020"": 3.835, ""2021"": 2.978, ""2022"": 0.019, ""2023"": 1.202, ""2024"": 0.571, ""2025"": 0.281, ""2026"": -0.21}",80438.48788964478,3.326838125968024,-0.5975704258260013,0,-1807.5882879369128,"{""2021"": 9.124, ""2022"": -0.223, ""2023"": 9.222}",718.0097722982894,-0.11693344861429245,-0.5784434051882783,0,-137.59717349193772,"{""2024"": -0.231, ""2025"": -0.046, ""2026"": -0.022}",54439.81417859827,1.0258041739504846,-0.6448322116908499,0,-10432.677723067914,"{""2021"": 9.124, ""2022"": -0.223, ""2023"": 9.222, ""2024"": -0.337, ""2025"": -0.046, ""2026"": -0.022}"
0.05,5,140680.54256792046,1.281835003559348,-0.5718232804183334,0,-9209.318414148758,"{""2018"": -0.212, ""2019"": 2.825, ""2020"": 11.239, ""2021"": 0.501, ""2022"": -0.425, ""2023"": 3.318}",3156.302126367572,0.5395165052381132,-0.5251814272489905,0,-381.52206283776695,"{""2024"": 1.765, ""2025"": -0.099, ""2026"": 0.267}",444030.2956456725,1.021228919750127,-0.5718232804183334,0,-53672.73080164939,"{""2018"": -0.212, ""2019"": 2.825, ""2020"": 11.239, ""2021"": 0.501, ""2022"": -0.425, ""2023"": 3.318, ""2024"": 1.765, ""2025"": -0.099, ""2026"": 0.267}",33225.909571124466,0.7937138617600168,-0.617061105448418,0,-1424.8646447497758,"{""2018"": -0.185, ""2019"": -0.219, ""2020"": 3.962, ""2021"": 2.978, ""2022"": 0.019, ""2023"": 1.644}",1759.29275893436,0.2362216580507348,-0.6166797056598795,0,-211.69013609891635,"{""2024"": 0.699, ""2025"": 0.281, ""2026"": -0.192}",58454.10211748716,0.5994104039950734,-0.617061105448418,0,-7033.597319121647,"{""2018"": -0.185, ""2019"": -0.219, ""2020"": 3.962, ""2021"": 2.978, ""2022"": 0.019, ""2023"": 1.644, ""2024"": 0.699, ""2025"": 0.281, ""2026"": -0.192}",80438.48788964478,3.326838125968024,-0.5975704258260013,0,-1807.5882879369128,"{""2021"": 9.124, ""2022"": -0.223, ""2023"": 9.222}",754.1923442212641,-0.10048465651715244,-0.5847590750286444,0,-137.59717349193772,"{""2024"": -0.231, ""2025"": -0.046, ""2026"": 0.028}",57183.19256700852,1.0434716108137132,-0.6501532587732601,0,-10432.677723067914,"{""2021"": 9.124, ""2022"": -0.223, ""2023"": 9.222, ""2024"": -0.337, ""2025"": -0.046, ""2026"": 0.028}"
0.05,10,178266.94500560046,1.3737525368622086,-0.574906762531504,0,-11669.82319876604,"{""2018"": -0.212, ""2019"": 2.828, ""2020"": 11.535, ""2021"": 0.501, ""2022"": -0.425, ""2023"": 4.338}",3131.8902545722276,0.5350359027113756,-0.528853829211785,0,-400.6702866911519,"{""2024"": 1.765, ""2025"": -0.106, ""2026"": 0.267}",558312.5077754075,1.0753800940633593,-0.574906762531504,0,-71426.26796294958,"{""2018"": -0.212, ""2019"": 2.828, ""2020"": 11.535, ""2021"": 0.501, ""2022"": -0.425, ""2023"": 4.338, ""2024"": 1.765, ""2025"": -0.106, ""2026"": 0.267}",33225.909571124466,0.7937138617600168,-0.617061105448418,0,-1424.8646447497758,"{""2018"": -0.185, ""2019"": -0.219, ""2020"": 3.962, ""2021"": 2.978, ""2022"": 0.019, ""2023"": 1.644}",1759.29275893436,0.2362216580507348,-0.6166797056598795,0,-211.69013609891635,"{""2024"": 0.699, ""2025"": 0.281, ""2026"": -0.192}",58454.10211748716,0.5994104039950734,-0.617061105448418,0,-7033.597319121647,"{""2018"": -0.185, ""2019"": -0.219, ""2020"": 3.962, ""2021"": 2.978, ""2022"": 0.019, ""2023"": 1.644, ""2024"": 0.699, ""2025"": 0.281, ""2026"": -0.192}",80438.48788964478,3.326838125968024,-0.5975704258260013,0,-1807.5882879369128,"{""2021"": 9.124, ""2022"": -0.223, ""2023"": 9.222}",754.1923442212641,-0.10048465651715244,-0.5847590750286444,0,-137.59717349193772,"{""2024"": -0.231, ""2025"": -0.046, ""2026"": 0.028}",57183.19256700852,1.0434716108137132,-0.6501532587732601,0,-10432.677723067914,"{""2021"": 9.124, ""2022"": -0.223, ""2023"": 9.222, ""2024"": -0.337, ""2025"": -0.046, ""2026"": 0.028}"
0.05,20,178266.94500560046,1.3737525368622086,-0.574906762531504,0,-11669.82319876604,"{""2018"": -0.212, ""2019"": 2.828, ""2020"": 11.535, ""2021"": 0.501, ""2022"": -0.425, ""2023"": 4.338}",3131.8902545722276,0.5350359027113756,-0.528853829211785,0,-400.6702866911519,"{""2024"": 1.765, ""2025"": -0.106, ""2026"": 0.267}",558312.5077754075,1.0753800940633593,-0.574906762531504,0,-71426.26796294958,"{""2018"": -0.212, ""2019"": 2.828, ""2020"": 11.535, ""2021"": 0.501, ""2022"": -0.425, ""2023"": 4.338, ""2024"": 1.765, ""2025"": -0.106, ""2026"": 0.267}",33225.909571124466,0.7937138617600168,-0.617061105448418,0,-1424.8646447497758,"{""2018"": -0.185, ""2019"": -0.219, ""2020"": 3.962, ""2021"": 2.978, ""2022"": 0.019, ""2023"": 1.644}",1759.29275893436,0.2362216580507348,-0.6166797056598795,0,-211.69013609891635,"{""2024"": 0.699, ""2025"": 0.281, ""2026"": -0.192}",58454.10211748716,0.5994104039950734,-0.617061105448418,0,-7033.597319121647,"{""2018"": -0.185, ""2019"": -0.219, ""2020"": 3.962, ""2021"": 2.978, ""2022"": 0.019, ""2023"": 1.644, ""2024"": 0.699, ""2025"": 0.281, ""2026"": -0.192}",80438.48788964478,3.326838125968024,-0.5975704258260013,0,-1807.5882879369128,"{""2021"": 9.124, ""2022"": -0.223, ""2023"": 9.222}",754.1923442212641,-0.10048465651715244,-0.5847590750286444,0,-137.59717349193772,"{""2024"": -0.231, ""2025"": -0.046, ""2026"": 0.028}",57183.19256700852,1.0434716108137132,-0.6501532587732601,0,-10432.677723067914,"{""2021"": 9.124, ""2022"": -0.223, ""2023"": 9.222, ""2024"": -0.337, ""2025"": -0.046, ""2026"": 0.028}"
0.08,3,58730.08776522224,0.972477386979921,-0.6528427350236345,0,-3632.126358092155,"{""2018"": -0.301, ""2019"": 1.423, ""2020"": 9.581, ""2021"": 0.71, ""2022"": -0.459, ""2023"": 2.445}",2380.033283184684,0.38472576736283104,-0.4831153771867529,0,-292.0125998024125,"{""2024"": 1.198, ""2025"": -0.011, ""2026"": 0.095}",139779.56360558647,0.7687585564709454,-0.6528427350236345,0,-17149.92561494645,"{""2018"": -0.301, ""2019"": 1.423, ""2020"": 9.581, ""2021"": 0.71, ""2022"": -0.459, ""2023"": 2.445, ""2024"": 1.198, ""2025"": -0.011, ""2026"": 0.095}",50624.6078851474,0.9242205150735274,-0.7286722928596625,0,-3243.474056189303,"{""2018"": -0.256, ""2019"": -0.248, ""2020"": 4.985, ""2021"": 5.46, ""2022"": 0.065, ""2023"": 1.269}",1396.4193675430456,0.13353997089763858,-0.7150297964540078,0,-313.0096346314426,"{""2024"": 0.465, ""2025"": 0.319, ""2026"": -0.278}",70693.18292509216,0.6348988194216967,-0.7286722928596625,0,-15845.99001749004,"{""2018"": -0.256, ""2019"": -0.248, ""2020"": 4.985, ""2021"": 5.46, ""2022"": 0.065, ""2023"": 1.269, ""2024"": 0.465, ""2025"": 0.319, ""2026"": -0.278}",228511.72074524502,5.131413756356012,-0.722690787626397,0,-6120.922644618746,"{""2021"": 16.979, ""2022"": -0.341, ""2023"": 18.282}",483.7699870272184,-0.23859091670617028,-0.7302976748579186,0,-219.03735580138346,"{""2024"": -0.367, ""2025"": -0.087, ""2026"": -0.164}",103790.97692802512,1.2703559531929822,-0.7644735321608763,0,-46993.616288721794,"{""2021"": 16.979, ""2022"": -0.341, ""2023"": 18.282, ""2024"": -0.459, ""2025"": -0.087, ""2026"": -0.164}"
0.08,5,217118.05617217178,1.4531046166854926,-0.7065472665415449,0,-18076.950190364354,"{""2018"": -0.324, ""2019"": 2.269, ""2020"": 21.317, ""2021"": 0.763, ""2022"": -0.554, ""2023"": 4.433}",3230.537381636298,0.5530102301667199,-0.6360781819794754,0,-629.7572958686646,"{""2024"": 2.049, ""2025"": -0.09, ""2026"": 0.164}",701407.9966924087,1.1307716812357502,-0.7065472665415449,0,-136731.67993924743,"{""2018"": -0.324, ""2019"": 2.269, ""2020"": 21.317, ""2021"": 0.763, ""2022"": -0.554, ""2023"": 4.433, ""2024"": 2.049, ""2025"": -0.09, ""2026"": 0.164}",77113.6014092742,1.0641310030804938,-0.7745753286891062,0,-4041.631340390115,"{""2018"": -0.298, ""2019"": -0.377, ""2020"": 7.784, ""2021"": 5.46, ""2022"": 0.004, ""2023"": 2.194}",1623.405872448977,0.19947518357010852,-0.7824023158360001,0,-405.1613663280359,"{""2024"": 0.782, ""2025"": 0.376, ""2026"": -0.338}",125186.67337350518,0.7463877444406659,-0.7824023158360004,0,-31243.45210945711,"{""2018"": -0.298, ""2019"": -0.377, ""2020"": 7.784, ""2021"": 5.46, ""2022"": 0.004, ""2023"": 2.194, ""2024"": 0.782, ""2025"": 0.376, ""2026"": -0.338}",214758.0175339673,5.005648141838713,-0.722690787626397,0,-6120.922644618746,"{""2021"": 16.979, ""2022"": -0.341, ""2023"": 17.121}",487.8051182568315,-0.23621305561825168,-0.7802435277539022,0,-220.15547758710056,"{""2024"": -0.393, ""2025"": -0.092, ""2026"": -0.115}",98357.60311125347,1.2488970958737857,-0.80795748701526,0,-44390.60656981359,"{""2021"": 16.979, ""2022"": -0.341, ""2023"": 17.121, ""2024"": -0.481, ""2025"": -0.092, ""2026"": -0.115}"
0.08,10,626751.6772158211,1.9275335932787359,-0.7414675282608738,0,-53025.31050898408,"{""2018"": -0.324, ""2019"": 3.577, ""2020"": 31.739, ""2021"": 0.763, ""2022"": -0.6, ""2023"": 7.51}",3638.032853354004,0.6238321757952323,-0.6968145522532938,0,-785.4024012927953,"{""2024"": 2.408, ""2025"": -0.198, ""2026"": 0.331}",2280143.192605889,1.441410763301183,-0.7414675282608738,0,-492252.27229959425,"{""2018"": -0.324, ""2019"": 3.577, ""2020"": 31.739, ""2021"": 0.763, ""2022"": -0.6, ""2023"": 7.51, ""2024"": 2.408, ""2025"": -0.198, ""2026"": 0.331}",93162.65317222066,1.1302558862661716,-0.7788603128916061,0,-5032.215306623257,"{""2018"": -0.311, ""2019"": -0.377, ""2020"": 7.84, ""2021"": 5.46, ""2022"": 0.004, ""2023"": 2.908}",1803.2630882921899,0.2477306589174899,-0.7847493713482451,0,-437.26090544638555,"{""2024"": 0.923, ""2025"": 0.376, ""2026"": -0.318}",167996.7736728322,0.8067048961640237,-0.7847493713482454,0,-40736.3860798727,"{""2018"": -0.311, ""2019"": -0.377, ""2020"": 7.84, ""2021"": 5.46, ""2022"": 0.004, ""2023"": 2.908, ""2024"": 0.923, ""2025"": 0.376, ""2026"": -0.318}",214758.0175339673,5.005648141838713,-0.722690787626397,0,-6120.922644618746,"{""2021"": 16.979, ""2022"": -0.341, ""2023"": 17.121}",511.69113512669,-0.222382886526738,-0.7839033927950184,0,-220.15547758710056,"{""2024"": -0.393, ""2025"": -0.092, ""2026"": -0.071}",103173.81204237277,1.2679657162444475,-0.8111557986394738,0,-44390.60656981359,"{""2021"": 16.979, ""2022"": -0.341, ""2023"": 17.121, ""2024"": -0.481, ""2025"": -0.092, ""2026"": -0.071}"
0.08,20,682275.858831939,1.9692733396355577,-0.7426000314141065,0,-57722.84396279248,"{""2018"": -0.324, ""2019"": 3.577, ""2020"": 31.739, ""2021"": 0.763, ""2022"": -0.6, ""2023"": 8.264}",3638.032853354004,0.6238321757952323,-0.6968145522532938,0,-785.4024012927953,"{""2024"": 2.408, ""2025"": -0.198, ""2026"": 0.331}",2482141.989480895,1.4654515228429443,-0.7426000314141065,0,-535861.0978707098,"{""2018"": -0.324, ""2019"": 3.577, ""2020"": 31.739, ""2021"": 0.763, ""2022"": -0.6, ""2023"": 8.264, ""2024"": 2.408, ""2025"": -0.198, ""2026"": 0.331}",93162.65317222066,1.1302558862661716,-0.7788603128916061,0,-5032.215306623257,"{""2018"": -0.311, ""2019"": -0.377, ""2020"": 7.84, ""2021"": 5.46, ""2022"": 0.004, ""2023"": 2.908}",1803.2630882921899,0.2477306589174899,-0.7847493713482451,0,-437.26090544638555,"{""2024"": 0.923, ""2025"": 0.376, ""2026"": -0.318}",167996.7736728322,0.8067048961640237,-0.7847493713482454,0,-40736.3860798727,"{""2018"": -0.311, ""2019"": -0.377, ""2020"": 7.84, ""2021"": 5.46, ""2022"": 0.004, ""2023"": 2.908, ""2024"": 0.923, ""2025"": 0.376, ""2026"": -0.318}",214758.0175339673,5.005648141838713,-0.722690787626397,0,-6120.922644618746,"{""2021"": 16.979, ""2022"": -0.341, ""2023"": 17.121}",511.69113512669,-0.222382886526738,-0.7839033927950184,0,-220.15547758710056,"{""2024"": -0.393, ""2025"": -0.092, ""2026"": -0.071}",103173.81204237277,1.2679657162444475,-0.8111557986394738,0,-44390.60656981359,"{""2021"": 16.979, ""2022"": -0.341, ""2023"": 17.121, ""2024"": -0.481, ""2025"": -0.092, ""2026"": -0.071}"
0.1,3,57654.962219584646,0.9664087169180304,-0.6528427350236345,0,-3565.635876276785,"{""2018"": -0.301, ""2019"": 1.423, ""2020"": 9.434, ""2021"": 0.703, ""2022"": -0.459, ""2023"": 2.445}",2380.033283184684,0.38472576736283104,-0.4831153771867529,0,-292.0125998024125,"{""2024"": 1.198, ""2025"": -0.011, ""2026"": 0.095}",137220.72902336737,0.7649900993421772,-0.6528427350236345,0,-16835.975409250837,"{""2018"": -0.301, ""2019"": 1.423, ""2020"": 9.434, ""2021"": 0.703, ""2022"": -0.459, ""2023"": 2.445, ""2024"": 1.198, ""2025"": -0.011, ""2026"": 0.095}",62818.12251574303,0.9947390338889337,-0.7605569907864603,0,-3878.7761647966,"{""2018"": -0.293, ""2019"": -0.241, ""2020"": 5.192, ""2021"": 6.633, ""2022"": 0.132, ""2023"": 1.269}",1388.112720030685,0.1310040668509287,-0.7167051233040114,0,-312.9877269000847,"{""2024"": 0.465, ""2025"": 0.319, ""2026"": -0.282}",87198.6349125486,0.6749857376878343,-0.7605569907864603,0,-19661.30137433346,"{""2018"": -0.293, ""2019"": -0.241, ""2020"": 5.192, ""2021"": 6.633, ""2022"": 0.132, ""2023"": 1.269, ""2024"": 0.465, ""2025"": 0.319, ""2026"": -0.282}",335314.1116496626,5.9688942905278335,-0.774806004854508,0,-11041.616982995918,"{""2021"": 21.866, ""2022"": -0.385, ""2023"": 22.857}",495.54818667010943,-0.23168432524188776,-0.7237313149867828,0,-219.03735580138346,"{""2024"": -0.36, ""2025"": -0.054, ""2026"": -0.181}",155945.28093714354,1.4396222570958508,-0.774806004854508,0,-68929.40566628493,"{""2021"": 21.866, ""2022"": -0.385, ""2023"": 22.857, ""2024"": -0.454, ""2025"": -0.054, ""2026"": -0.181}"
0.1,5,223755.51887414098,1.4654556711346878,-0.7648177621895252,0,-17697.023882625508,"{""2018"": -0.392, ""2019"": 2.002, ""2020"": 26.02, ""2021"": 0.915, ""2022"": -0.605, ""2023"": 4.81}",2693.485725507502,0.4505538303640788,-0.65369134922251,0,-566.3680478022125,"{""2024"": 1.558, ""2025"": -0.057, ""2026"": 0.117}",602682.2960910233,1.0937822363498437,-0.7648177621895252,0,-126727.97640971869,"{""2018"": -0.392, ""2019"": 2.002, ""2020"": 26.02, ""2021"": 0.915, ""2022"": -0.605, ""2023"": 4.81, ""2024"": 1.558, ""2025"": -0.057, ""2026"": 0.117}",94636.31712791848,1.1358391810720745,-0.8362672523547701,0,-5881.22743669452,"{""2018"": -0.357, ""2019"": -0.454, ""2020"": 9.242, ""2021"": 7.281, ""2022"": -0.005, ""2023"": 2.317}",1356.389055749967,0.12123107444557868,-0.8383412250945227,0,-497.3742298335246,"{""2024"": 0.619, ""2025"": 0.426, ""2026"": -0.412}",128363.66482879166,0.7514474748272852,-0.8383412250945228,0,-47069.66534577956,"{""2018"": -0.357, ""2019"": -0.454, ""2020"": 9.242, ""2021"": 7.281, ""2022"": -0.005, ""2023"": 2.317, ""2024"": 0.619, ""2025"": 0.426, ""2026"": -0.412}",321313.7228016699,5.870365069910416,-0.7850501490926165,0,-11041.616982995918,"{""2021"": 21.866, ""2022"": -0.413, ""2023"": 22.95}",329.75005705020715,-0.3406232412961634,-0.8563415686959814,0,-275.1943469838752,"{""2024"": -0.499, ""2025"": -0.13, ""2026"": -0.243}",99335.5040096622,1.2528301109767241,-0.8709237417147371,0,-82900.87772173097,"{""2021"": 21.866, ""2022"": -0.413, ""2023"": 22.95, ""2024"": -0.573, ""2025"": -0.13, ""2026"": -0.243}"
0.1,10,902216.3989656973,2.1109222016740032,-0.8138633818924234,0,-85728.36383820139,"{""2018"": -0.392, ""2019"": 3.766, ""2020"": 52.68, ""2021"": 0.915, ""2022"": -0.691, ""2023"": 8.472}",3594.245446740836,0.6164677101049565,-0.7744881118931985,0,-972.5102556091706,"{""2024"": 2.601, ""2025"": -0.254, ""2026"": 0.337}",3242787.183957369,1.542717012616201,-0.8138633818924234,0,-877414.7007729155,"{""2018"": -0.392, ""2019"": 3.766, ""2020"": 52.68, ""2021"": 0.915, ""2022"": -0.691, ""2023"": 8.472, ""2024"": 2.601, ""2025"": -0.254, ""2026"": 0.337}",141782.9190429778,1.284807442362013,-0.8538936808279437,0,-9106.41956362914,"{""2018"": -0.396, ""2019"": -0.481, ""2020"": 10.927, ""2021"": 7.281, ""2022"": -0.015, ""2023"": 3.833}",1672.7053703707124,0.21302122876568808,-0.8543013994321794,0,-602.7189981749925,"{""2024"": 0.984, ""2025"": 0.409, ""2026"": -0.402}",237161.05011002521,0.8800672515917753,-0.8543013994321794,0,-85455.25892390974,"{""2018"": -0.396, ""2019"": -0.481, ""2020"": 10.927, ""2021"": 7.281, ""2022"": -0.015, ""2023"": 3.833, ""2024"": 0.984, ""2025"": 0.409, ""2026"": -0.402}",319342.30448474217,5.856262708227792,-0.7850501490926165,0,-11041.616982995918,"{""2021"": 21.866, ""2022"": -0.413, ""2023"": 22.804}",364.5777635297444,-0.3152966897578332,-0.8679728219441534,0,-275.1943469838752,"{""2024"": -0.499, ""2025"": -0.13, ""2026"": -0.163}",109153.32704988652,1.290645765299657,-0.8813743545664479,0,-82392.23991004651,"{""2021"": 21.866, ""2022"": -0.413, ""2023"": 22.804, ""2024"": -0.573, ""2025"": -0.13, ""2026"": -0.163}"
0.1,20,1211239.827595849,2.2675606499271823,-0.8165935649192106,0,-115091.68837376137,"{""2018"": -0.392, ""2019"": 3.77, ""2020"": 54.524, ""2021"": 0.915, ""2022"": -0.691, ""2023"": 11.282}",3528.637825823257,0.6053277313994814,-0.7786044970111748,0,-1021.2757641291041,"{""2024"": 2.601, ""2025"": -0.267, ""2026"": 0.337}",4274026.671798354,1.6250729142040257,-0.8165935649192106,0,-1237009.8804715574,"{""2018"": -0.392, ""2019"": 3.77, ""2020"": 54.524, ""2021"": 0.915, ""2022"": -0.691, ""2023"": 11.282, ""2024"": 2.601, ""2025"": -0.267, ""2026"": 0.337}",141782.9190429778,1.284807442362013,-0.8538936808279437,0,-9106.41956362914,"{""2018"": -0.396, ""2019"": -0.481, ""2020"": 10.927, ""2021"": 7.281, ""2022"": -0.015, ""2023"": 3.833}",1672.7053703707124,0.21302122876568808,-0.8543013994321794,0,-602.7189981749925,"{""2024"": 0.984, ""2025"": 0.409, ""2026"": -0.402}",237161.05011002521,0.8800672515917753,-0.8543013994321794,0,-85455.25892390974,"{""2018"": -0.396, ""2019"": -0.481, ""2020"": 10.927, ""2021"": 7.281, ""2022"": -0.015, ""2023"": 3.833, ""2024"": 0.984, ""2025"": 0.409, ""2026"": -0.402}",319342.30448474217,5.856262708227792,-0.7850501490926165,0,-11041.616982995918,"{""2021"": 21.866, ""2022"": -0.413, ""2023"": 22.804}",364.5777635297444,-0.3152966897578332,-0.8679728219441534,0,-275.1943469838752,"{""2024"": -0.499, ""2025"": -0.13, ""2026"": -0.163}",109153.32704988652,1.290645765299657,-0.8813743545664479,0,-82392.23991004651,"{""2021"": 21.866, ""2022"": -0.413, ""2023"": 22.804, ""2024"": -0.573, ""2025"": -0.13, ""2026"": -0.163}"
0.15,3,57250.29117959854,0.9641000628274525,-0.6528427350236345,0,-3540.609243308598,"{""2018"": -0.301, ""2019"": 1.423, ""2020"": 9.322, ""2021"": 0.71, ""2022"": -0.459, ""2023"": 2.445}",2380.033283184684,0.38472576736283104,-0.4831153771867529,0,-292.0125998024125,"{""2024"": 1.198, ""2025"": -0.011, ""2026"": 0.095}",136257.59847945918,0.76355555656488,-0.6528427350236345,0,-16717.806366799647,"{""2018"": -0.301, ""2019"": 1.423, ""2020"": 9.322, ""2021"": 0.71, ""2022"": -0.459, ""2023"": 2.445, ""2024"": 1.198, ""2025"": -0.011, ""2026"": 0.095}",57302.59068195013,0.9643991958447429,-0.8109165606920243,0,-3363.441094316855,"{""2018"": -0.4, ""2019"": -0.241, ""2020"": 5.329, ""2021"": 6.976, ""2022"": 0.139, ""2023"": 1.269}",1388.112720030685,0.1310040668509287,-0.7167051233040114,0,-312.9877269000847,"{""2024"": 0.465, ""2025"": 0.319, ""2026"": -0.282}",79542.45501632686,0.6573103784745236,-0.8109165606920243,0,-17935.00760302956,"{""2018"": -0.4, ""2019"": -0.241, ""2020"": 5.329, ""2021"": 6.976, ""2022"": 0.139, ""2023"": 1.269, ""2024"": 0.465, ""2025"": 0.319, ""2026"": -0.282}",483082.9624367882,6.872362031926422,-0.7973926807705681,0,-16310.938983672597,"{""2021"": 30.336, ""2022"": -0.397, ""2023"": 24.569}",516.9075499972962,-0.21941648375735068,-0.7157212957326382,0,-219.03735580138346,"{""2024"": -0.349, ""2025"": -0.031, ""2026"": -0.181}",234352.24120783427,1.6215980121529676,-0.7973926807705681,0,-99305.75639794883,"{""2021"": 30.336, ""2022"": -0.397, ""2023"": 24.569, ""2024"": -0.444, ""2025"": -0.031, ""2026"": -0.181}"
0.15,5,179293.60496313553,1.3760270987522096,-0.8026422986409687,0,-15075.12949909686,"{""2018"": -0.466, ""2019"": 1.666, ""2020"": 27.547, ""2021"": 1.093, ""2022"": -0.655, ""2023"": 4.911}",2554.9283105615236,0.42207999048004696,-0.6602403475411882,0,-547.5885029483338,"{""2024"": 1.473, ""2025"": -0.057, ""2026"": 0.096}",458082.30722294847,1.0285116355184152,-0.8026422986409687,0,-98179.11672997352,"{""2018"": -0.466, ""2019"": 1.666, ""2020"": 27.547, ""2021"": 1.093, ""2022"": -0.655, ""2023"": 4.911, ""2024"": 1.473, ""2025"": -0.057, ""2026"": 0.096}",132287.5102770984,1.2585445232067074,-0.8923315680109357,0,-8450.316045220388,"{""2018"": -0.499, ""2019"": -0.472, ""2020"": 10.69, ""2021"": 11.425, ""2022"": 0.084, ""2023"": 2.367}",1115.8793532070613,0.042017032165943435,-0.8780614728694588,0,-618.5248862653584,"{""2024"": 0.501, ""2025"": 0.362, ""2026"": -0.454}",147616.901405381,0.7799327289021623,-0.8923315680109357,0,-81823.11724846996,"{""2018"": -0.499, ""2019"": -0.472, ""2020"": 10.69, ""2021"": 11.425, ""2022"": 0.084, ""2023"": 2.367, ""2024"": 0.501, ""2025"": 0.362, ""2026"": -0.454}",575654.5769511687,7.34691012583442,-0.8890297046338308,0,-30845.319321039387,"{""2021"": 28.79, ""2022"": -0.56, ""2023"": 42.877}",183.73639297825918,-0.47059308301852365,-0.9240398541917673,0,-365.0622596689725,"{""2024"": -0.639, ""2025"": -0.186, ""2026"": -0.374}",98987.47992915311,1.2514340633889658,-0.9285832959544615,0,-196676.2954040867,"{""2021"": 28.79, ""2022"": -0.56, ""2023"": 42.877, ""2024"": -0.694, ""2025"": -0.186, ""2026"": -0.374}"
0.15,10,897610.0238287341,2.1082675379296316,-0.9041589720155239,0,-98784.72932189831,"{""2018"": -0.544, ""2019"": 2.457, ""2020"": 108.223, ""2021"": 1.193, ""2022"": -0.814, ""2023"": 11.267}",2459.460575009194,0.4018953056477481,-0.8689728444228377,0,-1222.378561276942,"{""2024"": 2.157, ""2025"": -0.286, ""2026"": 0.091}",2207636.4653398283,1.4323200208984423,-0.9041589720155239,0,-1097219.249515523,"{""2018"": -0.544, ""2019"": 2.457, ""2020"": 108.223, ""2021"": 1.193, ""2022"": -0.814, ""2023"": 11.267, ""2024"": 2.157, ""2025"": -0.286, ""2026"": 0.091}",163252.7089101365,1.3391747949746207,-0.9532034545962231,0,-13205.911616309895,"{""2018"": -0.586, ""2019"": -0.706, ""2020"": 19.449, ""2021"": 11.578, ""2022"": -0.09, ""2023"": 5.07}",976.1588857240115,-0.009017116959935456,-0.9468590379335883,0,-899.9113353652583,"{""2024"": 0.776, ""2025"": 0.399, ""2026"": -0.607}",159360.58242114467,0.7957312833268961,-0.9532034545962231,0,-146912.96327731677,"{""2018"": -0.586, ""2019"": -0.706, ""2020"": 19.449, ""2021"": 11.578, ""2022"": -0.09, ""2023"": 5.07, ""2024"": 0.776, ""2025"": 0.399, ""2026"": -0.607}",472524.7352421974,6.8144943760308365,-0.8924680818887778,0,-30845.319321039387,"{""2021"": 28.79, ""2022"": -0.573, ""2023"": 36.168}",112.17281728394565,-0.5601124389448191,-0.9694605099608556,0,-412.79152047581283,"{""2024"": -0.73, ""2025"": -0.248, ""2026"": -0.447}",49593.87819173161,0.9927204363266717,-0.970537639826861,0,-182503.50557957578,"{""2021"": 28.79, ""2022"": -0.573, ""2023"": 36.168, ""2024"": -0.771, ""2025"": -0.248, ""2026"": -0.447}"
0.15,20,2253468.133928785,2.624026091726686,-0.9241103692031576,0,-279021.70800827746,"{""2018"": -0.544, ""2019"": 3.47, ""2020"": 160.721, ""2021"": 1.193, ""2022"": -0.847, ""2023"": 18.571}",2278.429963445481,0.3622324333896212,-0.9092952876305819,0,-1319.8912895187948,"{""2024"": 2.368, ""2025"": -0.456, ""2026"": 0.242}",5134369.318012908,1.6812425219185068,-0.9241103692031576,0,-2974332.9611807633,"{""2018"": -0.544, ""2019"": 3.47, ""2020"": 160.721, ""2021"": 1.193, ""2022"": -0.847, ""2023"": 18.571, ""2024"": 2.368, ""2025"": -0.456, ""2026"": 0.242}",192652.13090431225,1.4046753698969554,-0.954149757900706,0,-17339.64493220186,"{""2018"": -0.594, ""2019"": -0.706, ""2020"": 19.449, ""2021"": 11.578, ""2022"": -0.09, ""2023"": 6.311}",1059.6292597054285,0.02198006103913075,-0.9469009951816391,0,-945.4859891164288,"{""2024"": 0.866, ""2025"": 0.399, ""2026"": -0.594}",204139.83485080954,0.8478064705605954,-0.954149757900706,0,-182149.8905434517,"{""2018"": -0.594, ""2019"": -0.706, ""2020"": 19.449, ""2021"": 11.578, ""2022"": -0.09, ""2023"": 6.311, ""2024"": 0.866, ""2025"": 0.399, ""2026"": -0.594}",472524.7352421974,6.8144943760308365,-0.8924680818887778,0,-30845.319321039387,"{""2021"": 28.79, ""2022"": -0.573, ""2023"": 36.168}",116.95095303193233,-0.5531701118779757,-0.9695068831981172,0,-412.79152047581283,"{""2024"": -0.73, ""2025"": -0.248, ""2026"": -0.424}",51706.388940832025,1.0074560485171276,-0.970582377476928,0,-182503.50557957578,"{""2021"": 28.79, ""2022"": -0.573, ""2023"": 36.168, ""2024"": -0.771, ""2025"": -0.248, ""2026"": -0.424}"
