experiment,task,horizon,median_trees,minutes,ic_pearson,ic_spearman,ic_monthly_mean,ic_monthly_tstat,ic_months_positive,auc_direction,hit_rate_direction,n,hit@q0,n@q0,hit@q50,n@q50,hit@q80,n@q80,hit@q90,n@q90,meta_auc,primary_precision,filtered_precision,coverage
E1_reg_h24,reg,24,12.0000,22.2000,0.0170,0.0108,0.0285,1.4635,0.6471,0.5037,0.5025,49632,0.5025,49632.0000,0.5194,24172.0000,0.5289,10778.0000,0.5246,6336.0000,,,,
E2_reg_h4,reg,4,112.5000,8.1000,0.0435,0.0314,0.0317,3.9077,0.7059,0.5125,0.5093,49652,0.5093,49652.0000,0.5177,24240.0000,0.5243,10431.0000,0.5237,5623.0000,,,,
E3_tb_h24,tb,24,97.5000,10.0000,0.0323,0.0343,0.0564,3.7284,0.7206,0.5219,0.5224,49632,0.5224,49632.0000,0.5336,24662.0000,0.5372,10948.0000,0.5403,6224.0000,,,,
E4_meta_tsmom_h24,meta,24,15.0000,6.9000,,,,,,,,49632,0.5203,49632.0000,0.5350,24725.0000,0.5481,11215.0000,0.5566,6552.0000,0.5209,0.4853,0.5078,0.3625
E5_reg_h24_price_only,reg,24,12.0000,5.5000,-0.0035,-0.0117,-0.0035,-0.1747,0.4853,0.4947,0.5056,49632,0.5056,49632.0000,0.5039,23763.0000,0.5147,10714.0000,0.5138,6218.0000,,,,
E6_reg_h24_rolling2y,reg,24,12.0000,3.2000,0.0040,0.0048,0.0551,3.0566,0.6765,0.5031,0.5108,49632,0.5108,49632.0000,0.5252,25208.0000,0.5354,11312.0000,0.5475,6730.0000,,,,
E7_vol_h24,vol,24,457.5000,15.8000,0.7532,,,,,,,49656,,,,,,,,,,,,
E8_reg_h168,reg,168,15.0000,10.2000,0.0352,0.0038,0.0596,1.7082,0.6029,0.5025,0.5254,49488,0.5254,49488.0000,0.5356,24302.0000,0.5564,13112.0000,0.5595,7930.0000,,,,
E9_reg_h24_fixed300,reg,24,300.0000,4.2000,0.0245,0.0139,0.0294,1.4159,0.6471,0.5042,0.5033,49632,0.5033,49632.0000,0.5071,24509.0000,0.5284,10549.0000,0.5394,5866.0000,,,,
C1_shuffle_h24,reg,24,10.5000,1.8000,0.0001,0.0044,0.0109,0.8923,0.5000,0.5051,0.5138,49632,0.5138,49632.0000,0.5206,22969.0000,0.5300,9871.0000,0.5319,5657.0000,,,,
C2_leak_h24,reg,24,20.5000,2.3000,0.0289,0.0199,0.0340,1.9533,0.6618,0.5064,0.5154,49632,0.5154,49632.0000,0.5196,23518.0000,0.5117,11150.0000,0.5114,6656.0000,,,,
E10_ridge_h24,reg,24,0.0000,0.4000,0.0323,0.0162,-0.0062,-0.3789,0.4706,0.5012,0.5030,49632,0.5030,49632.0000,0.5097,24318.0000,0.5046,10021.0000,0.5065,5248.0000,,,,
C3_leak_ridge_h24,reg,24,0.0000,0.6000,0.0773,0.0560,0.0429,3.0928,0.6176,0.5207,0.5156,49632,0.5156,49632.0000,0.5305,24417.0000,0.5421,9950.0000,0.5514,5114.0000,,,,
