strategy,family,cagr,ann_ret,ann_vol,sharpe,sharpe_daily,max_dd,turnover_per_year,exposure,cost_per_year,funding_per_year,hit_rate,sharpe@0bps,sharpe@2bps,sharpe@10bps,dsr
BH_spot,baseline,0.1921,0.3461,0.5837,0.5930,0.5991,-0.7720,0.1764,1.0000,0.0002,0.0000,0.5049,,,,
Long_perp,baseline,0.0696,0.2378,0.5839,0.4074,0.4121,-0.7919,0.1764,1.0000,0.0001,0.1084,0.5049,,,,
TSMOM168_LS_perp,baseline,-0.1036,0.0307,0.5294,0.0580,0.0592,-0.7970,132.8836,0.8608,0.0664,0.0448,0.5009,,,,
TSMOM168_LO_spot,baseline,0.1145,0.1776,0.3719,0.4775,0.4747,-0.6201,66.5300,0.5239,0.0665,0.0000,0.5056,,,,
E1_reg_h24_LS_perp,ml,-0.1048,0.0238,0.5185,0.0459,0.0465,-0.7474,127.9000,0.8424,0.0639,0.0222,0.5025,0.1693,0.1199,-0.0774,0.2110
E1_reg_h24_LO_spot,ml,0.0558,0.1643,0.4687,0.3505,0.3602,-0.6921,63.8618,0.7515,0.0639,0.0000,0.5050,,,,0.4776
E2_reg_h4_LS_perp,ml,0.0836,0.2008,0.4910,0.4090,0.4308,-0.5955,1078.5935,0.7661,0.5393,0.0074,0.5051,1.5081,1.0684,-0.6888,0.5447
E2_reg_h4_LO_spot,ml,-0.0840,0.0077,0.4370,0.0176,0.0181,-0.7509,539.2086,0.6414,0.5392,0.0000,0.5076,,,,0.1920
E3_tb_h24_LS_perp,ml,0.0657,0.1594,0.4376,0.3642,0.3598,-0.6479,231.7978,0.7025,0.1159,0.0102,0.5039,0.6291,0.5231,0.0993,0.4773
E3_tb_h24_LO_spot,ml,0.1174,0.2001,0.4220,0.4741,0.4811,-0.6853,115.8107,0.6516,0.1158,0.0000,0.5053,,,,0.5914
E4_meta_tsmom_h24_LS_perp,ml,0.0563,0.0981,0.2946,0.3330,0.3259,-0.4325,125.2640,0.3246,0.0626,0.0321,0.5024,0.5456,0.4606,0.1204,0.4450
E4_meta_tsmom_h24_LO_spot,ml,0.0218,0.0520,0.2468,0.2107,0.2045,-0.4806,66.3933,0.2324,0.0664,0.0000,0.5055,,,,0.3337
E5_reg_h24_price_only_LS_perp,ml,-0.1581,-0.0394,0.5147,-0.0765,-0.0758,-0.8659,125.9888,0.8577,0.0630,0.0516,0.5007,0.0459,-0.0030,-0.1988,0.1370
E5_reg_h24_price_only_LO_spot,ml,0.0353,0.1479,0.4755,0.3110,0.3161,-0.7152,62.9062,0.7501,0.0629,0.0000,0.5044,,,,0.4360
E6_reg_h24_rolling2y_LS_perp,ml,0.0295,0.1727,0.5360,0.3222,0.3291,-0.6596,104.9368,0.8794,0.0525,0.0493,0.4997,0.4201,0.3810,0.2244,0.4482
E6_reg_h24_rolling2y_LO_spot,ml,0.1499,0.2580,0.4864,0.5305,0.5470,-0.6137,52.3802,0.7022,0.0524,0.0000,0.5047,,,,0.6514
E8_reg_h168_LS_perp,ml,0.1539,0.2458,0.4528,0.5428,0.5417,-0.4246,28.6480,0.7214,0.0143,0.0524,0.5024,0.5745,0.5618,0.5112,0.6464
E8_reg_h168_LO_spot,ml,0.2314,0.3150,0.4622,0.6816,0.6792,-0.5951,14.4122,0.7364,0.0144,0.0000,0.5048,,,,0.7592
E9_reg_h24_fixed300_LS_perp,ml,-0.0997,0.0108,0.4811,0.0225,0.0229,-0.7548,198.5831,0.7556,0.0993,-0.0091,0.5017,0.2289,0.1464,-0.1838,0.1952
E9_reg_h24_fixed300_LO_spot,ml,0.0450,0.1245,0.4011,0.3103,0.3156,-0.5708,99.2033,0.5807,0.0992,0.0000,0.5051,,,,0.4357
C1_shuffle_h24_LS_perp,control,0.0443,0.1937,0.5482,0.3534,0.3588,-0.7448,48.5138,0.9213,0.0243,0.0920,0.5051,0.3977,0.3800,0.3092,
C1_shuffle_h24_LO_spot,control,0.1719,0.3038,0.5386,0.5640,0.5678,-0.7005,24.3451,0.8942,0.0243,0.0000,0.5050,,,,
C2_leak_h24_LS_perp,control,0.2653,0.3599,0.4992,0.7210,0.7293,-0.6661,140.2215,0.7926,0.0701,0.0348,0.5035,0.8615,0.8053,0.5806,
C2_leak_h24_LO_spot,control,0.2492,0.3356,0.4755,0.7058,0.7141,-0.6940,70.0225,0.7723,0.0700,0.0000,0.5051,,,,
E10_ridge_h24_LS_perp,ml,0.0652,0.1570,0.4330,0.3627,0.3636,-0.5578,218.3158,0.6553,0.1092,-0.0117,0.5022,0.6148,0.5139,0.1106,0.4809
E10_ridge_h24_LO_spot,ml,0.1243,0.1913,0.3850,0.4969,0.4963,-0.6028,109.0697,0.6262,0.1091,0.0000,0.5043,,,,0.6062
C3_leak_ridge_h24_LS_perp,control,0.4101,0.4168,0.3823,1.0903,1.1088,-0.4557,259.5110,0.5329,0.1298,-0.0128,0.5045,1.4298,1.2940,0.7508,
C3_leak_ridge_h24_LO_spot,control,0.2759,0.3103,0.3652,0.8497,0.8543,-0.5298,129.6673,0.6046,0.1297,0.0000,0.5048,,,,
