time,net
2021-01-01 00:00:00+00:00,0.01034673336886648
2021-01-02 00:00:00+00:00,0.02413474204030096
2021-01-03 00:00:00+00:00,-0.014507001524400756
2021-01-04 00:00:00+00:00,0.0036105330815507358
2021-01-05 00:00:00+00:00,-0.005818174279219247
2021-01-06 00:00:00+00:00,-0.027101498183924124
2021-01-07 00:00:00+00:00,-0.02307815954363526
2021-01-08 00:00:00+00:00,0.012230394784584151
2021-01-09 00:00:00+00:00,-0.023451246184721577
2021-01-10 00:00:00+00:00,-0.000549486583484068
2021-01-11 00:00:00+00:00,-0.013599073709618156
2021-01-12 00:00:00+00:00,0.0023261066626433335
2021-01-13 00:00:00+00:00,0.011853518905839635
2021-01-14 00:00:00+00:00,0.0009648926157489107
2021-01-15 00:00:00+00:00,0.02022158495447383
2021-01-16 00:00:00+00:00,0.011224592667996676
2021-01-17 00:00:00+00:00,0.016441755451367862
2021-01-18 00:00:00+00:00,0.002293191309831808
2021-01-19 00:00:00+00:00,-0.027170497389346123
2021-01-20 00:00:00+00:00,0.01619329375331196
2021-01-21 00:00:00+00:00,-0.00438419118279353
2021-01-22 00:00:00+00:00,0.03221791381955073
2021-01-23 00:00:00+00:00,0.010926113548433328
2021-01-24 00:00:00+00:00,-0.007237759809533978
2021-01-25 00:00:00+00:00,0.014673285205963643
2021-01-26 00:00:00+00:00,0.006873598471047945
2021-01-27 00:00:00+00:00,0.04795593347999452
2021-01-28 00:00:00+00:00,-0.033323629090557666
2021-01-29 00:00:00+00:00,0.019979254300811513
2021-01-30 00:00:00+00:00,0.021251845811800847
2021-01-31 00:00:00+00:00,0.0019500824812335113
2021-02-01 00:00:00+00:00,0.011139880964024743
2021-02-02 00:00:00+00:00,-0.02407704367515351
2021-02-03 00:00:00+00:00,0.0032260323114925576
2021-02-04 00:00:00+00:00,-0.014907802590193722
2021-02-05 00:00:00+00:00,0.02545649615320028
2021-02-06 00:00:00+00:00,-0.001734399371970922
2021-02-07 00:00:00+00:00,0.031935449846112685
2021-02-08 00:00:00+00:00,0.02445993678130135
2021-02-09 00:00:00+00:00,0.033839802983265194
2021-02-10 00:00:00+00:00,0.01232285070041651
2021-02-11 00:00:00+00:00,0.007135341958307664
2021-02-12 00:00:00+00:00,0.0035788455169684747
2021-02-13 00:00:00+00:00,0.10665051719913571
2021-02-14 00:00:00+00:00,0.025861561536057752
2021-02-15 00:00:00+00:00,0.0006359843423455515
2021-02-16 00:00:00+00:00,0.015521958010701904
2021-02-17 00:00:00+00:00,0.012963676568575111
2021-02-18 00:00:00+00:00,-0.003992453131226527
2021-02-19 00:00:00+00:00,0.06369017251645258
2021-02-20 00:00:00+00:00,-0.05165629613252971
2021-02-21 00:00:00+00:00,-0.0005321982223520813
2021-02-22 00:00:00+00:00,0.0035086208510108035
2021-02-23 00:00:00+00:00,0.003991862220888563
2021-02-24 00:00:00+00:00,-0.009466791277563178
2021-02-25 00:00:00+00:00,0.009520980034216411
2021-02-26 00:00:00+00:00,0.009994532700466099
2021-02-27 00:00:00+00:00,-0.004527208436733042
2021-02-28 00:00:00+00:00,0.003169187438194886
2021-03-01 00:00:00+00:00,-0.00699474131345602
2021-03-02 00:00:00+00:00,0.005690218763273037
2021-03-03 00:00:00+00:00,-0.017621225626625412
2021-03-04 00:00:00+00:00,0.002993516627763698
2021-03-05 00:00:00+00:00,0.027906693166807325
2021-03-06 00:00:00+00:00,0.008833859392137183
2021-03-07 00:00:00+00:00,0.004689433665473759
2021-03-08 00:00:00+00:00,0.045399533430143676
2021-03-09 00:00:00+00:00,-0.04581933065662673
2021-03-10 00:00:00+00:00,0.016933028567619954
2021-03-11 00:00:00+00:00,0.030197708903425335
2021-03-12 00:00:00+00:00,0.04661810683896151
2021-03-13 00:00:00+00:00,-0.01213798273065875
2021-03-14 00:00:00+00:00,0.015948545533426672
2021-03-15 00:00:00+00:00,0.012751483800702275
2021-03-16 00:00:00+00:00,0.004835298981653706
2021-03-17 00:00:00+00:00,0.007210111030362178
2021-03-18 00:00:00+00:00,0.007773223365620872
2021-03-19 00:00:00+00:00,0.016932211669757717
2021-03-20 00:00:00+00:00,-0.003530975366594644
2021-03-21 00:00:00+00:00,0.008189078234901363
2021-03-22 00:00:00+00:00,-0.003787387121345948
2021-03-23 00:00:00+00:00,-0.014287886954441633
2021-03-24 00:00:00+00:00,0.02477190679153287
2021-03-25 00:00:00+00:00,-0.002081392362831602
2021-03-26 00:00:00+00:00,0.03668339062815842
2021-03-27 00:00:00+00:00,0.008562591278449067
2021-03-28 00:00:00+00:00,-0.013673616922712493
2021-03-29 00:00:00+00:00,-0.01112323704493259
2021-03-30 00:00:00+00:00,0.03060522396446445
2021-03-31 00:00:00+00:00,0.05731123210866711
2021-04-01 00:00:00+00:00,0.01997776161464859
2021-04-02 00:00:00+00:00,-0.01698434155922767
2021-04-03 00:00:00+00:00,0.004097395372525972
2021-04-04 00:00:00+00:00,0.019874318641594613
2021-04-05 00:00:00+00:00,0.03381599183036706
2021-04-06 00:00:00+00:00,0.010343693198802364
2021-04-07 00:00:00+00:00,-0.010251776291815659
2021-04-08 00:00:00+00:00,0.005649738805671428
2021-04-09 00:00:00+00:00,0.00886488566196993
2021-04-10 00:00:00+00:00,0.049814779514672274
2021-04-11 00:00:00+00:00,0.0033906826932028136
2021-04-12 00:00:00+00:00,0.0024015395079614267
2021-04-13 00:00:00+00:00,0.023704982349082835
2021-04-14 00:00:00+00:00,0.010124521293323748
2021-04-15 00:00:00+00:00,0.006272132137904137
2021-04-16 00:00:00+00:00,0.021167914661123197
2021-04-17 00:00:00+00:00,-1.0119146811714969e-08
2021-04-18 00:00:00+00:00,0.027817417918849317
2021-04-19 00:00:00+00:00,-0.0047057233042666225
2021-04-20 00:00:00+00:00,-0.0005879541400239518
2021-04-21 00:00:00+00:00,-0.008332101281230228
2021-04-22 00:00:00+00:00,-0.016360781760377033
2021-04-23 00:00:00+00:00,0.004849513452952815
2021-04-24 00:00:00+00:00,-0.0003131273987485815
2021-04-25 00:00:00+00:00,-0.009882369212607671
2021-04-26 00:00:00+00:00,-0.007048426018580733
2021-04-27 00:00:00+00:00,-0.007983536770042125
2021-04-28 00:00:00+00:00,-0.0006476120930142206
2021-04-29 00:00:00+00:00,0.009153731740591427
2021-04-30 00:00:00+00:00,-0.019564883520886877
2021-05-01 00:00:00+00:00,-0.015012730803663017
2021-05-02 00:00:00+00:00,0.004694628979989205
2021-05-03 00:00:00+00:00,0.025241016876195736
2021-05-04 00:00:00+00:00,0.03448860511760285
2021-05-05 00:00:00+00:00,-0.028248038260668303
2021-05-06 00:00:00+00:00,0.0010373259230083416
2021-05-07 00:00:00+00:00,0.02604509801447299
2021-05-08 00:00:00+00:00,-0.011436062184790633
2021-05-09 00:00:00+00:00,-0.007607436010491264
2021-05-10 00:00:00+00:00,0.014697781518279536
2021-05-11 00:00:00+00:00,-0.0019451703322953115
2021-05-12 00:00:00+00:00,0.0009770990705502344
2021-05-13 00:00:00+00:00,-0.010872604029578983
2021-05-14 00:00:00+00:00,-0.005294355225103069
2021-05-15 00:00:00+00:00,0.029203052333117114
2021-05-16 00:00:00+00:00,0.006275617531132722
2021-05-17 00:00:00+00:00,0.002259417006358002
2021-05-18 00:00:00+00:00,0.055041478128841824
2021-05-19 00:00:00+00:00,0.012265474143311743
2021-05-20 00:00:00+00:00,0.0019417462426668025
2021-05-21 00:00:00+00:00,-0.000706351422073945
2021-05-22 00:00:00+00:00,-0.03077136458229461
2021-05-23 00:00:00+00:00,0.0056642009805464265
2021-05-24 00:00:00+00:00,0.005443275733535121
2021-05-25 00:00:00+00:00,0.008848754536168912
2021-05-26 00:00:00+00:00,-0.0006996781150069506
2021-05-27 00:00:00+00:00,-0.007086754864895705
2021-05-28 00:00:00+00:00,0.010853553923562735
2021-05-29 00:00:00+00:00,-0.007672107853869155
2021-05-30 00:00:00+00:00,0.009148239754321497
2021-05-31 00:00:00+00:00,-0.011249919963270735
2021-06-01 00:00:00+00:00,-0.011525083784639983
2021-06-02 00:00:00+00:00,-0.00478698197834968
2021-06-03 00:00:00+00:00,0.0011221722635860192
2021-06-04 00:00:00+00:00,-0.007345684500972566
2021-06-05 00:00:00+00:00,0.0017325037709826486
2021-06-06 00:00:00+00:00,0.0009240676434993992
2021-06-07 00:00:00+00:00,0.017521141296336192
2021-06-08 00:00:00+00:00,-0.0013363305019104502
2021-06-09 00:00:00+00:00,-0.011803841626072726
2021-06-10 00:00:00+00:00,0.005302876740057522
2021-06-11 00:00:00+00:00,-0.0028685132701555156
2021-06-12 00:00:00+00:00,0.0007743586556767724
2021-06-13 00:00:00+00:00,0.0058055571317599
2021-06-14 00:00:00+00:00,-0.0007766767951456674
2021-06-15 00:00:00+00:00,-0.004565317707703129
2021-06-16 00:00:00+00:00,0.0045781513750594045
2021-06-17 00:00:00+00:00,0.00868622581136933
2021-06-18 00:00:00+00:00,-0.008707124681606943
2021-06-19 00:00:00+00:00,-0.0031267841878271597
2021-06-20 00:00:00+00:00,0.001466880974041862
2021-06-21 00:00:00+00:00,-0.015932154628648734
2021-06-22 00:00:00+00:00,0.0036699363948230327
2021-06-23 00:00:00+00:00,0.024821814431127194
2021-06-24 00:00:00+00:00,-0.0022587653138307715
2021-06-25 00:00:00+00:00,0.006358143879101615
2021-06-26 00:00:00+00:00,-0.006403476696740124
2021-06-27 00:00:00+00:00,0.001318626458686301
2021-06-28 00:00:00+00:00,-0.0020019892358608365
2021-06-29 00:00:00+00:00,-0.004014669550632227
2021-06-30 00:00:00+00:00,-0.003576935376333961
2021-07-01 00:00:00+00:00,0.004925806779509857
2021-07-02 00:00:00+00:00,-0.0010825373814410697
2021-07-03 00:00:00+00:00,-0.00468457420688054
2021-07-04 00:00:00+00:00,0.0003807464831749766
2021-07-05 00:00:00+00:00,-0.012366479482199606
2021-07-06 00:00:00+00:00,0.0024788871941632358
2021-07-07 00:00:00+00:00,-0.0029698616932890705
2021-07-08 00:00:00+00:00,0.0031445290441855225
2021-07-09 00:00:00+00:00,0.03207072423847646
2021-07-10 00:00:00+00:00,-0.002056240847964695
2021-07-11 00:00:00+00:00,-0.001976784749302385
2021-07-12 00:00:00+00:00,-0.0004848566846891554
2021-07-13 00:00:00+00:00,0.0016465878082207754
2021-07-14 00:00:00+00:00,-0.003988996372150973
2021-07-15 00:00:00+00:00,0.009365881137519592
2021-07-16 00:00:00+00:00,-0.002420686309900536
2021-07-17 00:00:00+00:00,-0.00021869102060351295
2021-07-18 00:00:00+00:00,0.004201372238820565
2021-07-19 00:00:00+00:00,-0.008407974827736725
2021-07-20 00:00:00+00:00,-0.0066252184479126015
2021-07-21 00:00:00+00:00,0.018581697422402694
2021-07-22 00:00:00+00:00,-0.0012184460072106075
2021-07-23 00:00:00+00:00,0.00041827768883906727
2021-07-24 00:00:00+00:00,-0.0035913985130427623
2021-07-25 00:00:00+00:00,-0.012280332676986321
2021-07-26 00:00:00+00:00,0.008221933438135284
2021-07-27 00:00:00+00:00,0.0029063889030771064
2021-07-28 00:00:00+00:00,0.008608707963073569
2021-07-29 00:00:00+00:00,-0.00818006939649193
2021-07-30 00:00:00+00:00,-0.015597298069365126
2021-07-31 00:00:00+00:00,-0.01465270017499537
2021-08-01 00:00:00+00:00,0.006400397840722812
2021-08-02 00:00:00+00:00,0.0027261208162742754
2021-08-03 00:00:00+00:00,0.0010772426357605908
2021-08-04 00:00:00+00:00,-0.006287274297170153
2021-08-05 00:00:00+00:00,-0.0008408776133862321
2021-08-06 00:00:00+00:00,0.008635757349756702
2021-08-07 00:00:00+00:00,-0.0141344738874438
2021-08-08 00:00:00+00:00,0.005315742033577574
2021-08-09 00:00:00+00:00,0.000608678711951963
2021-08-10 00:00:00+00:00,-0.0649387359453818
2021-08-11 00:00:00+00:00,0.026017302764752996
2021-08-12 00:00:00+00:00,-0.008240178952174205
2021-08-13 00:00:00+00:00,0.013461820270445748
2021-08-14 00:00:00+00:00,0.008979727101275077
2021-08-15 00:00:00+00:00,-0.004725715325727021
2021-08-16 00:00:00+00:00,-0.00748820089582279
2021-08-17 00:00:00+00:00,0.013056551366190472
2021-08-18 00:00:00+00:00,0.04634820502961167
2021-08-19 00:00:00+00:00,-0.015420047919513421
2021-08-20 00:00:00+00:00,0.0032834837301166835
2021-08-21 00:00:00+00:00,0.003247448229996165
2021-08-22 00:00:00+00:00,-0.0023755999094038174
2021-08-23 00:00:00+00:00,0.007012230980452887
2021-08-24 00:00:00+00:00,0.00944400845144643
2021-08-25 00:00:00+00:00,0.0028502198351498314
2021-08-26 00:00:00+00:00,0.009758897811737732
2021-08-27 00:00:00+00:00,-0.014169039063916172
2021-08-28 00:00:00+00:00,0.013696614611059605
2021-08-29 00:00:00+00:00,-0.004875934803556482
2021-08-30 00:00:00+00:00,0.011537763190845667
2021-08-31 00:00:00+00:00,-0.016966336697151183
2021-09-01 00:00:00+00:00,-0.012804084521827543
2021-09-02 00:00:00+00:00,0.006331839065821777
2021-09-03 00:00:00+00:00,0.019994367356482287
2021-09-04 00:00:00+00:00,-0.018709897178603416
2021-09-05 00:00:00+00:00,0.014093926052258404
2021-09-06 00:00:00+00:00,0.02560330013923866
2021-09-07 00:00:00+00:00,0.010449336329351099
2021-09-08 00:00:00+00:00,0.029496928231972554
2021-09-09 00:00:00+00:00,-0.025906109983040833
2021-09-10 00:00:00+00:00,0.021232121484705723
2021-09-11 00:00:00+00:00,-0.014223528762273802
2021-09-12 00:00:00+00:00,-0.0007491210935957266
2021-09-13 00:00:00+00:00,0.00864858369227059
2021-09-14 00:00:00+00:00,-0.02291338735532202
2021-09-15 00:00:00+00:00,-0.02936619559187302
2021-09-16 00:00:00+00:00,0.013633716100546459
2021-09-17 00:00:00+00:00,-0.017013389181322208
2021-09-18 00:00:00+00:00,0.002160087273524521
2021-09-19 00:00:00+00:00,0.01234481497685441
2021-09-20 00:00:00+00:00,-0.02162677132608888
2021-09-21 00:00:00+00:00,0.0007504128011577727
2021-09-22 00:00:00+00:00,0.04506304818682316
2021-09-23 00:00:00+00:00,-0.001506453642155349
2021-09-24 00:00:00+00:00,-0.003960533284497303
2021-09-25 00:00:00+00:00,-0.006064182802829775
2021-09-26 00:00:00+00:00,0.004597535554296962
2021-09-27 00:00:00+00:00,0.005496353259882127
2021-09-28 00:00:00+00:00,-0.006747168633075517
2021-09-29 00:00:00+00:00,0.0039933691556968045
2021-09-30 00:00:00+00:00,0.0009706194383344336
2021-10-01 00:00:00+00:00,-0.0026547414677164567
2021-10-02 00:00:00+00:00,0.0024413142203539564
2021-10-03 00:00:00+00:00,0.03149446803361714
2021-10-04 00:00:00+00:00,0.03679969311398475
2021-10-05 00:00:00+00:00,0.019866707998509453
2021-10-06 00:00:00+00:00,0.07065175597800281
2021-10-07 00:00:00+00:00,-0.050572344618476525
2021-10-08 00:00:00+00:00,0.014302516708581603
2021-10-09 00:00:00+00:00,0.003933121775248297
2021-10-10 00:00:00+00:00,0.012370154939148515
2021-10-11 00:00:00+00:00,0.028823659573116705
2021-10-12 00:00:00+00:00,-0.019339999901576258
2021-10-13 00:00:00+00:00,0.009754818951100351
2021-10-14 00:00:00+00:00,-0.007488219246553596
2021-10-15 00:00:00+00:00,-0.011532187640433816
2021-10-16 00:00:00+00:00,-0.01117486594607416
2021-10-17 00:00:00+00:00,0.0011991219783299533
2021-10-18 00:00:00+00:00,-0.0026300967351522713
2021-10-19 00:00:00+00:00,-0.009375670066260378
2021-10-20 00:00:00+00:00,-0.010036099724758534
2021-10-21 00:00:00+00:00,-0.018412860137038446
2021-10-22 00:00:00+00:00,-0.026718361302156327
2021-10-23 00:00:00+00:00,0.005315118190232546
2021-10-24 00:00:00+00:00,0.011815327686835216
2021-10-25 00:00:00+00:00,0.012341972369983767
2021-10-26 00:00:00+00:00,-0.005866906871605295
2021-10-27 00:00:00+00:00,0.0333973812414316
2021-10-28 00:00:00+00:00,-0.013687833455979098
2021-10-29 00:00:00+00:00,-0.007147215635834461
2021-10-30 00:00:00+00:00,-0.014957077905567433
2021-10-31 00:00:00+00:00,-0.011358476617951424
2021-11-01 00:00:00+00:00,0.027855502736847577
2021-11-02 00:00:00+00:00,0.011025354340466847
2021-11-03 00:00:00+00:00,-0.010443984214760161
2021-11-04 00:00:00+00:00,-0.0053749720664261055
2021-11-05 00:00:00+00:00,-0.005645817061578064
2021-11-06 00:00:00+00:00,0.01659872292715932
2021-11-07 00:00:00+00:00,-0.008035034124787259
2021-11-08 00:00:00+00:00,-0.0037905207045520316
2021-11-09 00:00:00+00:00,-0.0016020272937628567
2021-11-10 00:00:00+00:00,0.0036841481359255086
2021-11-11 00:00:00+00:00,-0.013771314522780593
2021-11-12 00:00:00+00:00,-0.01563672379135063
2021-11-13 00:00:00+00:00,0.02300211382723182
2021-11-14 00:00:00+00:00,0.011225594313233937
2021-11-15 00:00:00+00:00,0.010697883911501492
2021-11-16 00:00:00+00:00,0.021548557146438992
2021-11-17 00:00:00+00:00,0.006646991370453378
2021-11-18 00:00:00+00:00,0.04005430473227014
2021-11-19 00:00:00+00:00,0.00442823400131702
2021-11-20 00:00:00+00:00,0.009398603964350868
2021-11-21 00:00:00+00:00,0.0039059652324234507
2021-11-22 00:00:00+00:00,0.035175933473504624
2021-11-23 00:00:00+00:00,-0.017494308496104498
2021-11-24 00:00:00+00:00,0.026239074749118123
2021-11-25 00:00:00+00:00,0.0238024749453597
2021-11-26 00:00:00+00:00,-0.0007791769562474497
2021-11-27 00:00:00+00:00,-0.013051289730293892
2021-11-28 00:00:00+00:00,0.018665078441741034
2021-11-29 00:00:00+00:00,-0.015342302346179847
2021-11-30 00:00:00+00:00,-0.004610269573316914
2021-12-01 00:00:00+00:00,-0.009778862757116563
2021-12-02 00:00:00+00:00,0.0031170488050954567
2021-12-03 00:00:00+00:00,-0.0006092335583992269
2021-12-04 00:00:00+00:00,0.05102166086145621
2021-12-05 00:00:00+00:00,-0.024863470537093337
2021-12-06 00:00:00+00:00,0.012170868740053643
2021-12-07 00:00:00+00:00,0.012010884851410298
2021-12-08 00:00:00+00:00,0.007466817774207993
2021-12-09 00:00:00+00:00,-0.0021026273273656425
2021-12-10 00:00:00+00:00,0.005169467634993076
2021-12-11 00:00:00+00:00,0.002857678888009361
2021-12-12 00:00:00+00:00,-0.002268092322504898
2021-12-13 00:00:00+00:00,-0.004674167316678341
2021-12-14 00:00:00+00:00,0.0029216492816903548
2021-12-15 00:00:00+00:00,-0.0035533680993397503
2021-12-16 00:00:00+00:00,0.0032445622696937633
2021-12-17 00:00:00+00:00,-0.0011524595542226253
2021-12-18 00:00:00+00:00,0.004760759623377051
2021-12-19 00:00:00+00:00,0.015968893375395112
2021-12-20 00:00:00+00:00,0.008874976451539686
2021-12-21 00:00:00+00:00,0.02273209945725925
2021-12-22 00:00:00+00:00,-0.007647091953435228
2021-12-23 00:00:00+00:00,-0.025209976509343892
2021-12-24 00:00:00+00:00,0.002196696016987353
2021-12-25 00:00:00+00:00,-0.009496612698985604
2021-12-26 00:00:00+00:00,-0.018196321682177274
2021-12-27 00:00:00+00:00,0.003210341204220299
2021-12-28 00:00:00+00:00,0.006811265256685375
2021-12-29 00:00:00+00:00,-0.007860806281527832
2021-12-30 00:00:00+00:00,0.000682855850977361
2021-12-31 00:00:00+00:00,0.01156422388966367
2022-01-01 00:00:00+00:00,0.00443976700085733
2022-01-02 00:00:00+00:00,-0.008556622169676118
2022-01-03 00:00:00+00:00,0.024304568497016298
2022-01-04 00:00:00+00:00,0.0017995126445776788
2022-01-05 00:00:00+00:00,-0.0014537725543527606
2022-01-06 00:00:00+00:00,-0.00020489432165352392
2022-01-07 00:00:00+00:00,0.01282498279055309
2022-01-08 00:00:00+00:00,-0.01625393217320711
2022-01-09 00:00:00+00:00,0.012068061066064431
2022-01-10 00:00:00+00:00,0.01886616216644404
2022-01-11 00:00:00+00:00,0.014807529375293291
2022-01-12 00:00:00+00:00,-0.009049939727225863
2022-01-13 00:00:00+00:00,0.00850015127737119
2022-01-14 00:00:00+00:00,-0.003142987886890395
2022-01-15 00:00:00+00:00,-0.008484325925533146
2022-01-16 00:00:00+00:00,0.01939034581150829
2022-01-17 00:00:00+00:00,-0.011761265917110115
2022-01-18 00:00:00+00:00,0.005413453682000498
2022-01-19 00:00:00+00:00,-0.009161200281660748
2022-01-20 00:00:00+00:00,0.007850394641333813
2022-01-21 00:00:00+00:00,-0.0061540842669205705
2022-01-22 00:00:00+00:00,-0.015494669318324885
2022-01-23 00:00:00+00:00,0.007553661950628756
2022-01-24 00:00:00+00:00,0.00862370240957081
2022-01-25 00:00:00+00:00,-0.003004348239243156
2022-01-26 00:00:00+00:00,-0.006150631804550477
2022-01-27 00:00:00+00:00,-0.011985314392103121
2022-01-28 00:00:00+00:00,-0.005625078244348003
2022-01-29 00:00:00+00:00,-0.010137609653588819
2022-01-30 00:00:00+00:00,0.004563173574027304
2022-01-31 00:00:00+00:00,0.005011098146110393
2022-02-01 00:00:00+00:00,-0.0009197089144787004
2022-02-02 00:00:00+00:00,0.004433054456932156
2022-02-03 00:00:00+00:00,-0.011363701410608435
2022-02-04 00:00:00+00:00,0.009649881319525072
2022-02-05 00:00:00+00:00,0.00388271807638999
2022-02-06 00:00:00+00:00,0.004797112832909402
2022-02-07 00:00:00+00:00,0.01197031232018041
2022-02-08 00:00:00+00:00,0.019365293931615537
2022-02-09 00:00:00+00:00,-0.00648894656538785
2022-02-10 00:00:00+00:00,0.0042360494740163075
2022-02-11 00:00:00+00:00,0.005039352148863863
2022-02-12 00:00:00+00:00,0.0012045143526050795
2022-02-13 00:00:00+00:00,-0.006115082778767334
2022-02-14 00:00:00+00:00,-0.002440527041313191
2022-02-15 00:00:00+00:00,-0.013354551719066654
2022-02-16 00:00:00+00:00,0.005000853089387578
2022-02-17 00:00:00+00:00,0.010054638404488305
2022-02-18 00:00:00+00:00,0.005606736968457046
2022-02-19 00:00:00+00:00,0.00811947900158258
2022-02-20 00:00:00+00:00,-0.007897723946270493
2022-02-21 00:00:00+00:00,-0.0028602646877838736
2022-02-22 00:00:00+00:00,0.002259022564501675
2022-02-23 00:00:00+00:00,-0.005922249315160198
2022-02-24 00:00:00+00:00,-0.004647821559505141
2022-02-25 00:00:00+00:00,-0.002518407679759157
2022-02-26 00:00:00+00:00,0.005135122479461374
2022-02-27 00:00:00+00:00,-0.005828058654440074
2022-02-28 00:00:00+00:00,0.02907277641322699
2022-03-01 00:00:00+00:00,0.007888350255168928
2022-03-02 00:00:00+00:00,0.012023699486992783
2022-03-03 00:00:00+00:00,0.011759440884526094
2022-03-04 00:00:00+00:00,-0.006451626040304002
2022-03-05 00:00:00+00:00,0.00041356892497663864
2022-03-06 00:00:00+00:00,-0.012113482593066115
2022-03-07 00:00:00+00:00,0.00205775741393264
2022-03-08 00:00:00+00:00,0.005728804002425474
2022-03-09 00:00:00+00:00,0.001342453916151344
2022-03-10 00:00:00+00:00,0.002916561887947987
2022-03-11 00:00:00+00:00,0.0008548979238209161
2022-03-12 00:00:00+00:00,-0.0029624347786717784
2022-03-13 00:00:00+00:00,0.0023133808997152895
2022-03-14 00:00:00+00:00,0.005095263476605234
2022-03-15 00:00:00+00:00,-0.004792277131974111
2022-03-16 00:00:00+00:00,-0.017738082891606572
2022-03-17 00:00:00+00:00,0.010420194885126964
2022-03-18 00:00:00+00:00,-0.0007793694701435159
2022-03-19 00:00:00+00:00,0.002000017356428876
2022-03-20 00:00:00+00:00,0.009495969264770457
2022-03-21 00:00:00+00:00,-0.002279641164709647
2022-03-22 00:00:00+00:00,0.02385734579903063
2022-03-23 00:00:00+00:00,-0.036026722196683014
2022-03-24 00:00:00+00:00,-0.002235627991308278
2022-03-25 00:00:00+00:00,0.005720621359092595
2022-03-26 00:00:00+00:00,-0.00892160083010552
2022-03-27 00:00:00+00:00,-6.787093230041066e-06
2022-03-28 00:00:00+00:00,-0.0036657900879120734
2022-03-29 00:00:00+00:00,-0.013452624923162862
2022-03-30 00:00:00+00:00,-0.006522310810702808
2022-03-31 00:00:00+00:00,-0.004239934077740165
2022-04-01 00:00:00+00:00,-0.005207079202145744
2022-04-02 00:00:00+00:00,-0.0022069192154624585
2022-04-03 00:00:00+00:00,-0.006370065079258068
2022-04-04 00:00:00+00:00,-0.0019833132408820097
2022-04-05 00:00:00+00:00,0.0012410147841153058
2022-04-06 00:00:00+00:00,0.0015064222969543586
2022-04-07 00:00:00+00:00,0.0037860129539144718
2022-04-08 00:00:00+00:00,0.0047040735349563306
2022-04-09 00:00:00+00:00,-0.005208765590832932
2022-04-10 00:00:00+00:00,0.00545007335537238
2022-04-11 00:00:00+00:00,0.013956058042578995
2022-04-12 00:00:00+00:00,0.0001389121730664425
2022-04-13 00:00:00+00:00,0.011443779950530844
2022-04-14 00:00:00+00:00,0.002958966828340093
2022-04-15 00:00:00+00:00,0.00019339553966743716
2022-04-16 00:00:00+00:00,0.009121994404188597
2022-04-17 00:00:00+00:00,0.00825863124318653
2022-04-18 00:00:00+00:00,-0.012631828768194003
2022-04-19 00:00:00+00:00,-0.008746386740316916
2022-04-20 00:00:00+00:00,-0.005014332872271069
2022-04-21 00:00:00+00:00,0.012955456112625713
2022-04-22 00:00:00+00:00,-0.004031616822319851
2022-04-23 00:00:00+00:00,0.002974780335163835
2022-04-24 00:00:00+00:00,-0.0014180453050269297
2022-04-25 00:00:00+00:00,-0.0009521404645147774
2022-04-26 00:00:00+00:00,0.0007824210549821688
2022-04-27 00:00:00+00:00,0.00189105302958728
2022-04-28 00:00:00+00:00,0.010138501205915492
2022-04-29 00:00:00+00:00,0.010960247978597603
2022-04-30 00:00:00+00:00,0.024744866004085462
2022-05-01 00:00:00+00:00,0.0024353936022225384
2022-05-02 00:00:00+00:00,-0.001663276700537536
2022-05-03 00:00:00+00:00,-0.0004084039596963083
2022-05-04 00:00:00+00:00,-0.02179846909165023
2022-05-05 00:00:00+00:00,0.023039156816572714
2022-05-06 00:00:00+00:00,0.015294938254135937
2022-05-07 00:00:00+00:00,0.005574697111116491
2022-05-08 00:00:00+00:00,0.010878944427677464
2022-05-09 00:00:00+00:00,0.011003230457355767
2022-05-10 00:00:00+00:00,-0.02096809095355703
2022-05-11 00:00:00+00:00,-0.034665779262086346
2022-05-12 00:00:00+00:00,-0.03775440985989131
2022-05-13 00:00:00+00:00,0.0033959272054655556
2022-05-14 00:00:00+00:00,0.0006121344994000689
2022-05-15 00:00:00+00:00,0.0012813479452540015
2022-05-16 00:00:00+00:00,0.004281589618789328
2022-05-17 00:00:00+00:00,-0.0018988195662616408
2022-05-18 00:00:00+00:00,-0.013078091879641249
2022-05-19 00:00:00+00:00,0.011862187307316505
2022-05-20 00:00:00+00:00,-0.0022767512912091866
2022-05-21 00:00:00+00:00,0.0025171399206132413
2022-05-22 00:00:00+00:00,-0.0016910156901092815
2022-05-23 00:00:00+00:00,-0.0016290377800783802
2022-05-24 00:00:00+00:00,0.0044851947076478315
2022-05-25 00:00:00+00:00,0.006188352855183232
2022-05-26 00:00:00+00:00,0.002214196641990412
2022-05-27 00:00:00+00:00,-0.002399269144381752
2022-05-28 00:00:00+00:00,-0.0005205070776615789
2022-05-29 00:00:00+00:00,-0.00228783384756721
2022-05-30 00:00:00+00:00,0.0024656327026463362
2022-05-31 00:00:00+00:00,0.0026336473335128296
2022-06-01 00:00:00+00:00,0.007264518155171141
2022-06-02 00:00:00+00:00,-0.0035754096602622918
2022-06-03 00:00:00+00:00,-0.0010017939977158196
2022-06-04 00:00:00+00:00,-0.004719558197603143
2022-06-05 00:00:00+00:00,-0.0030555851024411085
2022-06-06 00:00:00+00:00,-0.008729827229563364
2022-06-07 00:00:00+00:00,0.016542632217092006
2022-06-08 00:00:00+00:00,0.007338069705484222
2022-06-09 00:00:00+00:00,0.008440947423469496
2022-06-10 00:00:00+00:00,0.0028954334512785998
2022-06-11 00:00:00+00:00,0.018925152752872206
2022-06-12 00:00:00+00:00,0.025602693018709793
2022-06-13 00:00:00+00:00,-0.030446810137195197
2022-06-14 00:00:00+00:00,-0.006491009012842974
2022-06-15 00:00:00+00:00,0.005079127709374701
2022-06-16 00:00:00+00:00,0.005890214678785955
2022-06-17 00:00:00+00:00,-0.005642802922180056
2022-06-18 00:00:00+00:00,-0.007301743912609532
2022-06-19 00:00:00+00:00,-0.004746117589600905
2022-06-20 00:00:00+00:00,0.0024071276121315917
2022-06-21 00:00:00+00:00,0.005731100435598171
2022-06-22 00:00:00+00:00,0.009478700689060749
2022-06-23 00:00:00+00:00,0.008367148671408267
2022-06-24 00:00:00+00:00,0.008752911868458097
2022-06-25 00:00:00+00:00,-0.013206005257705924
2022-06-26 00:00:00+00:00,0.009410934877610267
2022-06-27 00:00:00+00:00,-0.002302668086070896
2022-06-28 00:00:00+00:00,-0.002736275552867829
2022-06-29 00:00:00+00:00,-0.0036914794604750788
2022-06-30 00:00:00+00:00,0.006928616758990379
2022-07-01 00:00:00+00:00,-0.001042787973186731
2022-07-02 00:00:00+00:00,-0.003923949723246458
2022-07-03 00:00:00+00:00,0.008973301446581825
2022-07-04 00:00:00+00:00,-0.011003554552743464
2022-07-05 00:00:00+00:00,0.004556642903777871
2022-07-06 00:00:00+00:00,-0.0070182093144809145
2022-07-07 00:00:00+00:00,-0.00368805812120415
2022-07-08 00:00:00+00:00,0.002713773538950206
2022-07-09 00:00:00+00:00,-0.0020265180169725234
2022-07-10 00:00:00+00:00,0.0031139549515537823
2022-07-11 00:00:00+00:00,0.001397329417959091
2022-07-12 00:00:00+00:00,0.0013802599341616085
2022-07-13 00:00:00+00:00,0.009900293032069634
2022-07-14 00:00:00+00:00,0.007056167407573642
2022-07-15 00:00:00+00:00,0.004788841810160134
2022-07-16 00:00:00+00:00,-0.006160675618942792
2022-07-17 00:00:00+00:00,0.003573580586370726
2022-07-18 00:00:00+00:00,-0.012237710674449035
2022-07-19 00:00:00+00:00,-0.0012402060295058047
2022-07-20 00:00:00+00:00,-0.003786878815362472
2022-07-21 00:00:00+00:00,0.000529439135315495
2022-07-22 00:00:00+00:00,0.0001052015417457566
2022-07-23 00:00:00+00:00,-0.010328962281389837
2022-07-24 00:00:00+00:00,0.01087128072869825
2022-07-25 00:00:00+00:00,-0.0035625138208277727
2022-07-26 00:00:00+00:00,-0.005566887021593429
2022-07-27 00:00:00+00:00,0.017168257042367834
2022-07-28 00:00:00+00:00,-0.0009655224254300929
2022-07-29 00:00:00+00:00,0.011523702769089861
2022-07-30 00:00:00+00:00,0.00794004482415888
2022-07-31 00:00:00+00:00,0.011614504308598641
2022-08-01 00:00:00+00:00,-0.008885429884565097
2022-08-02 00:00:00+00:00,0.0017074153863491986
2022-08-03 00:00:00+00:00,0.024406397279029705
2022-08-04 00:00:00+00:00,-0.007196651477489621
2022-08-05 00:00:00+00:00,-0.006089921538847005
2022-08-06 00:00:00+00:00,0.0017183845802190116
2022-08-07 00:00:00+00:00,0.0031590700468170953
2022-08-08 00:00:00+00:00,0.0028372380089720637
2022-08-09 00:00:00+00:00,0.005983318861952041
2022-08-10 00:00:00+00:00,0.004826246200285976
2022-08-11 00:00:00+00:00,-0.0030739030407395777
2022-08-12 00:00:00+00:00,-0.0004803154210052836
2022-08-13 00:00:00+00:00,0.011927838357857573
2022-08-14 00:00:00+00:00,0.03125341268959955
2022-08-15 00:00:00+00:00,-0.010489723651263641
2022-08-16 00:00:00+00:00,0.010332647588971542
2022-08-17 00:00:00+00:00,0.010477374523957302
2022-08-18 00:00:00+00:00,0.015501920717681722
2022-08-19 00:00:00+00:00,-0.014258401620986865
2022-08-20 00:00:00+00:00,0.010188798091226733
2022-08-21 00:00:00+00:00,0.00040938017972952845
2022-08-22 00:00:00+00:00,-0.005829294060257945
2022-08-23 00:00:00+00:00,-0.01553812604376451
2022-08-24 00:00:00+00:00,0.005840158965295797
2022-08-25 00:00:00+00:00,0.006177969597225929
2022-08-26 00:00:00+00:00,0.009284764371999021
2022-08-27 00:00:00+00:00,-0.005999719749996502
2022-08-28 00:00:00+00:00,-0.003090371256106257
2022-08-29 00:00:00+00:00,-0.010705680632971637
2022-08-30 00:00:00+00:00,8.335665358542602e-05
2022-08-31 00:00:00+00:00,-0.003485380440931517
2022-09-01 00:00:00+00:00,8.559242485833156e-05
2022-09-02 00:00:00+00:00,-0.00327926784642454
2022-09-03 00:00:00+00:00,-0.003282124328108865
2022-09-04 00:00:00+00:00,0.00100752078737897
2022-09-05 00:00:00+00:00,-0.014456804462550451
2022-09-06 00:00:00+00:00,0.005885940765647889
2022-09-07 00:00:00+00:00,-0.00014794932337197197
2022-09-08 00:00:00+00:00,-0.0012377998794925041
2022-09-09 00:00:00+00:00,-0.004827471269205674
2022-09-10 00:00:00+00:00,0.00798425560899355
2022-09-11 00:00:00+00:00,-0.006598195455989855
2022-09-12 00:00:00+00:00,0.005302776896431095
2022-09-13 00:00:00+00:00,-0.010097861706747107
2022-09-14 00:00:00+00:00,0.00011514581211554615
2022-09-15 00:00:00+00:00,0.01543880079850069
2022-09-16 00:00:00+00:00,0.006749219775511265
2022-09-17 00:00:00+00:00,-0.0050823369121543085
2022-09-18 00:00:00+00:00,0.030906001287472454
2022-09-19 00:00:00+00:00,-0.008750107560957926
2022-09-20 00:00:00+00:00,0.0009675346712404047
2022-09-21 00:00:00+00:00,0.011495100516597892
2022-09-22 00:00:00+00:00,0.023841128342671908
2022-09-23 00:00:00+00:00,-0.005215425753158596
2022-09-24 00:00:00+00:00,-0.0009888674591318938
2022-09-25 00:00:00+00:00,0.00256077805366351
2022-09-26 00:00:00+00:00,-0.0008316982659759114
2022-09-27 00:00:00+00:00,-0.0014340096027934657
2022-09-28 00:00:00+00:00,0.0010141525958229896
2022-09-29 00:00:00+00:00,0.0008950907342908026
2022-09-30 00:00:00+00:00,-0.001761312419055161
2022-10-01 00:00:00+00:00,0.0042506043869071095
2022-10-02 00:00:00+00:00,0.011300214491570945
2022-10-03 00:00:00+00:00,-0.013953123511138435
2022-10-04 00:00:00+00:00,0.010771372528562594
2022-10-05 00:00:00+00:00,-0.002609924646214762
2022-10-06 00:00:00+00:00,0.0020476456876309637
2022-10-07 00:00:00+00:00,-0.005090534747397803
2022-10-08 00:00:00+00:00,0.003102162909059036
2022-10-09 00:00:00+00:00,0.0020365881014116714
2022-10-10 00:00:00+00:00,0.02148250497247952
2022-10-11 00:00:00+00:00,-0.003580659812689986
2022-10-12 00:00:00+00:00,0.0039736150387861754
2022-10-13 00:00:00+00:00,0.010933156891494293
2022-10-14 00:00:00+00:00,-0.00021428247561458254
2022-10-15 00:00:00+00:00,-0.008309302448438579
2022-10-16 00:00:00+00:00,0.003531365874349811
2022-10-17 00:00:00+00:00,-0.015120978856544044
2022-10-18 00:00:00+00:00,0.009188172492755881
2022-10-19 00:00:00+00:00,0.018310018432945274
2022-10-20 00:00:00+00:00,-0.0005112820137533033
2022-10-21 00:00:00+00:00,-0.019874637040029626
2022-10-22 00:00:00+00:00,0.0007554506863208622
2022-10-23 00:00:00+00:00,-0.00604523995295096
2022-10-24 00:00:00+00:00,-0.0023269786615205917
2022-10-25 00:00:00+00:00,-0.004394631651036629
2022-10-26 00:00:00+00:00,-0.0018779868234447895
2022-10-27 00:00:00+00:00,0.004989160342728385
2022-10-28 00:00:00+00:00,-0.00514861255481806
2022-10-29 00:00:00+00:00,0.024362069565374764
2022-10-30 00:00:00+00:00,-0.0079436538324892
2022-10-31 00:00:00+00:00,0.009736775205991128
2022-11-01 00:00:00+00:00,0.0005331057979702682
2022-11-02 00:00:00+00:00,-0.010679760048228095
2022-11-03 00:00:00+00:00,-0.012555055703917021
2022-11-04 00:00:00+00:00,-0.019796593061482265
2022-11-05 00:00:00+00:00,-0.00213344272355318
2022-11-06 00:00:00+00:00,0.019907099090569445
2022-11-07 00:00:00+00:00,0.00656511677246196
2022-11-08 00:00:00+00:00,0.000611704192974584
2022-11-09 00:00:00+00:00,-0.01793724318556412
2022-11-10 00:00:00+00:00,0.04363068020032214
2022-11-11 00:00:00+00:00,-0.008468414506815652
2022-11-12 00:00:00+00:00,-0.0019574563617677193
2022-11-13 00:00:00+00:00,-0.0028006291918585037
2022-11-14 00:00:00+00:00,-8.104309292209671e-05
2022-11-15 00:00:00+00:00,0.0018816293864441004
2022-11-16 00:00:00+00:00,-0.0059903025531766385
2022-11-17 00:00:00+00:00,0.0047069339113002245
2022-11-18 00:00:00+00:00,-0.0024530295964122154
2022-11-19 00:00:00+00:00,-0.001242120981631469
2022-11-20 00:00:00+00:00,0.009971781809495862
2022-11-21 00:00:00+00:00,-0.0015969575148349385
2022-11-22 00:00:00+00:00,-0.008375999006436248
2022-11-23 00:00:00+00:00,-0.0007171747036290174
2022-11-24 00:00:00+00:00,0.005228353270613161
2022-11-25 00:00:00+00:00,-0.01303882499645269
2022-11-26 00:00:00+00:00,0.01662909632372999
2022-11-27 00:00:00+00:00,-0.012007252222970397
2022-11-28 00:00:00+00:00,-0.004383530593157373
2022-11-29 00:00:00+00:00,0.0016904396376767748
2022-11-30 00:00:00+00:00,-0.005101568003508375
2022-12-01 00:00:00+00:00,-0.0022193050253234833
2022-12-02 00:00:00+00:00,-0.005581810475480751
2022-12-03 00:00:00+00:00,0.005599785726130247
2022-12-04 00:00:00+00:00,-0.005395581243313509
2022-12-05 00:00:00+00:00,0.00195559837111085
2022-12-06 00:00:00+00:00,0.009490138703182093
2022-12-07 00:00:00+00:00,0.015370741993664248
2022-12-08 00:00:00+00:00,-0.0009583674973579553
2022-12-09 00:00:00+00:00,-0.0006613606629354301
2022-12-10 00:00:00+00:00,-0.00023968473198480636
2022-12-11 00:00:00+00:00,0.007272701025529389
2022-12-12 00:00:00+00:00,-0.004415791236348535
2022-12-13 00:00:00+00:00,0.0015694508083737486
2022-12-14 00:00:00+00:00,0.00514476525744405
2022-12-15 00:00:00+00:00,-0.009951125577189936
2022-12-16 00:00:00+00:00,0.01968492828416947
2022-12-17 00:00:00+00:00,-0.0017405779614260378
2022-12-18 00:00:00+00:00,-0.002269768596115882
2022-12-19 00:00:00+00:00,0.00946926972575283
2022-12-20 00:00:00+00:00,-0.0003586109644067587
2022-12-21 00:00:00+00:00,0.005894807911344097
2022-12-22 00:00:00+00:00,0.0005671870662747143
2022-12-23 00:00:00+00:00,0.0017066029272585772
2022-12-24 00:00:00+00:00,0.0017312022978562308
2022-12-25 00:00:00+00:00,0.008238148621287127
2022-12-26 00:00:00+00:00,-0.0005502611117611735
2022-12-27 00:00:00+00:00,0.0035996358429251515
2022-12-28 00:00:00+00:00,0.00804527825322089
2022-12-29 00:00:00+00:00,0.00035583682735659914
2022-12-30 00:00:00+00:00,0.005345149738522639
2022-12-31 00:00:00+00:00,-0.004785885898344832
2023-01-01 00:00:00+00:00,-0.004267059033781517
2023-01-02 00:00:00+00:00,-0.016228233598482834
2023-01-03 00:00:00+00:00,-0.015973950148451266
2023-01-04 00:00:00+00:00,-0.007566462307588505
2023-01-05 00:00:00+00:00,0.0018941058630167129
2023-01-06 00:00:00+00:00,-0.016136717300540924
2023-01-07 00:00:00+00:00,0.005975385655889238
2023-01-08 00:00:00+00:00,-0.02741908597096929
2023-01-09 00:00:00+00:00,-0.02642396506095702
2023-01-10 00:00:00+00:00,0.005486043528337652
2023-01-11 00:00:00+00:00,0.0011771224914256162
2023-01-12 00:00:00+00:00,-0.00904393167190587
2023-01-13 00:00:00+00:00,-0.02065103297779293
2023-01-14 00:00:00+00:00,-0.03122418291988644
2023-01-15 00:00:00+00:00,-0.0020158886063840215
2023-01-16 00:00:00+00:00,0.0027601299251302897
2023-01-17 00:00:00+00:00,-0.013960270662953892
2023-01-18 00:00:00+00:00,0.018056317334970307
2023-01-19 00:00:00+00:00,-0.0072711751144670985
2023-01-20 00:00:00+00:00,-0.016216916067517843
2023-01-21 00:00:00+00:00,0.0035441635200640187
2023-01-22 00:00:00+00:00,-0.042191739368045274
2023-01-23 00:00:00+00:00,-0.0032596209745934567
2023-01-24 00:00:00+00:00,0.014832631457118673
2023-01-25 00:00:00+00:00,-0.0035729084414567857
2023-01-26 00:00:00+00:00,0.003349499806180424
2023-01-27 00:00:00+00:00,-0.019235346946684693
2023-01-28 00:00:00+00:00,4.530942265194377e-05
2023-01-29 00:00:00+00:00,-0.014584319645817339
2023-01-30 00:00:00+00:00,0.02500058721037968
2023-01-31 00:00:00+00:00,0.0014839875552757457
2023-02-01 00:00:00+00:00,-0.020152381705051393
2023-02-02 00:00:00+00:00,0.015089417668342283
2023-02-03 00:00:00+00:00,-0.015384953139993282
2023-02-04 00:00:00+00:00,-0.0015940288262915891
2023-02-05 00:00:00+00:00,-0.014039582908220567
2023-02-06 00:00:00+00:00,-0.005346451372229892
2023-02-07 00:00:00+00:00,-0.003964483597261489
2023-02-08 00:00:00+00:00,-0.015483396105867518
2023-02-09 00:00:00+00:00,0.02006117050706671
2023-02-10 00:00:00+00:00,-0.004386556498604753
2023-02-11 00:00:00+00:00,-0.003669305657033929
2023-02-12 00:00:00+00:00,0.0011554603569192293
2023-02-13 00:00:00+00:00,-0.002881430786152518
2023-02-14 00:00:00+00:00,-0.006609716380163652
2023-02-15 00:00:00+00:00,-0.015075857862244812
2023-02-16 00:00:00+00:00,0.009008679150144272
2023-02-17 00:00:00+00:00,-0.007367138131370044
2023-02-18 00:00:00+00:00,0.004907690556761233
2023-02-19 00:00:00+00:00,0.012408588925074399
2023-02-20 00:00:00+00:00,0.0014935591971866444
2023-02-21 00:00:00+00:00,-0.003945822624567768
2023-02-22 00:00:00+00:00,-0.015294082775682147
2023-02-23 00:00:00+00:00,-0.0009153439191474026
2023-02-24 00:00:00+00:00,-0.017562624401215258
2023-02-25 00:00:00+00:00,0.013844933899690402
2023-02-26 00:00:00+00:00,-0.0011120129834478742
2023-02-27 00:00:00+00:00,0.001586505823857312
2023-02-28 00:00:00+00:00,0.005268144261181023
2023-03-01 00:00:00+00:00,-0.019920387957727766
2023-03-02 00:00:00+00:00,0.004066172543424646
2023-03-03 00:00:00+00:00,-0.001132878254783649
2023-03-04 00:00:00+00:00,0.006934284170461557
2023-03-05 00:00:00+00:00,0.0036660482679246468
2023-03-06 00:00:00+00:00,-0.013596497008427404
2023-03-07 00:00:00+00:00,0.020118989763098855
2023-03-08 00:00:00+00:00,0.03297940180507661
2023-03-09 00:00:00+00:00,-0.01144986604335278
2023-03-10 00:00:00+00:00,-0.012928326320051335
2023-03-11 00:00:00+00:00,0.013148583852921137
2023-03-12 00:00:00+00:00,-0.028596265764965337
2023-03-13 00:00:00+00:00,-0.008154855515489291
2023-03-14 00:00:00+00:00,-0.009627025355560141
2023-03-15 00:00:00+00:00,0.015425577742728371
2023-03-16 00:00:00+00:00,0.0031358700604400785
2023-03-17 00:00:00+00:00,0.02308214233778729
2023-03-18 00:00:00+00:00,0.006255057710792592
2023-03-19 00:00:00+00:00,-0.0036182397092616924
2023-03-20 00:00:00+00:00,0.013007707916368013
2023-03-21 00:00:00+00:00,-0.023765486925093126
2023-03-22 00:00:00+00:00,0.005735608951364482
2023-03-23 00:00:00+00:00,-0.0008075121334909968
2023-03-24 00:00:00+00:00,-0.0014517343549911776
2023-03-25 00:00:00+00:00,0.011268504724855194
2023-03-26 00:00:00+00:00,-0.013798341872921187
2023-03-27 00:00:00+00:00,0.01929172116317443
2023-03-28 00:00:00+00:00,-0.01074890009749431
2023-03-29 00:00:00+00:00,0.0015002172534152771
2023-03-30 00:00:00+00:00,0.004028803450251661
2023-03-31 00:00:00+00:00,-0.0005895837913589443
2023-04-01 00:00:00+00:00,0.004623419932121871
2023-04-02 00:00:00+00:00,-0.007018971384983827
2023-04-03 00:00:00+00:00,0.00883350684129613
2023-04-04 00:00:00+00:00,-0.002896842192403131
2023-04-05 00:00:00+00:00,0.0009571335487526341
2023-04-06 00:00:00+00:00,-0.0013329418314495186
2023-04-07 00:00:00+00:00,0.007977431381000957
2023-04-08 00:00:00+00:00,-0.0015051188165724001
2023-04-09 00:00:00+00:00,-0.006127254787511991
2023-04-10 00:00:00+00:00,-0.010718254421913143
2023-04-11 00:00:00+00:00,0.0069490691008462545
2023-04-12 00:00:00+00:00,0.00823001769559713
2023-04-13 00:00:00+00:00,-0.005758895287173043
2023-04-14 00:00:00+00:00,0.003491468560949805
2023-04-15 00:00:00+00:00,0.009297493744411016
2023-04-16 00:00:00+00:00,0.0011587663276613333
2023-04-17 00:00:00+00:00,0.004133310554866189
2023-04-18 00:00:00+00:00,-0.0044107961596887065
2023-04-19 00:00:00+00:00,-0.0030757024659422596
2023-04-20 00:00:00+00:00,-0.0015329457764045758
2023-04-21 00:00:00+00:00,0.014470166485505339
2023-04-22 00:00:00+00:00,-0.004561200374843771
2023-04-23 00:00:00+00:00,0.00016565882764957475
2023-04-24 00:00:00+00:00,0.0018511641852742779
2023-04-25 00:00:00+00:00,0.003972797662498633
2023-04-26 00:00:00+00:00,0.00643665646829763
2023-04-27 00:00:00+00:00,-0.0007241635860641255
2023-04-28 00:00:00+00:00,0.002949093347445284
2023-04-29 00:00:00+00:00,-0.004324103919917611
2023-04-30 00:00:00+00:00,0.0015523912717433231
2023-05-01 00:00:00+00:00,0.0029987537083464642
2023-05-02 00:00:00+00:00,-0.0017900685869113263
2023-05-03 00:00:00+00:00,0.004659617112247254
2023-05-04 00:00:00+00:00,0.013537661057985668
2023-05-05 00:00:00+00:00,0.006043654736785068
2023-05-06 00:00:00+00:00,0.013800711994249181
2023-05-07 00:00:00+00:00,-0.0032025244067189454
2023-05-08 00:00:00+00:00,0.018451495018185958
2023-05-09 00:00:00+00:00,-0.0016266230913132586
2023-05-10 00:00:00+00:00,-0.01027646688331391
2023-05-11 00:00:00+00:00,0.021997057520545038
2023-05-12 00:00:00+00:00,-0.01825469085496598
2023-05-13 00:00:00+00:00,0.002091777502993366
2023-05-14 00:00:00+00:00,-0.0032811662636246203
2023-05-15 00:00:00+00:00,-0.009957634406882741
2023-05-16 00:00:00+00:00,-0.003113141922531472
2023-05-17 00:00:00+00:00,-0.009464456099045986
2023-05-18 00:00:00+00:00,-0.007550589107608696
2023-05-19 00:00:00+00:00,-0.003125937855383746
2023-05-20 00:00:00+00:00,0.004472094999020749
2023-05-21 00:00:00+00:00,0.012134745426531753
2023-05-22 00:00:00+00:00,-0.0025428109019017204
2023-05-23 00:00:00+00:00,0.007845167119550836
2023-05-24 00:00:00+00:00,-0.0024571525950889896
2023-05-25 00:00:00+00:00,0.006850112352363171
2023-05-26 00:00:00+00:00,-0.002261809892891112
2023-05-27 00:00:00+00:00,-0.005389085424774281
2023-05-28 00:00:00+00:00,-0.0037225953038584093
2023-05-29 00:00:00+00:00,0.0001445001320578022
2023-05-30 00:00:00+00:00,0.002521405512413192
2023-05-31 00:00:00+00:00,0.0005525007012131056
2023-06-01 00:00:00+00:00,0.00940343136302133
2023-06-02 00:00:00+00:00,-0.003202713854902854
2023-06-03 00:00:00+00:00,-0.002302248554030405
2023-06-04 00:00:00+00:00,0.0016999260664702124
2023-06-05 00:00:00+00:00,-0.0001815267702777106
2023-06-06 00:00:00+00:00,0.003840636473129183
2023-06-07 00:00:00+00:00,0.0028480924262766502
2023-06-08 00:00:00+00:00,-0.00201864899486291
2023-06-09 00:00:00+00:00,0.013994488005928474
2023-06-10 00:00:00+00:00,0.024416669263848646
2023-06-11 00:00:00+00:00,-0.0014406108485616623
2023-06-12 00:00:00+00:00,-0.0017361466997406281
2023-06-13 00:00:00+00:00,-0.00902138900772227
2023-06-14 00:00:00+00:00,-0.006070357304911283
2023-06-15 00:00:00+00:00,-0.003682948370815432
2023-06-16 00:00:00+00:00,-0.004008153254610791
2023-06-17 00:00:00+00:00,-0.005675037070091957
2023-06-18 00:00:00+00:00,0.004235859609903255
2023-06-19 00:00:00+00:00,-0.00526371679812104
2023-06-20 00:00:00+00:00,-0.0003500992296053542
2023-06-21 00:00:00+00:00,0.0005607988018898705
2023-06-22 00:00:00+00:00,0.0064773919602782015
2023-06-23 00:00:00+00:00,-0.0007565720368763802
2023-06-24 00:00:00+00:00,0.0005401570145908361
2023-06-25 00:00:00+00:00,-0.0003749736254983967
2023-06-26 00:00:00+00:00,-0.001894136249301548
2023-06-27 00:00:00+00:00,0.0015924622466849628
2023-06-28 00:00:00+00:00,0.0032629725843860975
2023-06-29 00:00:00+00:00,0.0014665682679921585
2023-06-30 00:00:00+00:00,-0.006340571781222123
2023-07-01 00:00:00+00:00,0.003992917751074014
2023-07-02 00:00:00+00:00,-0.00295759564763805
2023-07-03 00:00:00+00:00,-0.003158612421417084
2023-07-04 00:00:00+00:00,0.00828032261084917
2023-07-05 00:00:00+00:00,-0.009758688737668128
2023-07-06 00:00:00+00:00,0.0035584074142293873
2023-07-07 00:00:00+00:00,-0.002050680195900102
2023-07-08 00:00:00+00:00,-0.002090719046071518
2023-07-09 00:00:00+00:00,0.007407115593224912
2023-07-10 00:00:00+00:00,-0.0005743275461442861
2023-07-11 00:00:00+00:00,-0.008079337344684433
2023-07-12 00:00:00+00:00,0.0021578052738721308
2023-07-13 00:00:00+00:00,-0.004010114634600951
2023-07-14 00:00:00+00:00,0.015676144744654164
2023-07-15 00:00:00+00:00,-0.0014332488534851463
2023-07-16 00:00:00+00:00,-0.0033281691859640577
2023-07-17 00:00:00+00:00,0.007051062280368778
2023-07-18 00:00:00+00:00,-0.01110321414099836
2023-07-19 00:00:00+00:00,0.005576695571468498
2023-07-20 00:00:00+00:00,0.015093952492006579
2023-07-21 00:00:00+00:00,-0.008762551502159767
2023-07-22 00:00:00+00:00,0.011836837851101635
2023-07-23 00:00:00+00:00,-0.005069231600728035
2023-07-24 00:00:00+00:00,0.006924826612167921
2023-07-25 00:00:00+00:00,0.0015577261767106012
2023-07-26 00:00:00+00:00,-0.004039690988548878
2023-07-27 00:00:00+00:00,0.0006189340347498785
2023-07-28 00:00:00+00:00,-0.001815427926412254
2023-07-29 00:00:00+00:00,0.003460833852059969
2023-07-30 00:00:00+00:00,-0.0007638847956497725
2023-07-31 00:00:00+00:00,0.0014378930499243628
2023-08-01 00:00:00+00:00,0.0008301278289661036
2023-08-02 00:00:00+00:00,0.0030978413227980965
2023-08-03 00:00:00+00:00,0.004954622775121979
2023-08-04 00:00:00+00:00,0.010154049184768086
2023-08-05 00:00:00+00:00,0.0007794770408968321
2023-08-06 00:00:00+00:00,-0.0021550876193356123
2023-08-07 00:00:00+00:00,0.0009247514366716761
2023-08-08 00:00:00+00:00,-0.00391264813327741
2023-08-09 00:00:00+00:00,-0.004356948933296054
2023-08-10 00:00:00+00:00,0.0013942527971384016
2023-08-11 00:00:00+00:00,0.0012547767803505231
2023-08-12 00:00:00+00:00,-8.696950647207354e-05
2023-08-13 00:00:00+00:00,-0.007188961801892312
2023-08-14 00:00:00+00:00,0.002622180773439906
2023-08-15 00:00:00+00:00,0.007279523824186678
2023-08-16 00:00:00+00:00,0.00025831679060723444
2023-08-17 00:00:00+00:00,-0.003981371766517992
2023-08-18 00:00:00+00:00,-0.012031343412283424
2023-08-19 00:00:00+00:00,-0.004601808151954194
2023-08-20 00:00:00+00:00,-0.004336261690275026
2023-08-21 00:00:00+00:00,0.007408773543746164
2023-08-22 00:00:00+00:00,-0.0028080400171790042
2023-08-23 00:00:00+00:00,-0.007211343316785136
2023-08-24 00:00:00+00:00,0.0059838734373188675
2023-08-25 00:00:00+00:00,0.0030059923763089973
2023-08-26 00:00:00+00:00,-0.0031755306834201705
2023-08-27 00:00:00+00:00,0.0032400439855173944
2023-08-28 00:00:00+00:00,-0.004793171262080643
2023-08-29 00:00:00+00:00,0.0026827728332473695
2023-08-30 00:00:00+00:00,0.003924652093680217
2023-08-31 00:00:00+00:00,0.0007119810492175465
2023-09-01 00:00:00+00:00,0.002939576548085262
2023-09-02 00:00:00+00:00,0.0015130910559557282
2023-09-03 00:00:00+00:00,0.000273240258316324
2023-09-04 00:00:00+00:00,0.004076251616123098
2023-09-05 00:00:00+00:00,-0.013075520961101412
2023-09-06 00:00:00+00:00,0.00221669329790097
2023-09-07 00:00:00+00:00,-0.002962035246558365
2023-09-08 00:00:00+00:00,0.0060977884906727176
2023-09-09 00:00:00+00:00,0.0024270620563348515
2023-09-10 00:00:00+00:00,0.013859509934357634
2023-09-11 00:00:00+00:00,0.004826848691010828
2023-09-12 00:00:00+00:00,0.006064818912537356
2023-09-13 00:00:00+00:00,-0.007049388867091744
2023-09-14 00:00:00+00:00,0.011735381503819066
2023-09-15 00:00:00+00:00,-0.0029461076616984056
2023-09-16 00:00:00+00:00,0.005283331336834028
2023-09-17 00:00:00+00:00,0.007200489478063168
2023-09-18 00:00:00+00:00,-0.007942065911946366
2023-09-19 00:00:00+00:00,-0.0017613994111512316
2023-09-20 00:00:00+00:00,-0.00793082960424152
2023-09-21 00:00:00+00:00,0.010102081097109195
2023-09-22 00:00:00+00:00,-0.005873828206685983
2023-09-23 00:00:00+00:00,0.00541251738635052
2023-09-24 00:00:00+00:00,-0.0059595323327425054
2023-09-25 00:00:00+00:00,0.001286030847553899
2023-09-26 00:00:00+00:00,-0.005661758078269949
2023-09-27 00:00:00+00:00,0.00023346822948019182
2023-09-28 00:00:00+00:00,-0.009624929664393232
2023-09-29 00:00:00+00:00,-0.005409725552648095
2023-09-30 00:00:00+00:00,-0.004309271036154301
2023-10-01 00:00:00+00:00,-0.00322243069384443
2023-10-02 00:00:00+00:00,0.009248193212052374
2023-10-03 00:00:00+00:00,0.0052454624075529855
2023-10-04 00:00:00+00:00,0.0006952007576895367
2023-10-05 00:00:00+00:00,-0.0005250872078518521
2023-10-06 00:00:00+00:00,-0.008199509545687938
2023-10-07 00:00:00+00:00,0.0034557798550476576
2023-10-08 00:00:00+00:00,0.002071823766496841
2023-10-09 00:00:00+00:00,0.007125346022714459
2023-10-10 00:00:00+00:00,0.0009161845404250048
2023-10-11 00:00:00+00:00,-0.0026443927065066823
2023-10-12 00:00:00+00:00,-0.0013676063654984312
2023-10-13 00:00:00+00:00,-0.0033536767344694704
2023-10-14 00:00:00+00:00,0.002936271509474422
2023-10-15 00:00:00+00:00,-0.002848521441521234
2023-10-16 00:00:00+00:00,0.010943830544907074
2023-10-17 00:00:00+00:00,0.010242147972168046
2023-10-18 00:00:00+00:00,0.0006303067528299222
2023-10-19 00:00:00+00:00,0.014776359687412305
2023-10-20 00:00:00+00:00,-0.0038902649238986057
2023-10-21 00:00:00+00:00,-0.004796348838308821
2023-10-22 00:00:00+00:00,-0.008217534021603265
2023-10-23 00:00:00+00:00,-0.022045193395636067
2023-10-24 00:00:00+00:00,0.001445113808927676
2023-10-25 00:00:00+00:00,-0.021666990074984103
2023-10-26 00:00:00+00:00,0.003981919306341179
2023-10-27 00:00:00+00:00,0.0023192787013892884
2023-10-28 00:00:00+00:00,0.005673103032591779
2023-10-29 00:00:00+00:00,-0.00027270377559225053
2023-10-30 00:00:00+00:00,0.006107780480766891
2023-10-31 00:00:00+00:00,0.004571673839763162
2023-11-01 00:00:00+00:00,0.0019206554532499038
2023-11-02 00:00:00+00:00,0.017969543478716887
2023-11-03 00:00:00+00:00,0.0031646555999450482
2023-11-04 00:00:00+00:00,-0.00017389004068146224
2023-11-05 00:00:00+00:00,0.0022772095933222777
2023-11-06 00:00:00+00:00,-0.0024810601704635163
2023-11-07 00:00:00+00:00,-0.004718524009127045
2023-11-08 00:00:00+00:00,-0.0013480533493575872
2023-11-09 00:00:00+00:00,0.004558526636820974
2023-11-10 00:00:00+00:00,-0.029821953305844535
2023-11-11 00:00:00+00:00,0.018879244225011683
2023-11-12 00:00:00+00:00,0.0038614275709978017
2023-11-13 00:00:00+00:00,-0.014092052715462227
2023-11-14 00:00:00+00:00,0.005549465822956163
2023-11-15 00:00:00+00:00,0.0053206554431564
2023-11-16 00:00:00+00:00,0.009438858365806015
2023-11-17 00:00:00+00:00,-0.0027494780833767
2023-11-18 00:00:00+00:00,-0.007972313414903497
2023-11-19 00:00:00+00:00,-0.016866179601939778
2023-11-20 00:00:00+00:00,0.015867876696141682
2023-11-21 00:00:00+00:00,-0.011186273016111392
2023-11-22 00:00:00+00:00,-0.005929203625183195
2023-11-23 00:00:00+00:00,-0.0036362007673078393
2023-11-24 00:00:00+00:00,-0.012503036288986401
2023-11-25 00:00:00+00:00,-0.010343180232818454
2023-11-26 00:00:00+00:00,0.003249021435205603
2023-11-27 00:00:00+00:00,-0.0012562845156183823
2023-11-28 00:00:00+00:00,-0.012376162605034744
2023-11-29 00:00:00+00:00,0.0004411176503600765
2023-11-30 00:00:00+00:00,-0.005189638204239235
2023-12-01 00:00:00+00:00,0.0010094329672638903
2023-12-02 00:00:00+00:00,-0.013162708019816248
2023-12-03 00:00:00+00:00,0.0076755220370957385
2023-12-04 00:00:00+00:00,-0.020567374898211144
2023-12-05 00:00:00+00:00,0.007678877449148881
2023-12-06 00:00:00+00:00,0.02014707884418542
2023-12-07 00:00:00+00:00,-0.01962683373794974
2023-12-08 00:00:00+00:00,0.027408447752165617
2023-12-09 00:00:00+00:00,0.018082794877660943
2023-12-10 00:00:00+00:00,-0.006024810490648016
2023-12-11 00:00:00+00:00,0.009909377124371531
2023-12-12 00:00:00+00:00,0.013426452016594526
2023-12-13 00:00:00+00:00,0.022156648401105154
2023-12-14 00:00:00+00:00,0.0010150451321701954
2023-12-15 00:00:00+00:00,0.0020474836038920793
2023-12-16 00:00:00+00:00,-0.013583367727374413
2023-12-17 00:00:00+00:00,0.005591376619111315
2023-12-18 00:00:00+00:00,0.013982980840743788
2023-12-19 00:00:00+00:00,-0.0025176773804282578
2023-12-20 00:00:00+00:00,0.006647604112015596
2023-12-21 00:00:00+00:00,-0.016085375575407852
2023-12-22 00:00:00+00:00,-0.03795392759000168
2023-12-23 00:00:00+00:00,0.02607710363567341
2023-12-24 00:00:00+00:00,0.0016038657783859981
2023-12-25 00:00:00+00:00,0.008687272000976798
2023-12-26 00:00:00+00:00,0.00922517137631117
2023-12-27 00:00:00+00:00,-0.012023183494485576
2023-12-28 00:00:00+00:00,0.0055806962375235525
2023-12-29 00:00:00+00:00,0.006156929772043734
2023-12-30 00:00:00+00:00,0.00012036244284844297
2023-12-31 00:00:00+00:00,0.004579684309966296
2024-01-01 00:00:00+00:00,0.0027978889890276624
2024-01-02 00:00:00+00:00,0.005830490091469687
2024-01-03 00:00:00+00:00,0.03896365955412429
2024-01-04 00:00:00+00:00,-0.014737118544099086
2024-01-05 00:00:00+00:00,0.005896929206210766
2024-01-06 00:00:00+00:00,-0.003335352579586185
2024-01-07 00:00:00+00:00,0.02307224560142988
2024-01-08 00:00:00+00:00,0.0059576255995209965
2024-01-09 00:00:00+00:00,-0.00214735354574201
2024-01-10 00:00:00+00:00,-0.009710675325181944
2024-01-11 00:00:00+00:00,-0.007794825518176855
2024-01-12 00:00:00+00:00,0.014538556986281112
2024-01-13 00:00:00+00:00,0.00048649326914200085
2024-01-14 00:00:00+00:00,-0.002657865483680014
2024-01-15 00:00:00+00:00,0.009618187766765554
2024-01-16 00:00:00+00:00,-0.010367102243031938
2024-01-17 00:00:00+00:00,0.008824180726369119
2024-01-18 00:00:00+00:00,-0.0019429855245470585
2024-01-19 00:00:00+00:00,0.009123507132377006
2024-01-20 00:00:00+00:00,0.003506223399949468
2024-01-21 00:00:00+00:00,-0.0033223482236177464
2024-01-22 00:00:00+00:00,0.0030153097929639504
2024-01-23 00:00:00+00:00,0.00407942281694815
2024-01-24 00:00:00+00:00,-0.005468913756974587
2024-01-25 00:00:00+00:00,0.0035116802113993465
2024-01-26 00:00:00+00:00,0.009285650845031915
2024-01-27 00:00:00+00:00,-0.011680674622473486
2024-01-28 00:00:00+00:00,0.0019283362002594823
2024-01-29 00:00:00+00:00,0.007723918953187934
2024-01-30 00:00:00+00:00,-0.00043550031739273396
2024-01-31 00:00:00+00:00,0.006474931076779463
2024-02-01 00:00:00+00:00,0.00044115011628847415
2024-02-02 00:00:00+00:00,-0.007530524758259844
2024-02-03 00:00:00+00:00,0.008397556560440285
2024-02-04 00:00:00+00:00,0.004813628363759674
2024-02-05 00:00:00+00:00,-0.003959004206411871
2024-02-06 00:00:00+00:00,-0.0034944462010109865
2024-02-07 00:00:00+00:00,-0.01126313184178462
2024-02-08 00:00:00+00:00,0.0034496130277326315
2024-02-09 00:00:00+00:00,-0.013725900694502796
2024-02-10 00:00:00+00:00,-0.003017052777447064
2024-02-11 00:00:00+00:00,-0.010035118523529127
2024-02-12 00:00:00+00:00,-0.0011772508191999764
2024-02-13 00:00:00+00:00,0.00654756665225873
2024-02-14 00:00:00+00:00,0.003235789751394526
2024-02-15 00:00:00+00:00,0.005522845160918445
2024-02-16 00:00:00+00:00,-0.0033972337651782653
2024-02-17 00:00:00+00:00,0.0010215291451507711
2024-02-18 00:00:00+00:00,0.00017165794335199632
2024-02-19 00:00:00+00:00,0.009475856251226605
2024-02-20 00:00:00+00:00,0.010995412709693595
2024-02-21 00:00:00+00:00,-0.006268248549577455
2024-02-22 00:00:00+00:00,0.012148559545734487
2024-02-23 00:00:00+00:00,0.0030883674629292577
2024-02-24 00:00:00+00:00,-0.012474084089718951
2024-02-25 00:00:00+00:00,0.0037951518208919166
2024-02-26 00:00:00+00:00,-0.0031458098795707403
2024-02-27 00:00:00+00:00,0.01663672011197303
2024-02-28 00:00:00+00:00,0.0012215030228369314
2024-02-29 00:00:00+00:00,-0.00803225940210869
2024-03-01 00:00:00+00:00,0.02965976723755976
2024-03-02 00:00:00+00:00,-0.004097686379024271
2024-03-03 00:00:00+00:00,0.02447448522318614
2024-03-04 00:00:00+00:00,0.038417557327734456
2024-03-05 00:00:00+00:00,-0.01443336289514039
2024-03-06 00:00:00+00:00,0.0005609570228369454
2024-03-07 00:00:00+00:00,-0.025309169772572488
2024-03-08 00:00:00+00:00,-0.008695652190691506
2024-03-09 00:00:00+00:00,-0.029808201647932405
2024-03-10 00:00:00+00:00,0.029248150929434898
2024-03-11 00:00:00+00:00,0.003630007255530372
2024-03-12 00:00:00+00:00,0.025910954266277108
2024-03-13 00:00:00+00:00,-0.004310345850091664
2024-03-14 00:00:00+00:00,-0.014137329280102601
2024-03-15 00:00:00+00:00,0.018805259610189883
2024-03-16 00:00:00+00:00,0.019225244827158657
2024-03-17 00:00:00+00:00,0.02071723125818779
2024-03-18 00:00:00+00:00,-0.0015048508924238547
2024-03-19 00:00:00+00:00,-0.01773295571548204
2024-03-20 00:00:00+00:00,-0.01026449224231088
2024-03-21 00:00:00+00:00,-0.009205162337333867
2024-03-22 00:00:00+00:00,0.0066541367814801165
2024-03-23 00:00:00+00:00,-0.010786668701428912
2024-03-24 00:00:00+00:00,-0.002531541370533805
2024-03-25 00:00:00+00:00,-0.005599071224831775
2024-03-26 00:00:00+00:00,-0.0020448458956949397
2024-03-27 00:00:00+00:00,-0.0054875240304937505
2024-03-28 00:00:00+00:00,-0.0016194035480049734
2024-03-29 00:00:00+00:00,-0.00182144065292566
2024-03-30 00:00:00+00:00,-0.005503577215676247
2024-03-31 00:00:00+00:00,-0.004328279992069402
2024-04-01 00:00:00+00:00,0.016374529135812253
2024-04-02 00:00:00+00:00,0.0244109054649566
2024-04-03 00:00:00+00:00,-0.013956446738539213
2024-04-04 00:00:00+00:00,0.002426926420371412
2024-04-05 00:00:00+00:00,0.0007957882038480463
2024-04-06 00:00:00+00:00,-0.013228124714953032
2024-04-07 00:00:00+00:00,-0.014798948622801738
2024-04-08 00:00:00+00:00,-0.006964119714017429
2024-04-09 00:00:00+00:00,0.0040737449497047565
2024-04-10 00:00:00+00:00,0.009352152677121086
2024-04-11 00:00:00+00:00,0.0021642924010014768
2024-04-12 00:00:00+00:00,0.04369237415007572
2024-04-13 00:00:00+00:00,0.02252548445657185
2024-04-14 00:00:00+00:00,-0.0047440399159700865
2024-04-15 00:00:00+00:00,0.007645690562120366
2024-04-16 00:00:00+00:00,-0.004735139936560037
2024-04-17 00:00:00+00:00,0.0001573371285284875
2024-04-18 00:00:00+00:00,0.002135335362040099
2024-04-19 00:00:00+00:00,-0.004616439225276007
2024-04-20 00:00:00+00:00,-0.012169556401704782
2024-04-21 00:00:00+00:00,-0.0033192481617359436
2024-04-22 00:00:00+00:00,-0.0074350864540414655
2024-04-23 00:00:00+00:00,-0.006290409078261123
2024-04-24 00:00:00+00:00,0.009559705041455757
2024-04-25 00:00:00+00:00,0.000662585622507789
2024-04-26 00:00:00+00:00,0.007298557270628818
2024-04-27 00:00:00+00:00,-0.004961078176280871
2024-04-28 00:00:00+00:00,0.003521557197287244
2024-04-29 00:00:00+00:00,0.0026310301829786543
2024-04-30 00:00:00+00:00,0.01029365771929167
2024-05-01 00:00:00+00:00,-0.012207176834953848
2024-05-02 00:00:00+00:00,-0.00466540068204858
2024-05-03 00:00:00+00:00,-0.008772956733580516
2024-05-04 00:00:00+00:00,-0.0011550684727426213
2024-05-05 00:00:00+00:00,-0.020344593841206772
2024-05-06 00:00:00+00:00,-0.0018219645249394514
2024-05-07 00:00:00+00:00,-0.0037735120966044563
2024-05-08 00:00:00+00:00,0.0020480499700905336
2024-05-09 00:00:00+00:00,0.0018883966700767366
2024-05-10 00:00:00+00:00,0.00487235391997168
2024-05-11 00:00:00+00:00,-0.0015147304966772635
2024-05-12 00:00:00+00:00,0.0010541038336787793
2024-05-13 00:00:00+00:00,0.005140209391324496
2024-05-14 00:00:00+00:00,0.007611375138512058
2024-05-15 00:00:00+00:00,-0.030624519992568273
2024-05-16 00:00:00+00:00,-0.01044382563577174
2024-05-17 00:00:00+00:00,0.0006584247783076423
2024-05-18 00:00:00+00:00,-0.006263941126299147
2024-05-19 00:00:00+00:00,0.009076320634933653
2024-05-20 00:00:00+00:00,-0.0027807783490956337
2024-05-21 00:00:00+00:00,-0.03010474190912543
2024-05-22 00:00:00+00:00,-0.00031077418117414046
2024-05-23 00:00:00+00:00,0.009648326034737056
2024-05-24 00:00:00+00:00,-0.009850088070147617
2024-05-25 00:00:00+00:00,0.002357375977114846
2024-05-26 00:00:00+00:00,0.004366416759780888
2024-05-27 00:00:00+00:00,0.007557240175011622
2024-05-28 00:00:00+00:00,-0.008310510235286566
2024-05-29 00:00:00+00:00,-0.012541260027736412
2024-05-30 00:00:00+00:00,0.005113191312508936
2024-05-31 00:00:00+00:00,-0.0015356433958740442
2024-06-01 00:00:00+00:00,0.0030464242065998772
2024-06-02 00:00:00+00:00,0.004709951837377942
2024-06-03 00:00:00+00:00,-0.0051533417206275885
2024-06-04 00:00:00+00:00,0.011122859058768966
2024-06-05 00:00:00+00:00,-0.00072501250197545
2024-06-06 00:00:00+00:00,0.013106065571871285
2024-06-07 00:00:00+00:00,0.026026963872430666
2024-06-08 00:00:00+00:00,0.01879458910063478
2024-06-09 00:00:00+00:00,-0.0026043439805946878
2024-06-10 00:00:00+00:00,0.007189262596715844
2024-06-11 00:00:00+00:00,0.01465746283869996
2024-06-12 00:00:00+00:00,-0.018762420909028472
2024-06-13 00:00:00+00:00,0.021603711873650157
2024-06-14 00:00:00+00:00,0.009537092603389979
2024-06-15 00:00:00+00:00,-0.00025548730318604906
2024-06-16 00:00:00+00:00,-0.0037519550066473094
2024-06-17 00:00:00+00:00,0.041821362084243044
2024-06-18 00:00:00+00:00,0.014177501482467226
2024-06-19 00:00:00+00:00,-0.009196016157459337
2024-06-20 00:00:00+00:00,0.0032872533471282627
2024-06-21 00:00:00+00:00,0.004354073906801132
2024-06-22 00:00:00+00:00,-0.0030053773253816865
2024-06-23 00:00:00+00:00,0.006087132085619167
2024-06-24 00:00:00+00:00,-0.01564083090767967
2024-06-25 00:00:00+00:00,-0.00800462258968685
2024-06-26 00:00:00+00:00,0.0025542353673025844
2024-06-27 00:00:00+00:00,-0.005283426948428252
2024-06-28 00:00:00+00:00,0.002508865537528321
2024-06-29 00:00:00+00:00,-0.0021658407006356615
2024-06-30 00:00:00+00:00,-0.016319577263171663
2024-07-01 00:00:00+00:00,0.013377432874098545
2024-07-02 00:00:00+00:00,0.004120944803749162
2024-07-03 00:00:00+00:00,0.010223727982592043
2024-07-04 00:00:00+00:00,0.023133570996110374
2024-07-05 00:00:00+00:00,0.0010449200069336574
2024-07-06 00:00:00+00:00,-0.004236256279199668
2024-07-07 00:00:00+00:00,0.008627542932338729
2024-07-08 00:00:00+00:00,-0.014147647801384545
2024-07-09 00:00:00+00:00,0.007045543525104929
2024-07-10 00:00:00+00:00,0.0006159689779558956
2024-07-11 00:00:00+00:00,0.013798547557138864
2024-07-12 00:00:00+00:00,0.0002626001836067706
2024-07-13 00:00:00+00:00,0.01104655035414575
2024-07-14 00:00:00+00:00,-0.02248235232160114
2024-07-15 00:00:00+00:00,-0.04756490279610203
2024-07-16 00:00:00+00:00,-0.01928996341565786
2024-07-17 00:00:00+00:00,-0.0025043209435556047
2024-07-18 00:00:00+00:00,-0.0002633301990142173
2024-07-19 00:00:00+00:00,-0.00274792368074352
2024-07-20 00:00:00+00:00,0.005634295945369835
2024-07-21 00:00:00+00:00,0.006219079970959681
2024-07-22 00:00:00+00:00,0.006377391606391945
2024-07-23 00:00:00+00:00,0.0006123909611465545
2024-07-24 00:00:00+00:00,0.0037164157765276536
2024-07-25 00:00:00+00:00,0.0003976572123692294
2024-07-26 00:00:00+00:00,-0.012770952683241403
2024-07-27 00:00:00+00:00,0.006746250135423177
2024-07-28 00:00:00+00:00,0.004635161351252121
2024-07-29 00:00:00+00:00,0.0035257381388026404
2024-07-30 00:00:00+00:00,0.004849251118801941
2024-07-31 00:00:00+00:00,4.507293864017061e-05
2024-08-01 00:00:00+00:00,-0.0008234863690532264
2024-08-02 00:00:00+00:00,0.007444372898844692
2024-08-03 00:00:00+00:00,0.008602740730743942
2024-08-04 00:00:00+00:00,0.0023592914995340204
2024-08-05 00:00:00+00:00,0.008634557594061764
2024-08-06 00:00:00+00:00,-0.0020073050645307666
2024-08-07 00:00:00+00:00,0.010464268511596752
2024-08-08 00:00:00+00:00,-0.034014374629881036
2024-08-09 00:00:00+00:00,0.0034285123800970323
2024-08-10 00:00:00+00:00,0.0016817222391827071
2024-08-11 00:00:00+00:00,0.018969529624685857
2024-08-12 00:00:00+00:00,-0.00904044958253717
2024-08-13 00:00:00+00:00,-0.0025854468011852895
2024-08-14 00:00:00+00:00,0.008116418551883029
2024-08-15 00:00:00+00:00,-0.001683802496767728
2024-08-16 00:00:00+00:00,0.014104947195761896
2024-08-17 00:00:00+00:00,-0.009046888029880192
2024-08-18 00:00:00+00:00,0.013083937965390487
2024-08-19 00:00:00+00:00,-0.009014330449058501
2024-08-20 00:00:00+00:00,0.009395270030180132
2024-08-21 00:00:00+00:00,-0.014808446625416707
2024-08-22 00:00:00+00:00,-0.005882940451908389
2024-08-23 00:00:00+00:00,-0.03211519192011377
2024-08-24 00:00:00+00:00,-0.0017231812465407523
2024-08-25 00:00:00+00:00,-0.009531236999709284
2024-08-26 00:00:00+00:00,0.004259684006522493
2024-08-27 00:00:00+00:00,-0.010209268115287067
2024-08-28 00:00:00+00:00,0.0005403241493080031
2024-08-29 00:00:00+00:00,-0.0015365315838185407
2024-08-30 00:00:00+00:00,-0.003015792955337244
2024-08-31 00:00:00+00:00,0.007000305617996053
2024-09-01 00:00:00+00:00,0.005216438868923399
2024-09-02 00:00:00+00:00,-0.020033342925196537
2024-09-03 00:00:00+00:00,0.01730584312789665
2024-09-04 00:00:00+00:00,-0.002461841408819186
2024-09-05 00:00:00+00:00,0.00048496231524668723
2024-09-06 00:00:00+00:00,-0.00688650545871296
2024-09-07 00:00:00+00:00,-0.0005090145877105907
2024-09-08 00:00:00+00:00,-0.01464919398085213
2024-09-09 00:00:00+00:00,-0.008948977109922837
2024-09-10 00:00:00+00:00,-0.0034996832357456348
2024-09-11 00:00:00+00:00,0.005276260160543876
2024-09-12 00:00:00+00:00,-0.013193326443519157
2024-09-13 00:00:00+00:00,0.0021203198573106364
2024-09-14 00:00:00+00:00,-0.0002408888426915431
2024-09-15 00:00:00+00:00,-0.0027692668026920025
2024-09-16 00:00:00+00:00,-0.00582081586315763
2024-09-17 00:00:00+00:00,0.008452343421614038
2024-09-18 00:00:00+00:00,0.00800815325538844
2024-09-19 00:00:00+00:00,-0.0006301868948491349
2024-09-20 00:00:00+00:00,0.005672071726584827
2024-09-21 00:00:00+00:00,-0.0003595582694525014
2024-09-22 00:00:00+00:00,-0.0018847408865399215
2024-09-23 00:00:00+00:00,0.001112255843430712
2024-09-24 00:00:00+00:00,-0.0038491398184060874
2024-09-25 00:00:00+00:00,-0.008365655792490257
2024-09-26 00:00:00+00:00,0.014450562211300021
2024-09-27 00:00:00+00:00,0.007343128367522371
2024-09-28 00:00:00+00:00,-0.004388996577895275
2024-09-29 00:00:00+00:00,-0.010479361370933618
2024-09-30 00:00:00+00:00,-0.0074117750183874155
2024-10-01 00:00:00+00:00,-0.013438975163001764
2024-10-02 00:00:00+00:00,0.010808524171272866
2024-10-03 00:00:00+00:00,-0.02170198066776078
2024-10-04 00:00:00+00:00,0.005522331653611682
2024-10-05 00:00:00+00:00,-0.0026937437027367743
2024-10-06 00:00:00+00:00,-0.00926848998858313
2024-10-07 00:00:00+00:00,-0.0004891789518623311
2024-10-08 00:00:00+00:00,0.0038364020754193314
2024-10-09 00:00:00+00:00,-0.003509341372605439
2024-10-10 00:00:00+00:00,-0.013693347329413325
2024-10-11 00:00:00+00:00,-0.0003427036631192789
2024-10-12 00:00:00+00:00,0.00043699370250170947
2024-10-13 00:00:00+00:00,0.0006746924386987258
2024-10-14 00:00:00+00:00,-0.022238667058050644
2024-10-15 00:00:00+00:00,0.0038157928316860067
2024-10-16 00:00:00+00:00,-0.0013250790668793415
2024-10-17 00:00:00+00:00,0.0004732758117889153
2024-10-18 00:00:00+00:00,-0.004359250432136496
2024-10-19 00:00:00+00:00,0.009529885516466875
2024-10-20 00:00:00+00:00,-0.00579503378226764
2024-10-21 00:00:00+00:00,0.004017572140608179
2024-10-22 00:00:00+00:00,0.0003031868618243951
2024-10-23 00:00:00+00:00,-0.008538729764037965
2024-10-24 00:00:00+00:00,0.006463600183555237
2024-10-25 00:00:00+00:00,0.0223011412942596
2024-10-26 00:00:00+00:00,0.0019115074173150365
2024-10-27 00:00:00+00:00,-0.0030256289070906568
2024-10-28 00:00:00+00:00,-0.007397430305762912
2024-10-29 00:00:00+00:00,-0.017584240931637296
2024-10-30 00:00:00+00:00,0.009421986108174359
2024-10-31 00:00:00+00:00,0.006239566790787855
2024-11-01 00:00:00+00:00,0.007285028200081412
2024-11-02 00:00:00+00:00,0.00286727143892626
2024-11-03 00:00:00+00:00,0.00745857579166921
2024-11-04 00:00:00+00:00,0.012525785922421952
2024-11-05 00:00:00+00:00,-0.007963966204190594
2024-11-06 00:00:00+00:00,-0.02871828875095299
2024-11-07 00:00:00+00:00,0.016453013052200538
2024-11-08 00:00:00+00:00,0.013169251353341207
2024-11-09 00:00:00+00:00,0.0021833999698458507
2024-11-10 00:00:00+00:00,-0.009882596430666801
2024-11-11 00:00:00+00:00,0.006947470740238165
2024-11-12 00:00:00+00:00,-0.0003352608528562179
2024-11-13 00:00:00+00:00,-0.011044579018374573
2024-11-14 00:00:00+00:00,-0.0020302614960683607
2024-11-15 00:00:00+00:00,0.014277299970365531
2024-11-16 00:00:00+00:00,0.0031683064475769955
2024-11-17 00:00:00+00:00,0.00010307855715440451
2024-11-18 00:00:00+00:00,-0.00018133448074135998
2024-11-19 00:00:00+00:00,0.001695064676615232
2024-11-20 00:00:00+00:00,0.007885514610563318
2024-11-21 00:00:00+00:00,0.01675103398016192
2024-11-22 00:00:00+00:00,0.03401353917903367
2024-11-23 00:00:00+00:00,-0.02712746211765754
2024-11-24 00:00:00+00:00,0.004152628528615718
2024-11-25 00:00:00+00:00,0.008191994109613002
2024-11-26 00:00:00+00:00,-0.004642895690234907
2024-11-27 00:00:00+00:00,0.008148413236464038
2024-11-28 00:00:00+00:00,0.004792875475808921
2024-11-29 00:00:00+00:00,0.007649841311175376
2024-11-30 00:00:00+00:00,0.011400869694415743
2024-12-01 00:00:00+00:00,0.012012202012358331
2024-12-02 00:00:00+00:00,0.03706916363070745
2024-12-03 00:00:00+00:00,0.006543094479769663
2024-12-04 00:00:00+00:00,-0.032012159560494566
2024-12-05 00:00:00+00:00,-0.010491158363103532
2024-12-06 00:00:00+00:00,0.008270277114207922
2024-12-07 00:00:00+00:00,-0.013862905551623606
2024-12-08 00:00:00+00:00,0.003789454464167855
2024-12-09 00:00:00+00:00,0.005070577620770834
2024-12-10 00:00:00+00:00,-0.018318263275554428
2024-12-11 00:00:00+00:00,0.02206386705854903
2024-12-12 00:00:00+00:00,0.0012706443896916737
2024-12-13 00:00:00+00:00,0.0027024111328848317
2024-12-14 00:00:00+00:00,0.0031106985668211654
2024-12-15 00:00:00+00:00,0.0024688564838775727
2024-12-16 00:00:00+00:00,0.012408681982242186
2024-12-17 00:00:00+00:00,-0.005837762022738918
2024-12-18 00:00:00+00:00,0.01009978474211505
2024-12-19 00:00:00+00:00,0.004818714326099566
2024-12-20 00:00:00+00:00,0.02018413480944658
2024-12-21 00:00:00+00:00,-0.00041745556831374476
2024-12-22 00:00:00+00:00,-0.0033817329802642475
2024-12-23 00:00:00+00:00,0.009724884242404103
2024-12-24 00:00:00+00:00,-0.0020646923272329425
2024-12-25 00:00:00+00:00,-4.1438937664842376e-05
2024-12-26 00:00:00+00:00,0.00425893056559464
2024-12-27 00:00:00+00:00,0.000996484660420365
2024-12-28 00:00:00+00:00,0.0037989059434927475
2024-12-29 00:00:00+00:00,0.0045303647172160065
2024-12-30 00:00:00+00:00,0.01068941255259892
2024-12-31 00:00:00+00:00,-0.002935816791771253
2025-01-01 00:00:00+00:00,-0.023707020447322893
2025-01-02 00:00:00+00:00,0.006069692207915972
2025-01-03 00:00:00+00:00,-0.011120929390512527
2025-01-04 00:00:00+00:00,0.006501044959456408
2025-01-05 00:00:00+00:00,0.0007766260541848722
2025-01-06 00:00:00+00:00,-0.00472160508543235
2025-01-07 00:00:00+00:00,-0.0013755726985621502
2025-01-08 00:00:00+00:00,0.0054766425347416185
2025-01-09 00:00:00+00:00,0.007116242545809844
2025-01-10 00:00:00+00:00,-0.006158338013821286
2025-01-11 00:00:00+00:00,-0.002389952473474505
2025-01-12 00:00:00+00:00,4.5447300201448105e-05
2025-01-13 00:00:00+00:00,0.012143336929705418
2025-01-14 00:00:00+00:00,0.0016580468651635856
2025-01-15 00:00:00+00:00,-5.629220643669479e-05
2025-01-16 00:00:00+00:00,-0.004719799530834098
2025-01-17 00:00:00+00:00,-0.004274873995180862
2025-01-18 00:00:00+00:00,-0.0012349873628224584
2025-01-19 00:00:00+00:00,-0.0021063016482076686
2025-01-20 00:00:00+00:00,0.0032549983327747143
2025-01-21 00:00:00+00:00,0.005212392843780839
2025-01-22 00:00:00+00:00,-0.004284105045968036
2025-01-23 00:00:00+00:00,0.0036891337684936353
2025-01-24 00:00:00+00:00,0.02050926386944312
2025-01-25 00:00:00+00:00,-0.01653648361023619
2025-01-26 00:00:00+00:00,0.0030885607258846503
2025-01-27 00:00:00+00:00,0.005415803549504121
2025-01-28 00:00:00+00:00,0.013597214148953853
2025-01-29 00:00:00+00:00,-0.004716184387213745
2025-01-30 00:00:00+00:00,-0.0052579354903879785
2025-01-31 00:00:00+00:00,-0.004067994764859055
2025-02-01 00:00:00+00:00,0.02958939867997286
2025-02-02 00:00:00+00:00,0.0069466034032322635
2025-02-03 00:00:00+00:00,-0.0013499603233274452
2025-02-04 00:00:00+00:00,0.0023619138464779058
2025-02-05 00:00:00+00:00,0.008239668332940651
2025-02-06 00:00:00+00:00,0.016702769559662413
2025-02-07 00:00:00+00:00,0.0032559552102297304
2025-02-08 00:00:00+00:00,0.003679569476144389
2025-02-09 00:00:00+00:00,0.01122418364385443
2025-02-10 00:00:00+00:00,0.0009248787351946052
2025-02-11 00:00:00+00:00,0.0014821927972350972
2025-02-12 00:00:00+00:00,0.010065530693060291
2025-02-13 00:00:00+00:00,-0.0024436909254864528
2025-02-14 00:00:00+00:00,-0.01578549925960101
2025-02-15 00:00:00+00:00,0.009112734286969086
2025-02-16 00:00:00+00:00,0.005697741690255164
2025-02-17 00:00:00+00:00,0.010293691987598802
2025-02-18 00:00:00+00:00,0.016289154318261743
2025-02-19 00:00:00+00:00,0.0020750857022407304
2025-02-20 00:00:00+00:00,-0.013110915292898703
2025-02-21 00:00:00+00:00,-0.0011478010176911478
2025-02-22 00:00:00+00:00,-0.007205682060742809
2025-02-23 00:00:00+00:00,0.007070133732802614
2025-02-24 00:00:00+00:00,0.022058153612762033
2025-02-25 00:00:00+00:00,-0.007704135898408906
2025-02-26 00:00:00+00:00,-0.007098949171462506
2025-02-27 00:00:00+00:00,-0.002693358488078211
2025-02-28 00:00:00+00:00,-0.014168719670465435
2025-03-01 00:00:00+00:00,-0.01415396771651115
2025-03-02 00:00:00+00:00,-0.02936356437630483
2025-03-03 00:00:00+00:00,0.0061010469872024315
2025-03-04 00:00:00+00:00,0.00116491762720707
2025-03-05 00:00:00+00:00,-0.0006675449333783299
2025-03-06 00:00:00+00:00,0.006378853758077712
2025-03-07 00:00:00+00:00,0.006793063872018212
2025-03-08 00:00:00+00:00,0.004404238443540699
2025-03-09 00:00:00+00:00,0.007666996939070191
2025-03-10 00:00:00+00:00,0.018489286424322293
2025-03-11 00:00:00+00:00,0.001673227074964743
2025-03-12 00:00:00+00:00,0.009065028933680792
2025-03-13 00:00:00+00:00,0.008570200943277734
2025-03-14 00:00:00+00:00,-0.0036883628570270966
2025-03-15 00:00:00+00:00,0.005329358397041929
2025-03-16 00:00:00+00:00,0.009148964430922283
2025-03-17 00:00:00+00:00,-0.004882063162595745
2025-03-18 00:00:00+00:00,-0.00900669248368156
2025-03-19 00:00:00+00:00,-0.0011351300649736385
2025-03-20 00:00:00+00:00,-0.004775469519973348
2025-03-21 00:00:00+00:00,0.008099758820801124
2025-03-22 00:00:00+00:00,0.0007438656109921501
2025-03-23 00:00:00+00:00,-0.00948205283865556
2025-03-24 00:00:00+00:00,-0.020758259816541027
2025-03-25 00:00:00+00:00,-0.002135183223237499
2025-03-26 00:00:00+00:00,-0.0016277334241753191
2025-03-27 00:00:00+00:00,0.004098184897818358
2025-03-28 00:00:00+00:00,0.010466088076758709
2025-03-29 00:00:00+00:00,0.007339810730545201
2025-03-30 00:00:00+00:00,0.007310841721372805
2025-03-31 00:00:00+00:00,0.004681856794096635
2025-04-01 00:00:00+00:00,0.00029117700454079764
2025-04-02 00:00:00+00:00,0.003707996430139974
2025-04-03 00:00:00+00:00,0.003034074911369423
2025-04-04 00:00:00+00:00,-0.008805896253179527
2025-04-05 00:00:00+00:00,0.0020597735100237463
2025-04-06 00:00:00+00:00,0.013932745877311069
2025-04-07 00:00:00+00:00,-0.004394556279959838
2025-04-08 00:00:00+00:00,0.006071245038668904
2025-04-09 00:00:00+00:00,-0.013898366352557442
2025-04-10 00:00:00+00:00,-0.004987833568998921
2025-04-11 00:00:00+00:00,0.0012874543919999103
2025-04-12 00:00:00+00:00,-0.01599688891891345
2025-04-13 00:00:00+00:00,0.009493048999845308
2025-04-14 00:00:00+00:00,-0.006372932248398053
2025-04-15 00:00:00+00:00,0.005969115494679443
2025-04-16 00:00:00+00:00,0.010287335559978577
2025-04-17 00:00:00+00:00,-0.0033920832492376316
2025-04-18 00:00:00+00:00,-0.011115063255080021
2025-04-19 00:00:00+00:00,-0.010257370436345115
2025-04-20 00:00:00+00:00,-0.011641274806662615
2025-04-21 00:00:00+00:00,0.007959468720481077
2025-04-22 00:00:00+00:00,-0.024738021160227
2025-04-23 00:00:00+00:00,-0.00826227864746228
2025-04-24 00:00:00+00:00,0.0022324634610540015
2025-04-25 00:00:00+00:00,-0.014418260081909395
2025-04-26 00:00:00+00:00,-0.005932534211762064
2025-04-27 00:00:00+00:00,-0.004112551668961949
2025-04-28 00:00:00+00:00,-0.005318587616448832
2025-04-29 00:00:00+00:00,0.0012870754968958198
2025-04-30 00:00:00+00:00,-0.012004803666872003
2025-05-01 00:00:00+00:00,0.007918046167559615
2025-05-02 00:00:00+00:00,0.0018571684596077513
2025-05-03 00:00:00+00:00,0.008672385126111914
2025-05-04 00:00:00+00:00,-0.00032749407656169286
2025-05-05 00:00:00+00:00,0.010308572766062073
2025-05-06 00:00:00+00:00,-0.0017188042891235467
2025-05-07 00:00:00+00:00,-0.009306011864490586
2025-05-08 00:00:00+00:00,-0.028495453650485832
2025-05-09 00:00:00+00:00,-0.00913878210650692
2025-05-10 00:00:00+00:00,-0.012481065221245796
2025-05-11 00:00:00+00:00,-0.0029162051027488652
2025-05-12 00:00:00+00:00,0.002985726108751732
2025-05-13 00:00:00+00:00,0.007343646162833109
2025-05-14 00:00:00+00:00,0.007267046588374754
2025-05-15 00:00:00+00:00,-0.007949428134386063
2025-05-16 00:00:00+00:00,0.0007175402458406323
2025-05-17 00:00:00+00:00,-0.0002007294907326242
2025-05-18 00:00:00+00:00,-0.003514165811875518
2025-05-19 00:00:00+00:00,0.002556033031978552
2025-05-20 00:00:00+00:00,-0.00757036756253775
2025-05-21 00:00:00+00:00,-0.007761846692315039
2025-05-22 00:00:00+00:00,-0.012833293808480703
2025-05-23 00:00:00+00:00,-0.0005377119323960563
2025-05-24 00:00:00+00:00,-0.00026691222757806594
2025-05-25 00:00:00+00:00,0.0022464486302088034
2025-05-26 00:00:00+00:00,-0.004287454479685883
2025-05-27 00:00:00+00:00,-0.0031340992584357576
2025-05-28 00:00:00+00:00,-0.008513131059717691
2025-05-29 00:00:00+00:00,0.015504418266299523
2025-05-30 00:00:00+00:00,0.0021360765230389787
2025-05-31 00:00:00+00:00,-0.00011105654499411814
2025-06-01 00:00:00+00:00,0.00199051610934951
2025-06-02 00:00:00+00:00,-0.0010214038838093917
2025-06-03 00:00:00+00:00,0.001786475648231208
2025-06-04 00:00:00+00:00,0.014490659117111056
2025-06-05 00:00:00+00:00,0.012985802947785821
2025-06-06 00:00:00+00:00,-0.007873388689563226
2025-06-07 00:00:00+00:00,-0.005534339333484498
2025-06-08 00:00:00+00:00,0.0038772354793347855
2025-06-09 00:00:00+00:00,-0.01969106048665935
2025-06-10 00:00:00+00:00,-0.008217527902090656
2025-06-11 00:00:00+00:00,0.007796901917117909
2025-06-12 00:00:00+00:00,0.00856731577217636
2025-06-13 00:00:00+00:00,0.01535964817638219
2025-06-14 00:00:00+00:00,-0.006299929146632734
2025-06-15 00:00:00+00:00,0.0025941961468704017
2025-06-16 00:00:00+00:00,0.010242213081214355
2025-06-17 00:00:00+00:00,0.012334428980103588
2025-06-18 00:00:00+00:00,-0.005754197956758277
2025-06-19 00:00:00+00:00,0.011026173889691048
2025-06-20 00:00:00+00:00,0.006934620527221919
2025-06-21 00:00:00+00:00,0.01200732564998172
2025-06-22 00:00:00+00:00,0.00660767953853446
2025-06-23 00:00:00+00:00,-0.03944497831380001
2025-06-24 00:00:00+00:00,-0.00570528161004426
2025-06-25 00:00:00+00:00,0.017939732633726668
2025-06-26 00:00:00+00:00,0.008167543074554456
2025-06-27 00:00:00+00:00,-0.0019170274894977767
2025-06-28 00:00:00+00:00,-0.011337899785591344
2025-06-29 00:00:00+00:00,-0.017889231090124146
2025-06-30 00:00:00+00:00,0.009607784525630422
2025-07-01 00:00:00+00:00,0.007287083985274037
2025-07-02 00:00:00+00:00,-0.018236388388137542
2025-07-03 00:00:00+00:00,-0.005279639994119087
2025-07-04 00:00:00+00:00,0.02069536874585886
2025-07-05 00:00:00+00:00,0.00026860750390738037
2025-07-06 00:00:00+00:00,-0.0058737718392449165
2025-07-07 00:00:00+00:00,0.006068779775238361
2025-07-08 00:00:00+00:00,-0.0025427550333620244
2025-07-09 00:00:00+00:00,-0.01213028780259117
2025-07-10 00:00:00+00:00,-0.03030832878551291
2025-07-11 00:00:00+00:00,-0.0006602868398111196
2025-07-12 00:00:00+00:00,0.002592149626742324
2025-07-13 00:00:00+00:00,0.0003583688388195416
2025-07-14 00:00:00+00:00,-0.0023557296562753288
2025-07-15 00:00:00+00:00,-0.0003292152358706403
2025-07-16 00:00:00+00:00,0.01189533294223908
2025-07-17 00:00:00+00:00,0.024789933888674648
2025-07-18 00:00:00+00:00,-0.008173690592784095
2025-07-19 00:00:00+00:00,-0.007571641579584029
2025-07-20 00:00:00+00:00,0.001397569293239371
2025-07-21 00:00:00+00:00,0.0017726976185824118
2025-07-22 00:00:00+00:00,0.00016200330428679742
2025-07-23 00:00:00+00:00,-0.017731144607313582
2025-07-24 00:00:00+00:00,-0.004345833748075979
2025-07-25 00:00:00+00:00,-0.006692843948484591
2025-07-26 00:00:00+00:00,0.002804162897391693
2025-07-27 00:00:00+00:00,-0.009988144806867523
2025-07-28 00:00:00+00:00,0.017755009555022152
2025-07-29 00:00:00+00:00,0.010364039049183624
2025-07-30 00:00:00+00:00,-0.0011949700069995978
2025-07-31 00:00:00+00:00,0.013893903075011708
2025-08-01 00:00:00+00:00,-0.0037606070243328513
2025-08-02 00:00:00+00:00,0.0034056034987363405
2025-08-03 00:00:00+00:00,-0.007478220979839899
2025-08-04 00:00:00+00:00,0.005634955620419455
2025-08-05 00:00:00+00:00,0.01520993065109898
2025-08-06 00:00:00+00:00,-0.006113031969479506
2025-08-07 00:00:00+00:00,-0.020978147254398737
2025-08-08 00:00:00+00:00,-0.004241787281163123
2025-08-09 00:00:00+00:00,-0.0074501675917563945
2025-08-10 00:00:00+00:00,-0.00024095259291337205
2025-08-11 00:00:00+00:00,0.002735935075740332
2025-08-12 00:00:00+00:00,0.00025069331060155833
2025-08-13 00:00:00+00:00,-0.004252625287626013
2025-08-14 00:00:00+00:00,0.015755674306299115
2025-08-15 00:00:00+00:00,-0.0002673854217659706
2025-08-16 00:00:00+00:00,0.0005912201358258937
2025-08-17 00:00:00+00:00,-0.00414340639551538
2025-08-18 00:00:00+00:00,0.006636684415942262
2025-08-19 00:00:00+00:00,0.00705913602968382
2025-08-20 00:00:00+00:00,0.0038390947566855813
2025-08-21 00:00:00+00:00,0.00018312982796722747
2025-08-22 00:00:00+00:00,-0.01294879035293207
2025-08-23 00:00:00+00:00,0.004640328271788241
2025-08-24 00:00:00+00:00,0.0014757332957393168
2025-08-25 00:00:00+00:00,-0.0005379643439084333
2025-08-26 00:00:00+00:00,0.0011895026227221393
2025-08-27 00:00:00+00:00,-0.00045197899083128146
2025-08-28 00:00:00+00:00,0.0031205936561190264
2025-08-29 00:00:00+00:00,0.0046238766561061346
2025-08-30 00:00:00+00:00,-0.0005466791951144305
2025-08-31 00:00:00+00:00,0.008539054171273418
2025-09-01 00:00:00+00:00,-0.0028985336502493396
2025-09-02 00:00:00+00:00,-0.0053610421495614
2025-09-03 00:00:00+00:00,-0.0006715110775548001
2025-09-04 00:00:00+00:00,0.006383816240570445
2025-09-05 00:00:00+00:00,-0.004134528138887517
2025-09-06 00:00:00+00:00,0.0016335050703235108
2025-09-07 00:00:00+00:00,-0.003568356670014955
2025-09-08 00:00:00+00:00,-0.062280544427079094
2025-09-09 00:00:00+00:00,-0.0014501185268240538
2025-09-10 00:00:00+00:00,0.0030896869703210543
2025-09-11 00:00:00+00:00,-0.00936554623787517
2025-09-12 00:00:00+00:00,0.002424424474904294
2025-09-13 00:00:00+00:00,0.004991675853425556
2025-09-14 00:00:00+00:00,-0.0016532456315104225
2025-09-15 00:00:00+00:00,-0.0031261071555384844
2025-09-16 00:00:00+00:00,0.00026634281073741154
2025-09-17 00:00:00+00:00,-0.00457375855726465
2025-09-18 00:00:00+00:00,-0.007242683021856003
2025-09-19 00:00:00+00:00,0.005986366071267839
2025-09-20 00:00:00+00:00,0.0006738219750975338
2025-09-21 00:00:00+00:00,0.007450037344596858
2025-09-22 00:00:00+00:00,0.008798636989304377
2025-09-23 00:00:00+00:00,0.006450045805114206
2025-09-24 00:00:00+00:00,-0.005852256941470899
2025-09-25 00:00:00+00:00,-0.007193088426841272
2025-09-26 00:00:00+00:00,-0.0029540263664495155
2025-09-27 00:00:00+00:00,0.0021019634074119975
2025-09-28 00:00:00+00:00,-0.0026167646362607686
2025-09-29 00:00:00+00:00,0.00937649798864489
2025-09-30 00:00:00+00:00,-0.0016815652950906224
2025-10-01 00:00:00+00:00,-0.014266416617911976
2025-10-02 00:00:00+00:00,-0.0001235253357889517
2025-10-03 00:00:00+00:00,0.004317948801545689
2025-10-04 00:00:00+00:00,0.0012286584064380441
2025-10-05 00:00:00+00:00,0.005995892853486641
2025-10-06 00:00:00+00:00,-0.01619704430039283
2025-10-07 00:00:00+00:00,0.018464335458920105
2025-10-08 00:00:00+00:00,-0.003551599422375585
2025-10-09 00:00:00+00:00,-0.003299372555654086
2025-10-10 00:00:00+00:00,0.034635054647198286
2025-10-11 00:00:00+00:00,0.0037128409285065956
2025-10-12 00:00:00+00:00,0.0041841270495846464
2025-10-13 00:00:00+00:00,0.015143383269577626
2025-10-14 00:00:00+00:00,-0.011346901839452327
2025-10-15 00:00:00+00:00,-0.007836275940007577
2025-10-16 00:00:00+00:00,-0.006551345034122744
2025-10-17 00:00:00+00:00,-0.0008175379694587347
2025-10-18 00:00:00+00:00,0.0029509253836878103
2025-10-19 00:00:00+00:00,-0.0033006405568560978
2025-10-20 00:00:00+00:00,-0.0007181221236953167
2025-10-21 00:00:00+00:00,0.001786031936929932
2025-10-22 00:00:00+00:00,0.0025971501909169362
2025-10-23 00:00:00+00:00,-0.006939516718068301
2025-10-24 00:00:00+00:00,0.0008447271638950487
2025-10-25 00:00:00+00:00,0.002852855845309381
2025-10-26 00:00:00+00:00,-0.007318461841882344
2025-10-27 00:00:00+00:00,0.0033578509105508
2025-10-28 00:00:00+00:00,0.003319218224243509
2025-10-29 00:00:00+00:00,-0.010433932002082393
2025-10-30 00:00:00+00:00,0.005533279003635338
2025-10-31 00:00:00+00:00,1.5815589043589205e-05
2025-11-01 00:00:00+00:00,-0.006630366905962185
2025-11-02 00:00:00+00:00,0.0057428380439801235
2025-11-03 00:00:00+00:00,0.04870546384198491
2025-11-04 00:00:00+00:00,0.006803212081710776
2025-11-05 00:00:00+00:00,-0.011676344338672345
2025-11-06 00:00:00+00:00,-0.021886483179453436
2025-11-07 00:00:00+00:00,-0.052354997509039956
2025-11-08 00:00:00+00:00,-0.018742672967173662
2025-11-09 00:00:00+00:00,-0.0014716544487546977
2025-11-10 00:00:00+00:00,-0.017352030712558263
2025-11-11 00:00:00+00:00,0.00915530558379894
2025-11-12 00:00:00+00:00,-0.0044157701005312555
2025-11-13 00:00:00+00:00,0.012720485123511103
2025-11-14 00:00:00+00:00,0.020638626663226002
2025-11-15 00:00:00+00:00,-0.007928218936819892
2025-11-16 00:00:00+00:00,0.008100479175445652
2025-11-17 00:00:00+00:00,-0.008142422636456342
2025-11-18 00:00:00+00:00,-0.008509760901967773
2025-11-19 00:00:00+00:00,0.0030484512507935532
2025-11-20 00:00:00+00:00,0.004420472575684378
2025-11-21 00:00:00+00:00,-0.00408505304903384
2025-11-22 00:00:00+00:00,-0.006225468466815035
2025-11-23 00:00:00+00:00,-0.005182180274432046
2025-11-24 00:00:00+00:00,-0.007248485155856436
2025-11-25 00:00:00+00:00,0.0026063039891594296
2025-11-26 00:00:00+00:00,0.006906505569803929
2025-11-27 00:00:00+00:00,0.010478347013778855
2025-11-28 00:00:00+00:00,0.0015986601652328773
2025-11-29 00:00:00+00:00,0.008259377472185919
2025-11-30 00:00:00+00:00,0.030544481117268773
2025-12-01 00:00:00+00:00,0.0025394416268369213
2025-12-02 00:00:00+00:00,0.0032186920635040805
2025-12-03 00:00:00+00:00,-0.006954235549989172
2025-12-04 00:00:00+00:00,-0.01617070525107502
2025-12-05 00:00:00+00:00,0.01616614382281681
2025-12-06 00:00:00+00:00,0.006907457056897503
2025-12-07 00:00:00+00:00,0.013641242283217331
2025-12-08 00:00:00+00:00,-0.03746771675087343
2025-12-09 00:00:00+00:00,-0.01267559436852083
2025-12-10 00:00:00+00:00,0.01395630282135817
2025-12-11 00:00:00+00:00,-0.00440198089375921
2025-12-12 00:00:00+00:00,-0.0014612967371025322
2025-12-13 00:00:00+00:00,0.0003313163073207335
2025-12-14 00:00:00+00:00,0.009484770619792176
2025-12-15 00:00:00+00:00,0.007399026322218112
2025-12-16 00:00:00+00:00,-0.00012719832626231854
2025-12-17 00:00:00+00:00,0.014739610634256585
2025-12-18 00:00:00+00:00,0.013753328091656048
2025-12-19 00:00:00+00:00,-0.0168147760895859
2025-12-20 00:00:00+00:00,-0.012666285367378089
2025-12-21 00:00:00+00:00,0.01051019376743896
2025-12-22 00:00:00+00:00,-0.00029976469156003477
2025-12-23 00:00:00+00:00,-0.0012832436269674921
2025-12-24 00:00:00+00:00,-0.00014074350072002797
2025-12-25 00:00:00+00:00,0.009019874615323564
2025-12-26 00:00:00+00:00,-0.012358871391614788
2025-12-27 00:00:00+00:00,-0.009780418065386818
2025-12-28 00:00:00+00:00,0.0016730638107999346
2025-12-29 00:00:00+00:00,0.011028958733327309
2025-12-30 00:00:00+00:00,0.007370097362767811
2025-12-31 00:00:00+00:00,0.006628853001325308
2026-01-01 00:00:00+00:00,-0.026702253887103896
2026-01-02 00:00:00+00:00,-0.015543501118745586
2026-01-03 00:00:00+00:00,0.0025528478455731558
2026-01-04 00:00:00+00:00,0.007202556588571306
2026-01-05 00:00:00+00:00,-0.002909897491872467
2026-01-06 00:00:00+00:00,-0.006313847184959691
2026-01-07 00:00:00+00:00,0.0010012476952958502
2026-01-08 00:00:00+00:00,0.009119237028547845
2026-01-09 00:00:00+00:00,0.0072229867867351066
2026-01-10 00:00:00+00:00,0.005239634884313717
2026-01-11 00:00:00+00:00,0.00338012872185572
2026-01-12 00:00:00+00:00,-0.007076291143650221
2026-01-13 00:00:00+00:00,-0.04253306947438536
2026-01-14 00:00:00+00:00,-0.02217387166917861
2026-01-15 00:00:00+00:00,0.0140028314814972
2026-01-16 00:00:00+00:00,-0.002851712380439942
2026-01-17 00:00:00+00:00,-0.0023550723475122175
2026-01-18 00:00:00+00:00,0.024744106525469177
2026-01-19 00:00:00+00:00,-0.006515486605679301
2026-01-20 00:00:00+00:00,-0.008134044886786552
2026-01-21 00:00:00+00:00,-0.003300772573440511
2026-01-22 00:00:00+00:00,-0.0003176494818063362
2026-01-23 00:00:00+00:00,-0.0032516783181654072
2026-01-24 00:00:00+00:00,-0.0018871134953795457
2026-01-25 00:00:00+00:00,0.006515709740235144
2026-01-26 00:00:00+00:00,-0.011674027435123099
2026-01-27 00:00:00+00:00,-0.004615914577744534
2026-01-28 00:00:00+00:00,0.0017662472389890008
2026-01-29 00:00:00+00:00,0.004480573762466732
2026-01-30 00:00:00+00:00,0.0073094829516615265
2026-01-31 00:00:00+00:00,0.0015501551192943072
2026-02-01 00:00:00+00:00,-0.0016672193743569657
2026-02-02 00:00:00+00:00,0.0033153501127921037
2026-02-03 00:00:00+00:00,0.0037273956102723024
2026-02-04 00:00:00+00:00,-0.0015443173354651094
2026-02-05 00:00:00+00:00,0.0044964426754588145
2026-02-06 00:00:00+00:00,-0.006804443098204602
2026-02-07 00:00:00+00:00,-0.00015615928524506895
2026-02-08 00:00:00+00:00,-0.006878775233837137
2026-02-09 00:00:00+00:00,-0.0036630184699551695
2026-02-10 00:00:00+00:00,0.0012901443423245355
2026-02-11 00:00:00+00:00,0.0010785551701328658
2026-02-12 00:00:00+00:00,-0.0010834525939082233
2026-02-13 00:00:00+00:00,-0.009574076642651067
2026-02-14 00:00:00+00:00,-0.025992528895849628
2026-02-15 00:00:00+00:00,0.0044100849705847375
2026-02-16 00:00:00+00:00,-0.003496643025390123
2026-02-17 00:00:00+00:00,-0.00015446490355151832
2026-02-18 00:00:00+00:00,0.009610460404346445
2026-02-19 00:00:00+00:00,-0.0006381090993241147
2026-02-20 00:00:00+00:00,0.0019134233284855515
2026-02-21 00:00:00+00:00,0.0004152252108650972
2026-02-22 00:00:00+00:00,0.011503910085389236
2026-02-23 00:00:00+00:00,-0.011590688987623353
2026-02-24 00:00:00+00:00,-0.003535249615973249
2026-02-25 00:00:00+00:00,-0.02397859434093218
2026-02-26 00:00:00+00:00,0.005268479233110401
2026-02-27 00:00:00+00:00,-0.0005919633512713583
2026-02-28 00:00:00+00:00,0.005035320418320491
2026-03-01 00:00:00+00:00,0.00016618919360303426
2026-03-02 00:00:00+00:00,-0.0002896500495776461
2026-03-03 00:00:00+00:00,-0.001167367051676412
2026-03-04 00:00:00+00:00,0.0022436808554968553
2026-03-05 00:00:00+00:00,0.0016923068625405487
2026-03-06 00:00:00+00:00,0.007808088474531401
2026-03-07 00:00:00+00:00,0.006895077468880111
2026-03-08 00:00:00+00:00,-0.002481234031600811
2026-03-09 00:00:00+00:00,-0.0019689667370145075
2026-03-10 00:00:00+00:00,-0.000795561578093021
2026-03-11 00:00:00+00:00,0.00257491515735341
2026-03-12 00:00:00+00:00,-0.0037464110314357974
2026-03-13 00:00:00+00:00,0.0038981594529225276
2026-03-14 00:00:00+00:00,-0.004986972310629969
2026-03-15 00:00:00+00:00,-0.004861231013290994
2026-03-16 00:00:00+00:00,-0.03749147166899439
2026-03-17 00:00:00+00:00,0.005151925047153163
2026-03-18 00:00:00+00:00,-0.0006917259668601088
2026-03-19 00:00:00+00:00,0.00039984311540630006
2026-03-20 00:00:00+00:00,0.0019998090268107042
2026-03-21 00:00:00+00:00,0.0029735615589953157
2026-03-22 00:00:00+00:00,0.0008618948638490227
2026-03-23 00:00:00+00:00,-0.01230853030878087
2026-03-24 00:00:00+00:00,-0.004207733002790273
2026-03-25 00:00:00+00:00,0.004514382675803705
2026-03-26 00:00:00+00:00,0.0027337664111529904
2026-03-27 00:00:00+00:00,0.008952929860168171
2026-03-28 00:00:00+00:00,-7.326333478134637e-06
2026-03-29 00:00:00+00:00,-0.005697251068432299
2026-03-30 00:00:00+00:00,-0.004705085956881535
2026-03-31 00:00:00+00:00,-0.0077814803969969435
2026-04-01 00:00:00+00:00,-0.004743727232560085
2026-04-02 00:00:00+00:00,0.004588898981936071
2026-04-03 00:00:00+00:00,-0.0012151652736158598
2026-04-04 00:00:00+00:00,-0.0015340725653616388
2026-04-05 00:00:00+00:00,0.0011398255320789381
2026-04-06 00:00:00+00:00,0.004907559356496594
2026-04-07 00:00:00+00:00,-0.0053493179149108365
2026-04-08 00:00:00+00:00,0.004180199238306531
2026-04-09 00:00:00+00:00,0.012578437561614659
2026-04-10 00:00:00+00:00,0.002945274933042471
2026-04-11 00:00:00+00:00,-0.001463651172261817
2026-04-12 00:00:00+00:00,-0.009582766319710712
2026-04-13 00:00:00+00:00,-0.0059825089860008895
2026-04-14 00:00:00+00:00,-0.002534727679334889
2026-04-15 00:00:00+00:00,-0.007467084982397482
2026-04-16 00:00:00+00:00,-0.01500631197423509
2026-04-17 00:00:00+00:00,0.006647061418322034
2026-04-18 00:00:00+00:00,0.01018508634205647
2026-04-19 00:00:00+00:00,0.0029239318581435357
2026-04-20 00:00:00+00:00,-0.002303064579947599
2026-04-21 00:00:00+00:00,-0.00041718801095577977
2026-04-22 00:00:00+00:00,0.004498383960954207
2026-04-23 00:00:00+00:00,-0.00927635484647302
2026-04-24 00:00:00+00:00,-0.002255677926444162
2026-04-25 00:00:00+00:00,0.0002365678130354116
2026-04-26 00:00:00+00:00,-0.004233889217615344
2026-04-27 00:00:00+00:00,0.0002714367348621376
2026-04-28 00:00:00+00:00,0.004906539055082899
2026-04-29 00:00:00+00:00,0.0018358472345506444
2026-04-30 00:00:00+00:00,-0.005270641305412963
2026-05-01 00:00:00+00:00,-0.005920876529118004
2026-05-02 00:00:00+00:00,-0.014541930943427405
2026-05-03 00:00:00+00:00,0.004901685317567314
2026-05-04 00:00:00+00:00,-0.006482406678718038
2026-05-05 00:00:00+00:00,0.009220336909727676
2026-05-06 00:00:00+00:00,-0.008711240403752398
2026-05-07 00:00:00+00:00,0.00467933311955169
2026-05-08 00:00:00+00:00,0.008561367547705846
2026-05-09 00:00:00+00:00,-0.003389248464403218
2026-05-10 00:00:00+00:00,-0.006388050923000149
2026-05-11 00:00:00+00:00,0.0038414266831874014
2026-05-12 00:00:00+00:00,-0.003606504931187111
2026-05-13 00:00:00+00:00,0.004457491828283701
2026-05-14 00:00:00+00:00,-0.007479955895409111
2026-05-15 00:00:00+00:00,0.013870696991680094
2026-05-16 00:00:00+00:00,9.530303780510497e-05
2026-05-17 00:00:00+00:00,0.0009935845818763091
2026-05-18 00:00:00+00:00,0.0013167318503354165
2026-05-19 00:00:00+00:00,0.007118210470059919
2026-05-20 00:00:00+00:00,-0.0072564768937999815
2026-05-21 00:00:00+00:00,0.0033217095631588246
2026-05-22 00:00:00+00:00,0.0026733997428853296
2026-05-23 00:00:00+00:00,0.0005603367510769107
2026-05-24 00:00:00+00:00,0.005704850952141849
2026-05-25 00:00:00+00:00,0.008389220419492983
2026-05-26 00:00:00+00:00,-0.012549359048580096
2026-05-27 00:00:00+00:00,-0.010083999261775237
2026-05-28 00:00:00+00:00,-0.014280447530046304
2026-05-29 00:00:00+00:00,-0.00316354201066401
2026-05-30 00:00:00+00:00,0.0011694866686266668
2026-05-31 00:00:00+00:00,-0.006458864877077712
2026-06-01 00:00:00+00:00,-0.016245306777989004
2026-06-02 00:00:00+00:00,-0.021688547339905224
2026-06-03 00:00:00+00:00,-0.002826595548643554
2026-06-04 00:00:00+00:00,-0.01797354935303228
2026-06-05 00:00:00+00:00,0.0017584700615359214
2026-06-06 00:00:00+00:00,-0.006928284532652737
2026-06-07 00:00:00+00:00,-0.01801149315261996
2026-06-08 00:00:00+00:00,-0.0024364122777110935
2026-06-09 00:00:00+00:00,-0.0012676634899213954
2026-06-10 00:00:00+00:00,-0.003895871460998691
2026-06-11 00:00:00+00:00,0.007575194505068033
2026-06-12 00:00:00+00:00,-0.004860639630519872
2026-06-13 00:00:00+00:00,-0.012618153108268955
2026-06-14 00:00:00+00:00,-0.01065737254130309
2026-06-15 00:00:00+00:00,-0.019817832803038803
2026-06-16 00:00:00+00:00,-0.013686445494211129
2026-06-17 00:00:00+00:00,-0.0019274067093197368
2026-06-18 00:00:00+00:00,0.003493086937636599
2026-06-19 00:00:00+00:00,-0.0019150892427704667
2026-06-20 00:00:00+00:00,0.0021974873293615005
2026-06-21 00:00:00+00:00,0.006671438395991521
2026-06-22 00:00:00+00:00,0.0024521356430307847
2026-06-23 00:00:00+00:00,0.004103076514769333
2026-06-24 00:00:00+00:00,0.00584719482512496
2026-06-25 00:00:00+00:00,0.002695096699779306
2026-06-26 00:00:00+00:00,-0.008986831682137365
2026-06-27 00:00:00+00:00,0.0022769342904521536
2026-06-28 00:00:00+00:00,0.0027733364048551476
2026-06-29 00:00:00+00:00,-0.0013151948541472694
2026-06-30 00:00:00+00:00,-0.003465279078739973
2026-07-01 00:00:00+00:00,0.0016350663677571597
2026-07-02 00:00:00+00:00,-0.007937704913994124
2026-07-03 00:00:00+00:00,-0.007389283907757178
2026-07-04 00:00:00+00:00,0.0078958875582637
2026-07-05 00:00:00+00:00,0.005353187768383094
2026-07-06 00:00:00+00:00,0.002185864617884358
2026-07-07 00:00:00+00:00,0.014116389082385182
2026-07-08 00:00:00+00:00,-0.0006881613986598142
2026-07-09 00:00:00+00:00,-0.0009395197235722478
2026-07-10 00:00:00+00:00,0.0039000909648447303
2026-07-11 00:00:00+00:00,0.008354643734191326
2026-07-12 00:00:00+00:00,-0.0038817956624029658
2026-07-13 00:00:00+00:00,-0.0012318988823090647
2026-07-14 00:00:00+00:00,0.0026999191926909355
2026-07-15 00:00:00+00:00,-0.0007881353286931356
2026-07-16 00:00:00+00:00,0.0007153787259636874
2026-07-17 00:00:00+00:00,4.680757778206252e-05
2026-07-18 00:00:00+00:00,0.003511539426740062
2026-07-19 00:00:00+00:00,0.009486863658303236
2026-07-20 00:00:00+00:00,-0.00684118639978864
2026-07-21 00:00:00+00:00,-0.005205898318990361
2026-07-22 00:00:00+00:00,0.0013857588290640318
2026-07-23 00:00:00+00:00,0.0011540443383204894
2026-07-24 00:00:00+00:00,0.0076462511358654246
2026-07-25 00:00:00+00:00,-0.008708209106604466
2026-07-26 00:00:00+00:00,0.0034354828553087996
2026-07-27 00:00:00+00:00,0.010569476164212058
2026-07-28 00:00:00+00:00,0.00734573847968725
2026-07-29 00:00:00+00:00,0.002895467410320949
2026-07-30 00:00:00+00:00,0.0008377305020626562
2026-07-31 00:00:00+00:00,-0.00685102476207724
2026-08-01 00:00:00+00:00,-0.006645117660353875
2026-08-02 00:00:00+00:00,-0.002256073026066195
2026-08-03 00:00:00+00:00,-0.009294713531344654
2026-08-04 00:00:00+00:00,0.0004896408429638489
2026-08-05 00:00:00+00:00,-0.0003578127580130782
2026-08-06 00:00:00+00:00,0.003849321245405769
2026-08-07 00:00:00+00:00,0.00017728359730757417
2026-08-08 00:00:00+00:00,-0.002058513590896863
2026-08-09 00:00:00+00:00,0.0022849015924426216
2026-08-10 00:00:00+00:00,-0.008488716857427178
2026-08-11 00:00:00+00:00,-0.005680805043920304
2026-08-12 00:00:00+00:00,0.003256172837905824
2026-08-13 00:00:00+00:00,-0.0019306778085984417
2026-08-14 00:00:00+00:00,0.00458638940514192
2026-08-15 00:00:00+00:00,0.0062767077375102676
2026-08-16 00:00:00+00:00,0.0017141518830456769
2026-08-17 00:00:00+00:00,-8.291680868438605e-05
2026-08-18 00:00:00+00:00,0.002347222537938087
2026-08-19 00:00:00+00:00,-0.0053834658964427955
2026-08-20 00:00:00+00:00,-0.00653275285124736
2026-08-21 00:00:00+00:00,-0.01384982466253634
2026-08-22 00:00:00+00:00,0.012478023622764638
2026-08-23 00:00:00+00:00,-0.0011054102936988708
2026-08-24 00:00:00+00:00,-0.005006224903073198
2026-08-25 00:00:00+00:00,0.003592169795580877
2026-08-26 00:00:00+00:00,0.0038961279764096173
2026-08-27 00:00:00+00:00,0.004726309279379407
2026-08-28 00:00:00+00:00,0.0026588835467909384
2026-08-29 00:00:00+00:00,0.0020718405802419393
2026-08-30 00:00:00+00:00,0.0013866630919310487
2026-08-31 00:00:00+00:00,-0.0006745502772279565
