experiment,year,ic_spearman,hit_rate,net_return,sharpe
E1_reg_h24,2021,-0.0123,0.4876,-0.2480,0.0101
E1_reg_h24,2022,-0.0103,0.4906,-0.4462,-0.7862
E1_reg_h24,2023,-0.0124,0.4932,-0.1333,-0.1930
E1_reg_h24,2024,0.0305,0.5285,0.3977,0.9500
E1_reg_h24,2025,0.0355,0.5082,-0.0933,-0.0195
E1_reg_h24,2026,0.0900,0.5074,0.1672,0.8074
E2_reg_h4,2021,0.0594,0.5174,0.7440,1.1337
E2_reg_h4,2022,0.0282,0.5092,-0.1541,-0.0251
E2_reg_h4,2023,0.0294,0.5108,0.5289,1.3365
E2_reg_h4,2024,0.0498,0.5120,0.2642,0.7523
E2_reg_h4,2025,-0.0037,0.5002,-0.4531,-1.5639
E2_reg_h4,2026,0.0153,0.5045,0.0111,0.2313
E3_tb_h24,2021,0.0987,0.5331,1.0263,1.4356
E3_tb_h24,2022,-0.0016,0.4898,-0.4957,-1.1832
E3_tb_h24,2023,0.0404,0.5386,0.4170,1.1991
E3_tb_h24,2024,0.0746,0.5289,-0.1345,-0.1575
E3_tb_h24,2025,0.0062,0.5186,0.0834,0.4090
E3_tb_h24,2026,0.0230,0.5243,0.0564,0.4134
E4_meta_tsmom_h24,2021,0.0843,,0.4575,1.0009
E4_meta_tsmom_h24,2022,0.0649,,0.0428,0.2899
E4_meta_tsmom_h24,2023,0.0205,,-0.0263,-0.0256
E4_meta_tsmom_h24,2024,0.0918,,-0.0954,-0.4459
E4_meta_tsmom_h24,2025,0.0332,,-0.1454,-0.5773
E4_meta_tsmom_h24,2026,-0.0494,,0.1921,1.5774
E5_reg_h24_price_only,2021,-0.0463,0.4927,-0.4840,-0.4491
E5_reg_h24_price_only,2022,-0.0209,0.4942,-0.3182,-0.4625
E5_reg_h24_price_only,2023,-0.0795,0.4968,-0.2625,-0.6107
E5_reg_h24_price_only,2024,0.0069,0.5258,0.2781,0.7595
E5_reg_h24_price_only,2025,-0.0140,0.5009,-0.1970,-0.3340
E5_reg_h24_price_only,2026,0.0916,0.5295,0.4159,1.6689
E6_reg_h24_rolling2y,2021,0.0212,0.5264,1.1822,1.3846
E6_reg_h24_rolling2y,2022,0.0654,0.5123,0.0911,0.4377
E6_reg_h24_rolling2y,2023,-0.0381,0.4960,-0.4079,-1.2120
E6_reg_h24_rolling2y,2024,0.0106,0.5299,0.4437,0.9774
E6_reg_h24_rolling2y,2025,0.1184,0.5147,-0.1042,-0.0360
E6_reg_h24_rolling2y,2026,-0.0647,0.4705,-0.3532,-1.5208
E8_reg_h168,2021,0.0675,0.5142,0.2726,0.6956
E8_reg_h168,2022,0.0789,0.5058,-0.1470,-0.0874
E8_reg_h168,2023,-0.0245,0.5695,0.6338,1.5792
E8_reg_h168,2024,0.0392,0.5422,0.3773,1.0497
E8_reg_h168,2025,0.0305,0.5151,-0.0242,0.0897
E8_reg_h168,2026,-0.1422,0.4801,-0.0554,-0.0796
E9_reg_h24_fixed300,2021,0.0130,0.4975,-0.0744,0.2565
E9_reg_h24_fixed300,2022,0.0065,0.5007,-0.3067,-0.4206
E9_reg_h24_fixed300,2023,-0.0184,0.4792,-0.3285,-0.9268
E9_reg_h24_fixed300,2024,0.0109,0.5118,-0.2061,-0.3447
E9_reg_h24_fixed300,2025,0.0498,0.5216,0.3156,0.9773
E9_reg_h24_fixed300,2026,0.0705,0.5094,0.2255,1.0344
C1_shuffle_h24,2021,-0.0356,0.5114,-0.1168,0.2572
C1_shuffle_h24,2022,-0.0042,0.4889,-0.4866,-0.8867
C1_shuffle_h24,2023,-0.0302,0.5244,0.9802,1.9972
C1_shuffle_h24,2024,-0.0073,0.5335,0.8206,1.4545
C1_shuffle_h24,2025,-0.0189,0.5136,-0.1203,-0.0664
C1_shuffle_h24,2026,-0.0635,0.5072,-0.1107,-0.1895
C2_leak_h24,2021,-0.0269,0.4928,-0.1274,0.1751
C2_leak_h24,2022,-0.0190,0.4944,-0.2851,-0.2931
C2_leak_h24,2023,-0.0124,0.5219,0.8579,1.8171
C2_leak_h24,2024,0.0233,0.5410,1.1134,1.8891
C2_leak_h24,2025,0.0713,0.5252,0.3431,1.0364
C2_leak_h24,2026,0.1362,0.5158,0.1538,0.7663
E10_ridge_h24,2021,-0.0182,0.4984,-0.1787,0.0591
E10_ridge_h24,2022,-0.0231,0.4925,-0.3876,-0.8662
E10_ridge_h24,2023,0.0379,0.5025,0.8061,2.0472
E10_ridge_h24,2024,0.0561,0.5184,0.7462,1.6453
E10_ridge_h24,2025,-0.0059,0.4985,-0.2935,-1.0593
E10_ridge_h24,2026,0.0505,0.5079,0.2768,1.3770
C3_leak_ridge_h24,2021,0.0164,0.5076,0.1560,0.5464
C3_leak_ridge_h24,2022,0.0170,0.5043,-0.1107,-0.1076
C3_leak_ridge_h24,2023,0.0725,0.5187,1.1357,2.8528
C3_leak_ridge_h24,2024,0.0983,0.5329,1.2380,2.6544
C3_leak_ridge_h24,2025,0.0388,0.5074,-0.0328,-0.0265
C3_leak_ridge_h24,2026,0.1018,0.5237,0.4758,2.5217
