,LGBM top50,LGBM top100,LGBM top50 滑点0.2%,小市值 top50,1月反转 top50,低波动 top50,沪深300,中证500,中证1000
2016-01-11,-0.084629,-0.095250,-0.085629,-0.116057,-0.064308,-0.070510,-0.071112,-0.103658,-0.111159
2016-01-18,0.101457,0.105054,0.100361,0.062714,0.119666,0.016192,0.019816,0.045993,0.060300
2016-01-25,-0.075274,-0.087668,-0.076758,-0.064256,-0.113900,-0.039671,-0.060718,-0.095372,-0.097457
2016-02-01,0.035980,0.024683,0.034473,0.020943,0.018826,-0.007311,-0.017220,0.004968,0.010263
2016-02-15,0.140767,0.142317,0.139860,0.097440,0.153672,0.046233,0.067684,0.103899,0.123215
2016-02-22,-0.070670,-0.079517,-0.072198,-0.052351,-0.063841,-0.020796,-0.046807,-0.072192,-0.088155
2016-02-29,-0.036531,-0.029832,-0.037974,0.011565,-0.042209,0.039151,0.057634,0.012135,-0.015776
2016-03-07,0.031505,0.036396,0.030613,0.003246,0.032868,-0.009831,-0.022332,-0.020791,-0.007066
2016-03-14,0.131599,0.136445,0.130428,0.094664,0.172197,0.031687,0.053863,0.080494,0.102867
2016-03-21,0.025111,0.025030,0.023606,0.026902,0.034224,0.001604,0.001143,0.016301,0.023601
2016-03-28,0.017650,0.016364,0.016586,0.030203,0.006776,0.006866,0.001356,0.003585,0.000135
2016-04-05,0.039926,0.034467,0.038599,0.014787,0.002509,-0.003337,0.000688,0.014615,0.018896
2016-04-11,0.044232,0.042726,0.043055,0.029891,0.024660,0.012215,0.012186,0.018842,0.025744
2016-04-18,-0.050842,-0.051392,-0.052311,-0.032589,-0.049119,-0.019778,-0.027033,-0.054620,-0.060866
2016-04-25,0.020348,0.020078,0.018719,0.015693,-0.003141,0.000252,-0.001555,-0.000897,0.005428
2016-05-03,-0.002219,-0.003349,-0.003382,-0.004892,-0.008110,-0.007367,-0.014048,-0.013637,-0.013287
2016-05-09,-0.060271,-0.062241,-0.061224,-0.047276,-0.074450,-0.011985,-0.016338,-0.036805,-0.048570
2016-05-16,0.036182,0.024422,0.035173,0.004834,0.021966,-0.003543,0.004562,0.010461,0.011926
2016-05-23,0.014256,0.014636,0.012703,0.007098,-0.004979,0.001918,-0.007211,-0.008023,-0.001626
2016-05-30,0.092510,0.089397,0.091235,0.054355,0.083162,0.025167,0.044652,0.060629,0.070585
2016-06-06,-0.015284,-0.008402,-0.016880,-0.011506,-0.022209,-0.009208,-0.018395,-0.017882,-0.013203
2016-06-13,-0.002015,-0.007662,-0.003298,-0.006569,-0.021755,-0.002119,-0.006107,0.003717,0.013262
2016-06-20,-0.001328,-0.004603,-0.002468,-0.003039,-0.014959,-0.011759,-0.015981,-0.016945,-0.006753
2016-06-27,0.044614,0.048269,0.043501,0.029644,0.043268,0.015687,0.023249,0.036634,0.035973
2016-07-04,0.041395,0.040817,0.039946,0.034941,0.035782,0.012003,0.019975,0.039555,0.033783
2016-07-11,0.011661,0.016419,0.010160,0.007904,-0.003640,0.022224,0.022091,0.016899,0.001015
2016-07-18,0.009819,0.005696,0.008609,-0.002703,-0.014633,-0.008777,-0.015151,-0.006737,-0.005692
2016-07-25,-0.024114,-0.014072,-0.025641,-0.016032,-0.074722,0.002702,-0.007372,-0.032013,-0.050385
2016-08-01,0.000955,-0.004747,-0.000847,0.005666,0.009679,0.002236,0.000982,0.002015,0.002113
2016-08-08,0.020003,0.021325,0.019085,0.013856,0.018170,0.022033,0.032473,0.019019,0.017432
2016-08-15,0.060053,0.051145,0.059132,0.031894,0.056678,0.015027,0.018529,0.030168,0.033989
2016-08-22,0.001001,0.002523,-0.000458,0.013501,-0.015732,-0.003336,-0.017271,-0.013944,-0.012686
2016-08-29,0.004595,0.006268,0.002927,0.014098,-0.005790,0.002542,0.004367,-0.005695,-0.007378
2016-09-05,0.003310,0.001832,0.001655,-0.000418,-0.012706,-0.004583,-0.014797,-0.001546,-0.004345
2016-09-12,-0.010207,-0.011356,-0.011631,-0.007689,-0.011707,-0.007666,-0.008903,-0.010995,-0.008626
2016-09-19,0.028657,0.023462,0.026743,0.019210,0.000513,0.003229,0.007694,0.011302,0.009412
2016-09-26,0.003219,0.004422,0.002010,0.010498,-0.020121,0.001736,-0.000713,0.000093,-0.001397
2016-10-10,0.037271,0.040204,0.035707,0.026469,0.057499,0.007389,0.012434,0.017910,0.025566
2016-10-17,0.006689,0.005656,0.004861,0.005852,0.031423,0.006688,0.008031,0.000161,0.002063
2016-10-24,0.006665,0.004839,0.005223,0.000601,0.001488,-0.002268,-0.000030,-0.005883,-0.005285
2016-10-31,0.022470,0.021363,0.021179,0.011669,-0.003704,-0.000871,0.006311,0.003038,0.009911
2016-11-07,0.019546,0.019119,0.017910,0.018906,0.013111,0.010603,0.016634,0.016663,0.013862
2016-11-14,0.007471,0.009362,0.006168,0.011243,0.002856,0.003523,0.001006,0.004340,0.003528
2016-11-21,0.016010,0.013318,0.014783,0.008665,-0.010484,0.024744,0.036930,0.010626,0.001193
2016-11-28,-0.029481,-0.031300,-0.030716,-0.023581,-0.033883,-0.012623,-0.018366,-0.030749,-0.036108
2016-12-05,0.020691,0.020993,0.019163,0.018161,0.019101,-0.000771,0.004485,0.007846,0.006461
2016-12-12,-0.039490,-0.036596,-0.040801,-0.021685,-0.032607,-0.035040,-0.042109,-0.029649,-0.036125
2016-12-19,-0.013275,-0.009472,-0.014845,-0.000132,-0.014664,-0.012791,-0.014696,-0.009418,-0.009645
2016-12-26,0.013898,0.015343,0.012728,0.007997,0.001501,0.003813,0.006295,0.002153,0.003684
2017-01-03,0.003076,0.008975,0.002082,0.013772,0.003163,0.008434,0.009596,0.014596,0.010848
2017-01-09,-0.054612,-0.053317,-0.055754,-0.032361,-0.055896,-0.005023,-0.009445,-0.028476,-0.038706
2017-01-16,-0.029940,-0.024480,-0.031598,-0.025311,-0.025069,0.005482,0.013548,-0.008682,-0.019745
2017-01-23,0.024992,0.024261,0.023319,0.017607,0.012823,0.007575,0.009491,0.015826,0.013873
2017-02-03,-0.007785,-0.004874,-0.009295,-0.007754,-0.000497,-0.006024,-0.006730,-0.003359,-0.003714
2017-02-06,0.039758,0.033863,0.038751,0.018916,0.041283,0.010765,0.014492,0.021782,0.023447
2017-02-13,-0.008098,-0.011394,-0.009271,-0.009123,-0.011251,0.001679,0.001381,-0.005440,-0.006624
2017-02-20,0.040388,0.037284,0.039247,0.024877,0.020359,0.012961,0.014464,0.026818,0.026020
2017-02-27,-0.008276,-0.006665,-0.010200,-0.000370,-0.005504,-0.004495,-0.012641,-0.002901,-0.002520
2017-03-06,0.001084,0.000874,0.000332,0.002251,0.009401,-0.007487,-0.000461,-0.002018,0.001875
2017-03-13,0.009537,0.005733,0.008510,0.008800,0.002662,0.002370,0.006825,0.006204,0.007684
2017-03-20,-0.003542,0.000164,-0.004504,0.010114,-0.002092,-0.006250,0.011513,0.009393,0.000991
2017-03-27,-0.021754,-0.021576,-0.022910,-0.032816,-0.031882,-0.004189,-0.003537,-0.014445,-0.027180
2017-04-05,0.011852,0.014959,0.010355,0.017467,0.016192,0.009786,0.012381,0.019309,0.018344
2017-04-10,-0.020465,-0.015049,-0.021961,-0.034316,-0.064612,-0.010010,-0.012422,-0.011332,-0.025008
2017-04-17,-0.060336,-0.048764,-0.062144,-0.060198,-0.061087,-0.019681,-0.005038,-0.033629,-0.046735
2017-04-24,0.011345,0.010382,0.010025,-0.006421,0.017308,-0.011168,-0.008765,-0.012293,-0.011359
2017-05-02,-0.012766,-0.015962,-0.014203,-0.012600,-0.002276,-0.015894,-0.017156,-0.020731,-0.019445
2017-05-08,-0.034486,-0.036216,-0.035946,-0.043123,-0.040110,0.001226,0.006672,-0.032216,-0.038150
2017-05-15,0.020363,0.027238,0.018784,0.015503,0.016208,0.000480,0.002654,0.013874,0.015476
2017-05-22,-0.044250,-0.043355,-0.045518,-0.038777,-0.023489,0.016139,0.027783,-0.012470,-0.026256
2017-05-31,-0.042193,-0.045854,-0.043623,-0.023885,-0.039059,-0.002324,-0.004263,-0.018640,-0.027532
2017-06-05,0.062614,0.055393,0.061639,0.023326,0.048550,0.002273,0.025875,0.028634,0.029873
2017-06-12,0.024437,0.022960,0.022921,0.009129,0.036360,-0.001162,-0.014050,0.011323,0.016485
2017-06-19,0.003730,0.001718,0.001996,-0.016395,-0.016218,0.003404,0.030386,0.000423,-0.008692
2017-06-26,0.017337,0.017133,0.015817,0.017077,-0.000497,0.013848,0.011086,0.021400,0.013232
2017-07-03,0.020964,0.019718,0.019553,0.024026,0.000922,0.005405,-0.005260,0.012921,0.019437
2017-07-10,-0.016887,-0.015645,-0.018303,-0.022391,-0.039165,0.007394,0.014441,-0.018176,-0.027242
2017-07-17,-0.002395,-0.007157,-0.004031,-0.041532,-0.076766,-0.002814,0.006421,0.002109,-0.023076
2017-07-24,0.030800,0.025415,0.029087,0.019846,0.020697,0.005475,-0.000524,0.015247,0.020449
2017-07-31,0.002181,-0.001223,0.000787,0.003411,0.006374,0.001028,-0.005698,0.002069,-0.000532
2017-08-07,-0.003678,-0.008456,-0.005058,-0.007490,-0.011781,-0.009896,-0.013466,-0.010018,-0.006422
2017-08-14,0.050505,0.045873,0.049046,0.031878,0.061719,0.012136,0.022036,0.030651,0.034295
2017-08-21,0.008974,0.004960,0.007185,0.007935,0.003784,-0.002270,0.019781,-0.000823,-0.002577
2017-08-28,0.013451,0.009440,0.012072,0.018457,0.035869,0.003806,0.006012,0.028610,0.023313
2017-09-04,0.015664,0.010941,0.014264,0.006178,0.003116,0.006321,-0.000052,0.007561,0.012397
2017-09-11,0.000492,0.003694,-0.000894,-0.005578,0.013692,-0.001839,0.001207,0.005508,0.004444
2017-09-18,0.004448,0.002745,0.003067,0.005343,0.000512,-0.007508,-0.000976,-0.008463,-0.004503
2017-09-25,0.000669,0.000216,-0.000754,0.005732,0.003471,0.001400,0.021124,0.018664,0.011044
2017-10-09,0.007423,0.009339,0.005962,0.007967,0.008447,0.006543,0.004135,0.004084,0.005275
2017-10-16,-0.008030,-0.013656,-0.009306,-0.018684,-0.026989,-0.001545,0.001174,-0.020877,-0.026349
2017-10-23,0.017789,0.012083,0.016284,-0.005346,0.002181,0.005412,0.023219,0.007913,-0.000001
2017-10-30,-0.014421,-0.020150,-0.015933,-0.029907,-0.044868,-0.010129,-0.008200,-0.028649,-0.035788
2017-11-06,0.028995,0.035901,0.027735,0.007539,0.032360,0.003989,0.031678,0.033056,0.026394
2017-11-13,-0.022735,-0.025295,-0.024153,-0.046424,-0.090270,-0.014600,-0.005302,-0.047224,-0.057234
2017-11-20,-0.018194,-0.017795,-0.019823,-0.021858,0.006032,-0.006970,-0.001173,-0.009741,-0.014408
2017-11-27,0.017706,0.015702,0.016226,0.006319,0.022618,0.002723,-0.024427,0.006698,0.011175
2017-12-04,-0.009294,-0.012996,-0.010930,-0.016280,-0.027228,-0.011067,0.004470,-0.015303,-0.016620
2017-12-11,-0.004112,0.004854,-0.005881,0.009659,-0.001283,-0.006137,-0.005885,0.002430,0.003361
2017-12-18,-0.004270,-0.000161,-0.005849,-0.014354,-0.008886,-0.001034,0.018608,0.002427,-0.011632
2017-12-25,0.010803,0.007010,0.009408,-0.002164,0.007378,-0.003515,-0.003009,0.002929,-0.000484
2018-01-02,0.020474,0.019550,0.019003,0.005495,0.028969,0.017081,0.023643,0.024065,0.020549
2018-01-08,-0.009248,-0.007911,-0.010691,-0.011114,-0.015464,-0.001953,0.021491,-0.003508,-0.009541
2018-01-15,0.015242,0.007455,0.013846,-0.018498,-0.023776,0.004179,0.011026,-0.019811,-0.024609
2018-01-22,0.013100,0.013461,0.012389,-0.005431,0.007612,0.006273,0.025858,0.019201,0.017826
2018-01-29,-0.040570,-0.045985,-0.041477,-0.092735,-0.119177,-0.047902,-0.041622,-0.071621,-0.092059
2018-02-05,-0.016223,-0.029843,-0.017830,-0.045413,-0.007124,-0.037263,-0.085193,-0.058375,-0.051322
2018-02-12,0.035357,0.041076,0.034051,0.018404,0.025090,0.006314,0.045421,0.039278,0.032087
2018-02-22,0.033482,0.031115,0.032438,0.010249,0.032117,0.003848,0.018013,0.021629,0.020280
2018-02-26,0.063276,0.063838,0.062303,0.023369,0.047173,0.008385,-0.017526,0.023667,0.039357
2018-03-05,0.059507,0.049835,0.058175,0.037852,0.054058,0.009752,0.027116,0.027054,0.032667
2018-03-12,-0.005872,-0.000883,-0.007488,-0.008524,-0.010896,-0.004575,-0.018421,-0.014170,-0.010063
2018-03-19,-0.041020,-0.050947,-0.042562,-0.062120,-0.053312,-0.032174,-0.047336,-0.069543,-0.070987
2018-03-26,0.116354,0.108550,0.115104,0.061466,0.049560,0.003000,0.008885,0.072066,0.079859
2018-04-02,-0.014183,-0.015350,-0.015769,-0.013682,-0.023296,-0.014016,-0.011563,-0.021687,-0.020199
2018-04-09,0.020432,0.019397,0.018935,-0.003644,0.007409,0.001861,0.002731,0.003974,0.003584
2018-04-16,-0.038791,-0.039433,-0.040212,-0.029810,-0.045015,-0.015395,-0.027904,-0.022027,-0.025598
2018-04-23,-0.002522,0.005884,-0.003610,0.001722,-0.017305,0.003305,0.004059,-0.004039,-0.002468
2018-05-02,0.001503,0.005428,-0.000153,0.000529,-0.008786,-0.006645,0.003345,0.010145,0.003304
2018-05-07,0.017149,0.013849,0.015966,0.012477,0.013691,0.004786,0.027582,0.010329,0.013291
2018-05-14,0.013062,0.008523,0.011581,0.013491,0.016727,0.003096,0.009949,0.008685,0.004380
2018-05-21,-0.015707,-0.012343,-0.017297,-0.013080,-0.006752,-0.016071,-0.027838,-0.020540,-0.019118
2018-05-28,-0.008089,-0.009732,-0.009551,-0.041776,-0.054519,-0.027721,-0.008141,-0.036801,-0.042069
2018-06-04,0.000788,-0.002299,-0.001003,-0.018318,-0.024567,-0.010705,-0.003958,-0.006204,-0.010339
2018-06-11,-0.071322,-0.054484,-0.072719,-0.057952,-0.059269,-0.022798,-0.017914,-0.046127,-0.059244
2018-06-19,-0.024773,-0.025737,-0.026046,-0.053829,-0.023587,-0.066928,-0.020761,-0.037065,-0.041505
2018-06-25,0.049453,0.042122,0.047724,-0.001584,0.018736,-0.032569,-0.033466,0.003887,0.003997
2018-07-02,-0.006622,-0.019257,-0.008202,-0.037384,-0.004776,-0.024567,-0.035826,-0.040185,-0.039797
2018-07-09,0.045175,0.036852,0.043670,0.023151,0.005184,0.003708,0.032573,0.038808,0.032239
2018-07-16,0.006166,0.000336,0.004924,-0.009381,-0.004677,0.005413,-0.004904,-0.010557,-0.007743
2018-07-23,0.034846,0.024397,0.033443,0.027354,0.029082,0.018979,0.014111,0.019071,0.019907
2018-07-30,-0.073774,-0.074766,-0.075357,-0.055161,-0.090431,-0.023949,-0.059085,-0.062018,-0.068382
2018-08-06,0.010900,0.009609,0.009166,-0.004035,-0.002680,0.002600,0.017254,0.012570,0.008308
2018-08-13,-0.046009,-0.041876,-0.047592,-0.029660,-0.050272,-0.013793,-0.039098,-0.037560,-0.039222
2018-08-20,0.039911,0.033255,0.038439,0.002534,0.033261,0.012534,0.031242,0.013533,0.009870
2018-08-27,-0.017270,-0.018660,-0.018776,-0.014640,-0.030284,-0.001783,-0.005600,-0.010442,-0.013954
2018-09-03,-0.002838,0.000231,-0.004289,-0.007562,0.065147,-0.007037,-0.014849,-0.003282,-0.006523
2018-09-10,-0.014097,-0.019713,-0.015667,-0.011155,-0.028891,-0.008076,-0.014199,-0.029765,-0.026224
2018-09-17,0.017005,0.022456,0.015899,0.008617,0.021692,0.009951,0.046835,0.026848,0.019461
2018-09-25,-0.010813,-0.010127,-0.012027,-0.017366,-0.023719,-0.002894,-0.004268,-0.010968,-0.014899
2018-10-08,-0.054233,-0.059540,-0.055402,-0.085842,-0.089750,-0.064763,-0.055840,-0.092974,-0.096007
2018-10-15,0.014669,0.008601,0.012743,-0.031761,-0.004712,-0.044715,-0.004502,-0.027455,-0.035021
2018-10-22,0.025825,0.025012,0.024243,0.018245,0.017226,0.014760,-0.000655,0.013172,0.014522
2018-10-29,0.077161,0.071023,0.075704,0.019875,0.059610,0.012780,0.035465,0.049045,0.049750
2018-11-05,0.003912,0.002667,0.002339,-0.002213,0.003953,-0.018131,-0.033406,-0.015132,0.000645
2018-11-12,0.095066,0.088217,0.093379,0.081594,0.060583,0.035500,0.031181,0.068763,0.079685
2018-11-19,-0.040436,-0.044515,-0.042166,-0.051736,-0.037724,-0.021182,-0.033792,-0.062024,-0.059475
2018-11-26,0.038885,0.039895,0.037003,0.016719,0.014295,0.012924,0.035577,0.025676,0.028402
2018-12-03,-0.001050,-0.005966,-0.002630,-0.000451,-0.015507,-0.013468,-0.032867,-0.022812,-0.013523
2018-12-10,-0.014255,-0.014251,-0.015667,-0.023368,-0.023468,-0.005837,0.001509,-0.013418,-0.016052
2018-12-17,-0.008978,-0.011729,-0.010940,-0.013831,0.035919,-0.016550,-0.045208,-0.022033,-0.024207
2018-12-24,0.003179,0.002492,0.001850,-0.019140,-0.027362,0.001499,0.000521,-0.012121,-0.016508
2019-01-02,0.003033,0.006364,0.001867,0.016359,0.016994,0.005862,0.012622,0.014109,0.019492
2019-01-07,-0.001411,0.002422,-0.002456,0.007799,0.010028,0.001926,0.012225,0.019478,0.021770
2019-01-14,0.007719,0.009431,0.007075,-0.007607,-0.005339,0.007699,0.025345,0.008611,0.001750
2019-01-21,-0.000855,-0.003053,-0.001783,-0.014262,-0.024786,-0.005444,0.010168,-0.003034,-0.000078
2019-01-28,-0.000924,0.000906,-0.001932,-0.046453,-0.064078,0.003156,0.011454,-0.008129,-0.028492
2019-02-11,0.036697,0.047425,0.035415,0.061723,0.095343,0.017659,0.039079,0.051500,0.068438
2019-02-18,0.023897,0.028130,0.022325,0.062987,0.100549,0.019298,0.062211,0.069031,0.067454
2019-02-25,0.044940,0.053977,0.043733,0.037482,0.059792,0.044193,0.057941,0.056277,0.056388
2019-03-04,0.031988,0.027576,0.030341,0.031076,0.030942,-0.005007,-0.031472,0.032623,0.048694
2019-03-11,0.044793,0.045987,0.043215,0.032158,0.034049,0.018467,0.024471,0.020385,0.020897
2019-03-18,0.059423,0.047822,0.058003,0.033915,0.016836,0.013808,0.006074,0.024849,0.019570
2019-03-25,0.004408,0.006444,0.002751,-0.001405,0.005221,0.003183,0.033028,0.012754,0.007936
2019-04-01,0.052444,0.058880,0.050821,0.053735,0.046523,0.031467,0.050223,0.058934,0.057305
2019-04-08,-0.003348,-0.005100,-0.004757,-0.000341,0.002931,-0.003641,-0.009912,-0.021230,-0.019819
2019-04-15,0.018638,0.018581,0.016988,0.026103,0.011931,0.008343,0.017128,0.004403,0.014869
2019-04-22,-0.071970,-0.065132,-0.073541,-0.065452,-0.088851,-0.044610,-0.055597,-0.071441,-0.070033
2019-04-29,-0.050884,-0.051194,-0.052496,-0.041019,-0.052510,-0.004484,-0.031181,-0.052300,-0.060212
2019-05-06,-0.011821,-0.010254,-0.013305,-0.000418,-0.009922,-0.016801,-0.026309,-0.022060,-0.017220
2019-05-13,-0.016510,-0.017047,-0.018085,-0.024485,-0.073865,-0.010242,-0.010888,-0.014431,-0.011061
2019-05-20,-0.006300,-0.006933,-0.007838,-0.052393,-0.101098,0.000571,-0.011866,-0.017933,-0.022862
2019-05-27,0.023022,0.028254,0.021599,0.011324,0.019627,0.009098,0.013364,0.015070,0.026295
2019-06-03,-0.072593,-0.063456,-0.074167,-0.085459,-0.060366,-0.002951,-0.017195,-0.046315,-0.055781
2019-06-10,0.046565,0.044752,0.045052,0.019126,0.026738,0.005229,0.021361,0.021808,0.024789
2019-06-17,0.076171,0.077968,0.074855,0.028934,0.033869,0.018467,0.049767,0.049259,0.047249
2019-06-24,0.005739,0.004191,0.003918,0.001505,0.026471,-0.002528,0.016427,0.002442,0.001046
2019-07-01,-0.010562,0.000053,-0.012213,-0.002126,-0.005979,0.000919,-0.006047,-0.003178,-0.001478
2019-07-08,-0.020037,-0.021909,-0.021887,-0.015098,-0.034349,-0.015269,-0.021444,-0.035346,-0.038191
2019-07-15,-0.002768,-0.002225,-0.003952,-0.001944,0.004385,0.000872,0.005500,0.007120,0.003551
2019-07-22,0.007550,0.006874,0.006526,-0.010329,-0.004701,0.000850,0.011653,0.002501,-0.000791
2019-07-29,-0.022855,-0.023765,-0.023644,-0.026692,-0.011745,-0.012349,-0.034612,-0.020773,-0.027179
2019-08-05,-0.017504,-0.019863,-0.018410,-0.033858,-0.024114,-0.025275,-0.020551,-0.039156,-0.039838
2019-08-12,0.030492,0.028715,0.028684,0.019399,0.021595,0.001990,0.024168,0.034057,0.037053
2019-08-19,-0.009255,-0.005407,-0.010910,-0.006089,0.013545,-0.005449,0.005442,0.007223,0.008234
2019-08-26,0.003019,0.010890,0.001552,0.019350,0.025174,0.006445,0.012600,0.019704,0.017916
2019-09-02,0.049317,0.047296,0.047767,0.032034,0.050943,0.029759,0.046605,0.063068,0.063448
2019-09-09,0.006646,0.008134,0.004875,0.009665,0.017497,0.006535,0.000100,0.011646,0.017591
2019-09-16,-0.001315,-0.006562,-0.002460,-0.002952,-0.012063,-0.013990,-0.014108,-0.013379,-0.013332
2019-09-23,-0.026359,-0.028245,-0.027896,-0.031279,-0.039093,-0.014389,-0.021176,-0.035383,-0.043640
2019-09-30,-0.008138,-0.009661,-0.009909,-0.006930,-0.006375,-0.004663,-0.006111,-0.010792,-0.010383
2019-10-08,0.024183,0.024072,0.023272,0.027019,0.015191,0.017614,0.033067,0.028282,0.032360
2019-10-14,-0.029980,-0.027362,-0.031714,-0.006721,-0.039472,-0.013052,-0.020158,-0.027169,-0.025502
2019-10-21,0.020837,0.016608,0.019286,0.009049,-0.001236,0.006375,0.010255,0.013975,0.013247
2019-10-28,0.007149,0.006570,0.005527,-0.010167,-0.039365,-0.008560,0.015117,-0.010286,-0.005034
2019-11-04,0.000175,-0.002688,-0.001190,-0.004435,-0.011304,-0.004751,-0.003882,-0.002648,-0.005073
2019-11-11,-0.006800,-0.008833,-0.008177,-0.034070,-0.007860,-0.022795,-0.018786,-0.019937,-0.026958
2019-11-18,-0.004230,-0.006581,-0.004988,0.010386,0.022989,0.011096,-0.006058,0.008786,0.006240
2019-11-25,-0.020721,-0.018097,-0.022067,-0.005173,-0.018796,0.002251,-0.004015,-0.001503,-0.009125
2019-12-02,-0.004242,0.007282,-0.005736,0.014377,0.019829,0.005285,0.019299,0.025030,0.030069
2019-12-09,0.009524,0.015757,0.008785,0.007924,0.007609,0.006067,0.015649,0.014965,0.019914
2019-12-16,0.006240,0.008560,0.005320,0.037998,0.022292,0.009983,0.011076,0.012939,0.016155
2019-12-23,-0.003745,-0.003073,-0.004538,-0.010907,-0.015974,-0.007213,0.000207,-0.000188,-0.000104
2019-12-30,0.027199,0.031240,0.026251,0.022199,0.021954,0.014923,0.026149,0.039709,0.037999
2020-01-06,0.001681,0.002637,0.000490,0.003986,0.019647,0.001863,0.011263,0.021080,0.027927
2020-01-13,-0.009445,-0.011852,-0.010436,-0.013816,-0.017987,-0.007022,0.000914,0.008158,0.006017
2020-01-20,-0.102328,-0.103075,-0.103586,-0.109461,-0.120786,-0.078631,-0.127275,-0.113366,-0.118967
2020-02-03,0.040996,0.047045,0.040568,0.014392,0.034066,0.017992,0.063864,0.086814,0.078439
2020-02-10,0.046424,0.046089,0.044474,0.017606,0.041270,0.005257,0.032869,0.024887,0.032146
2020-02-17,0.102247,0.092222,0.101014,0.039114,0.088404,0.014228,0.033050,0.060523,0.084586
2020-02-24,-0.062567,-0.060270,-0.063964,-0.036579,-0.073602,-0.025922,-0.039450,-0.046354,-0.049164
2020-03-02,0.084125,0.086949,0.082622,0.069417,0.070277,0.020469,0.023745,0.027590,0.042270
2020-03-09,-0.019131,-0.020911,-0.020713,-0.016683,-0.050870,-0.015639,-0.040171,-0.030298,-0.032051
2020-03-16,-0.057764,-0.052914,-0.059283,-0.028369,-0.083939,-0.032437,-0.091588,-0.075959,-0.080775
2020-03-23,-0.011914,-0.010370,-0.013495,0.006568,-0.022785,0.010130,0.032399,-0.001112,-0.007757
2020-03-30,0.037666,0.028854,0.036226,0.015063,0.048662,0.005446,0.033480,0.025396,0.024327
2020-04-07,-0.003954,-0.000265,-0.005627,-0.000593,-0.012931,-0.004622,-0.007460,-0.005019,-0.002667
2020-04-13,0.023245,0.021745,0.021890,-0.005347,0.008126,0.003033,0.024989,0.029640,0.023686
2020-04-20,-0.020237,-0.020072,-0.022131,-0.008311,-0.031065,-0.010302,-0.009736,-0.009548,-0.008243
2020-04-27,-0.023129,-0.016587,-0.024716,-0.023844,-0.056911,0.007072,0.015557,0.007949,-0.006817
2020-05-06,0.035603,0.032720,0.034175,0.009138,0.002505,0.006210,0.027797,0.039123,0.045362
2020-05-11,-0.010030,-0.013341,-0.011688,-0.011670,-0.048741,-0.012200,-0.015120,-0.001156,0.002266
2020-05-18,-0.013597,-0.016715,-0.015327,-0.040565,-0.083111,-0.011509,-0.022056,-0.035988,-0.039218
2020-05-25,0.021529,0.027177,0.020616,0.010801,0.031391,0.002806,0.019176,0.022975,0.031903
2020-06-01,0.010279,0.015692,0.009088,0.045770,0.064575,0.010316,0.031237,0.031598,0.031411
2020-06-08,-0.006918,-0.002174,-0.007964,-0.006367,-0.013401,-0.010770,-0.010100,-0.002225,-0.001351
2020-06-15,0.017649,0.026048,0.016511,0.009344,0.008016,0.012658,0.028757,0.033520,0.028753
2020-06-22,0.004072,0.005679,0.002987,-0.008830,-0.008284,-0.001328,0.007424,-0.003336,0.001673
2020-06-29,0.043186,0.037625,0.042213,0.019240,0.017750,0.046490,0.081852,0.055676,0.048599
2020-07-06,0.079523,0.081172,0.078176,0.039470,0.038947,0.038609,0.061928,0.100834,0.101743
2020-07-13,-0.001195,-0.003423,-0.002971,-0.023312,-0.069852,-0.011068,-0.030611,-0.043447,-0.045773
2020-07-20,0.006043,0.007160,0.004275,-0.012666,-0.020283,-0.006758,-0.013528,-0.017836,-0.006326
2020-07-27,0.049862,0.049246,0.048394,0.025535,0.041508,0.011058,0.044298,0.052462,0.058195
2020-08-03,0.014304,0.013235,0.012931,0.032264,-0.002737,-0.001619,-0.011432,0.004705,0.016014
2020-08-10,0.012420,0.009706,0.011050,0.000483,0.014015,0.018592,0.009689,-0.003003,-0.015460
2020-08-17,0.014536,0.011511,0.012963,0.010978,0.006358,0.002292,0.004079,0.003123,0.000853
2020-08-24,0.033246,0.029797,0.031362,-0.004347,0.020102,-0.002536,0.026237,0.007798,0.003623
2020-08-31,-0.000359,-0.005501,-0.001982,-0.000637,-0.032175,-0.005620,-0.022872,-0.014792,-0.006726
2020-09-07,-0.049142,-0.042601,-0.050825,-0.021075,-0.061725,-0.002986,-0.022580,-0.040717,-0.056783
2020-09-14,0.036707,0.030861,0.034747,0.016137,0.048252,0.007456,0.021216,0.022339,0.025075
2020-09-21,-0.027198,-0.029658,-0.028931,-0.030005,-0.021771,-0.031784,-0.035384,-0.036536,-0.043524
2020-09-28,0.002137,0.008052,0.000480,-0.007870,-0.008273,-0.000612,0.017667,0.007202,0.013287
2020-10-09,0.021301,0.016659,0.019906,0.011382,0.020250,0.002761,0.008916,0.017144,0.021388
2020-10-12,0.028325,0.020915,0.027349,0.014085,0.010835,0.008963,0.025142,0.009128,0.009034
2020-10-19,-0.031524,-0.037244,-0.033171,-0.024851,-0.036117,-0.006500,-0.028909,-0.041942,-0.046604
2020-10-26,0.023893,0.017046,0.022237,-0.024973,-0.020474,-0.018744,0.003992,-0.012251,-0.015524
2020-11-02,0.017354,0.024897,0.015650,0.020426,0.021496,0.018091,0.045954,0.035622,0.031609
2020-11-09,-0.006088,0.000034,-0.007611,0.010942,0.001679,0.001523,-0.007705,-0.002799,-0.003012
2020-11-16,0.006408,0.005457,0.004760,0.010313,0.012546,0.013014,0.015087,0.018390,0.010899
2020-11-23,-0.004335,-0.001748,-0.005939,-0.006547,-0.028183,0.012393,0.007974,-0.011725,-0.019788
2020-11-30,0.009764,0.001669,0.008121,0.009272,0.034317,-0.002103,0.014341,0.016592,0.017758
2020-12-07,-0.034565,-0.034842,-0.035933,-0.038599,-0.047343,-0.027413,-0.031999,-0.039926,-0.039415
2020-12-14,0.021030,0.015864,0.019586,0.048218,0.014259,-0.003061,0.018788,0.015211,0.012791
2020-12-21,0.013955,0.004100,0.013254,-0.039634,-0.044035,-0.014667,0.009444,-0.002932,-0.002272
2020-12-28,0.029059,0.020981,0.028039,-0.004962,-0.001677,0.000224,0.033709,0.017797,0.016788
2021-01-04,0.030545,0.023551,0.029686,-0.047455,-0.064350,0.000556,0.055882,0.025305,-0.013833
2021-01-11,-0.011855,-0.012807,-0.013320,0.005446,-0.017692,0.001842,-0.012005,-0.021749,-0.009736
2021-01-18,0.052956,0.043393,0.051189,0.015406,0.036748,-0.009788,0.023162,0.034512,0.029962
2021-01-25,-0.022105,-0.025759,-0.023686,-0.020783,-0.069059,-0.013637,-0.037251,-0.044842,-0.063893
2021-02-01,-0.026943,-0.026838,-0.028687,-0.036035,-0.072391,-0.002628,0.027869,-0.014312,-0.035836
2021-02-08,0.046671,0.052476,0.045346,0.022308,0.020293,0.014239,0.075539,0.065524,0.057473
2021-02-18,0.052881,0.039203,0.051650,0.047581,0.098229,0.018542,-0.023060,0.011146,0.023246
2021-02-22,-0.022334,-0.018363,-0.023957,0.009684,0.009989,-0.000135,-0.068492,-0.048184,-0.029138
2021-03-01,0.021618,0.019495,0.019971,0.022375,0.030886,0.015384,-0.016600,0.007276,0.020945
2021-03-08,-0.004877,-0.012112,-0.006681,-0.026821,-0.045119,0.008050,-0.034656,-0.040516,-0.044855
2021-03-15,0.008383,0.010622,0.006776,0.013423,0.004066,0.004789,-0.021055,0.002686,0.008332
2021-03-22,0.006298,0.008182,0.004647,0.005039,0.012703,0.003460,0.008757,0.009836,0.010776
2021-03-29,0.007187,0.006985,0.005981,0.000528,0.037749,0.002916,0.025015,0.012104,0.008346
2021-04-06,-0.004330,-0.002348,-0.005695,0.004784,0.000369,-0.003173,-0.029286,-0.003251,0.003417
2021-04-12,-0.008817,-0.001273,-0.009899,0.024981,-0.014859,0.003482,-0.012049,0.001020,-0.004634
2021-04-19,-0.004515,-0.003799,-0.005322,-0.012979,0.019321,-0.008282,0.038293,0.023468,0.015548
2021-04-26,-0.008112,-0.006926,-0.009158,-0.015498,-0.071162,-0.008054,-0.011207,0.003596,-0.012765
2021-05-06,0.005089,0.004610,0.003966,0.006941,0.015332,0.006842,-0.019095,-0.006486,-0.008640
2021-05-10,-0.000555,0.000571,-0.001341,0.031041,0.016246,0.011125,0.022767,0.009359,0.020026
2021-05-17,-0.009637,-0.010586,-0.010734,-0.016487,-0.028732,-0.008924,0.004594,-0.000929,0.003660
2021-05-24,0.008036,0.011195,0.007071,0.020854,0.048145,0.006253,0.034886,0.025433,0.035830
2021-05-31,-0.004821,0.000178,-0.005391,0.018337,0.013413,-0.004941,-0.006241,0.003620,0.014642
2021-06-07,0.003770,-0.001825,0.002807,0.005660,0.008616,-0.001087,-0.012551,0.004229,0.006426
2021-06-15,-0.012750,-0.013594,-0.013801,-0.008612,-0.007409,-0.009642,-0.025001,-0.012095,-0.001527
2021-06-21,0.020186,0.018019,0.019179,0.020573,0.025882,0.008955,0.032531,0.024302,0.023828
2021-06-28,-0.023212,-0.019692,-0.024102,-0.016847,-0.011625,-0.009893,-0.034230,-0.021160,-0.011013
2021-07-05,-0.010601,-0.000465,-0.011507,0.006525,0.006998,-0.003189,0.006819,0.027338,0.036626
2021-07-12,-0.002177,0.008739,-0.003189,-0.005590,-0.013155,-0.009078,-0.004825,0.008700,0.004112
2021-07-19,-0.004117,0.000102,-0.005049,-0.002307,-0.018627,-0.001057,-0.003230,0.008971,0.021418
2021-07-26,-0.028886,-0.031696,-0.029931,-0.023797,-0.034790,-0.024506,-0.053774,-0.031158,-0.014082
2021-08-02,0.026968,0.023473,0.025280,0.014761,0.009038,0.003894,0.019905,0.023311,0.026841
2021-08-09,0.023379,0.023073,0.021848,0.026233,0.043179,0.010053,0.009337,0.025058,0.022631
2021-08-16,-0.009466,-0.009737,-0.010560,-0.000280,-0.040383,0.001991,-0.032049,-0.019506,-0.016616
2021-08-23,0.054028,0.040816,0.052386,0.026367,0.027259,0.011506,0.014505,0.036450,0.026663
2021-08-30,0.024456,0.023184,0.022955,0.020842,-0.034689,0.026982,-0.001232,0.013152,-0.009827
2021-09-06,0.032889,0.028017,0.031461,0.013387,0.050113,0.020016,0.034230,0.043328,0.041369
2021-09-13,-0.010096,-0.015217,-0.011613,-0.015905,-0.037844,-0.023627,-0.047144,-0.040515,-0.037871
2021-09-22,0.021317,0.019226,0.019627,-0.003688,0.009173,0.007160,0.020986,0.012994,0.010029
2021-09-27,-0.019704,-0.021118,-0.020674,-0.021969,-0.013416,-0.010194,0.009214,-0.028212,-0.027972
2021-10-08,0.015550,0.016170,0.013709,0.014872,-0.014636,0.008855,0.005200,-0.012286,-0.007948
2021-10-11,-0.020484,-0.023436,-0.022244,-0.010198,-0.004866,-0.002698,-0.003801,-0.010663,-0.013042
2021-10-18,-0.022301,-0.015750,-0.023946,-0.022433,0.021974,-0.002652,0.003736,-0.001156,0.012780
2021-10-25,-0.018794,-0.022349,-0.020362,-0.033938,-0.019708,-0.018684,-0.012704,-0.001987,-0.008601
2021-11-01,-0.000850,-0.003895,-0.002386,0.004605,-0.016596,-0.003406,-0.007581,-0.002651,0.000306
2021-11-08,0.026687,0.031501,0.024880,0.049694,0.029222,0.007669,0.011002,0.025698,0.045703
2021-11-15,0.008881,0.007488,0.007689,0.017905,0.019568,0.002842,0.000200,0.001585,0.014145
2021-11-22,-0.008255,-0.005787,-0.009281,-0.011118,0.013360,-0.001994,-0.015398,-0.006612,0.001845
2021-11-29,0.020334,0.022401,0.018811,0.015244,0.033532,0.018137,0.018552,0.025112,0.023103
2021-12-06,-0.004696,-0.002112,-0.006460,0.004857,0.019804,0.004559,0.036784,0.003437,-0.006857
2021-12-13,0.013496,0.021223,0.011654,0.022203,-0.027473,0.000018,-0.030462,-0.005885,-0.011278
2021-12-20,-0.000234,0.001949,-0.001641,0.003687,-0.020345,0.014887,-0.003408,-0.002960,-0.013372
2021-12-27,0.021843,0.029725,0.020279,0.037050,0.039994,0.011042,0.008099,0.016293,0.035621
2022-01-04,0.001609,-0.003928,0.000318,0.004964,-0.054259,0.010207,-0.029397,-0.030641,-0.046743
2022-01-10,0.015457,0.012056,0.014129,0.015517,0.002343,-0.009183,-0.017345,-0.011285,0.002433
2022-01-17,-0.013079,-0.014498,-0.014332,-0.032027,-0.040126,-0.000500,0.005325,-0.019447,-0.044398
2022-01-24,-0.025100,-0.023788,-0.026310,-0.039738,-0.024971,-0.019562,-0.024266,-0.040091,-0.036178
2022-02-07,-0.030640,-0.030871,-0.032561,0.001329,-0.020683,0.028907,-0.012754,0.007055,-0.012567
2022-02-14,0.063396,0.057424,0.062252,0.037188,0.054079,-0.004670,0.014550,0.019591,0.039020
2022-02-21,0.003996,0.003973,0.002375,0.009730,0.014157,-0.013605,-0.017716,-0.001694,0.014590
2022-02-28,0.000777,0.000819,-0.000868,-0.010122,-0.007169,0.006403,-0.022179,-0.004497,-0.018943
2022-03-07,-0.022407,-0.027278,-0.024010,-0.041085,-0.056271,-0.033904,-0.048038,-0.056101,-0.040464
2022-03-14,-0.011971,-0.011417,-0.013932,-0.012930,0.012803,-0.010056,0.007530,-0.012257,-0.007522
2022-03-21,-0.017616,-0.021233,-0.019347,0.003920,-0.021597,0.001389,-0.035349,-0.017418,-0.016496
2022-03-28,-0.031902,-0.027262,-0.033435,0.012739,-0.009646,0.018193,0.031483,0.021329,-0.000399
2022-04-06,-0.052050,-0.048334,-0.053390,-0.011716,-0.025498,0.002220,-0.012924,-0.025299,-0.033303
2022-04-11,-0.042488,-0.037206,-0.043859,-0.033210,-0.061334,-0.013225,-0.012099,-0.029424,-0.047502
2022-04-18,-0.040123,-0.041913,-0.041767,-0.031571,-0.070918,-0.007655,-0.052849,-0.060327,-0.073353
2022-04-25,-0.018713,-0.023743,-0.020493,-0.091653,-0.031223,-0.019391,0.015737,-0.007759,-0.009176
2022-05-05,0.007363,0.007020,0.005506,0.011610,0.054312,-0.010105,-0.027882,-0.010694,0.004669
2022-05-09,0.064320,0.072236,0.063240,0.035182,0.032533,0.016477,0.033741,0.051825,0.062799
2022-05-16,0.034862,0.035367,0.033641,0.017415,0.056366,0.002081,0.016431,0.017277,0.028409
2022-05-23,-0.005450,-0.002629,-0.006662,-0.018880,-0.024681,0.004143,-0.014729,-0.003854,-0.008427
2022-05-30,0.041090,0.043628,0.039483,0.012858,-0.011259,0.004768,0.017327,0.027314,0.034968
2022-06-06,0.003264,-0.001539,0.001454,-0.009941,-0.028052,0.007304,0.025407,0.017908,0.020643
2022-06-13,0.010715,0.012112,0.009541,0.013744,0.013635,0.007473,0.030605,0.021756,0.031089
2022-06-20,0.029660,0.023648,0.028441,0.034277,0.004880,0.001565,0.021167,0.011853,0.026636
2022-06-27,0.012974,0.015436,0.011700,0.009189,0.012992,0.005349,0.007451,0.007300,0.002428
2022-07-04,-0.004476,0.008055,-0.005689,-0.012579,-0.003407,-0.005978,-0.009235,-0.008940,-0.001281
2022-07-11,-0.008193,-0.011535,-0.009336,-0.024934,-0.026850,-0.005320,-0.032682,-0.026826,-0.015453
2022-07-18,0.048283,0.042836,0.047115,0.038283,0.035428,0.014970,-0.006621,0.013031,0.024673
2022-07-25,0.002206,0.002275,0.000909,0.011484,0.003706,-0.004293,-0.017308,-0.000591,0.008945
2022-08-01,-0.019851,-0.020584,-0.020791,-0.011968,0.003063,-0.011374,-0.004456,-0.004260,-0.002559
2022-08-08,0.030886,0.031412,0.029786,0.030966,0.015308,0.009669,0.009148,0.022205,0.019139
2022-08-15,0.002787,0.001954,0.001441,-0.005281,0.003766,-0.005000,-0.010727,-0.003806,-0.000500
2022-08-22,-0.008229,-0.010053,-0.009634,-0.026425,-0.041449,0.000451,-0.017238,-0.026317,-0.045707
2022-08-29,0.014966,0.015044,0.013439,0.020760,-0.007506,0.004286,-0.013157,-0.010572,-0.016056
2022-09-05,0.014530,0.015233,0.013282,0.004436,0.011710,0.013236,0.025334,0.030442,0.023826
2022-09-13,-0.037023,-0.040422,-0.037991,-0.029410,-0.044241,-0.025786,-0.044647,-0.061091,-0.067363
2022-09-19,-0.011315,-0.011184,-0.013000,-0.015406,-0.012964,-0.009657,-0.025155,-0.017869,-0.023204
2022-09-26,-0.000237,-0.004027,-0.000872,-0.024086,-0.036053,-0.013236,-0.006016,-0.019144,-0.028740
2022-10-10,0.019668,0.020090,0.018602,0.034344,0.031066,0.009916,0.004119,0.038855,0.039679
2022-10-17,0.009196,0.008215,0.007354,0.021663,0.021531,0.000540,-0.024677,0.002715,0.010761
2022-10-24,-0.040541,-0.036206,-0.041989,-0.019385,-0.051489,-0.023760,-0.059929,-0.037440,-0.038320
2022-10-31,0.051592,0.057878,0.050346,0.055042,0.108779,0.013295,0.071340,0.067564,0.082554
2022-11-07,0.038949,0.031730,0.037377,0.018352,0.033732,0.015250,0.016945,0.001133,-0.011128
2022-11-14,0.003804,0.003994,0.002070,-0.001905,-0.002091,0.001195,-0.012705,0.001226,-0.002473
2022-11-21,-0.004769,-0.007475,-0.006294,-0.011150,-0.023504,0.011130,-0.017967,-0.024053,-0.029546
2022-11-28,0.041000,0.036849,0.039235,0.026517,0.039727,0.012637,0.055577,0.033689,0.044158
2022-12-05,-0.002044,0.000196,-0.003846,0.007259,-0.022819,0.004027,0.017537,-0.003344,-0.006193
2022-12-12,-0.007031,-0.010577,-0.007960,-0.021543,-0.029778,-0.008001,-0.005885,-0.019794,-0.022610
2022-12-19,-0.036809,-0.033786,-0.038055,-0.045700,-0.037431,-0.025675,-0.030915,-0.047834,-0.054682
2022-12-26,0.007654,0.005536,0.005855,0.004730,0.033178,0.009413,0.008946,0.016030,0.020265
2023-01-03,0.002050,0.001257,0.001455,0.026587,0.032832,0.007129,0.034591,0.028465,0.037591
2023-01-09,-0.002991,-0.003361,-0.003953,-0.000221,-0.020993,-0.000410,0.019845,0.006720,-0.000259
2023-01-16,0.017068,0.021711,0.016223,0.022763,0.007782,0.016117,0.046529,0.043331,0.045034
2023-01-30,0.009797,0.007326,0.008037,0.009102,0.028001,-0.006481,-0.038380,-0.002729,0.012817
2023-02-06,0.014647,0.014606,0.013200,0.010663,0.005894,0.006920,-0.001206,0.002949,0.010698
2023-02-13,-0.012857,-0.011727,-0.014384,-0.017361,-0.013242,-0.004445,-0.014375,-0.013415,-0.014975
2023-02-20,0.004460,0.007134,0.002617,-0.003837,0.001740,0.008620,0.000124,0.011264,0.008174
2023-02-27,0.008211,0.010194,0.006609,0.019359,-0.000125,0.018928,0.022445,0.012575,0.006566
2023-03-06,-0.027884,-0.025657,-0.029407,-0.004377,-0.013611,-0.016182,-0.040790,-0.032528,-0.027748
2023-03-13,0.012183,0.009840,0.010543,-0.014419,-0.038103,0.008719,0.000005,0.000868,-0.005025
2023-03-20,0.007446,0.005999,0.006196,0.009587,0.010602,-0.004343,0.015303,0.017615,0.019040
2023-03-27,-0.012475,-0.014378,-0.013406,-0.020157,0.004682,-0.006153,0.009027,0.006695,0.000538
2023-04-03,-0.001834,-0.001366,-0.003117,-0.010407,0.002467,0.003805,0.017832,0.020207,0.025029
2023-04-10,-0.005730,-0.004138,-0.007054,-0.009679,-0.011768,0.004484,-0.010150,-0.008042,-0.005783
2023-04-17,-0.020704,-0.021069,-0.022027,-0.040481,-0.064861,-0.002272,-0.014369,-0.026765,-0.034660
2023-04-24,0.005792,0.011404,0.003792,-0.006235,-0.027560,0.004927,-0.004423,-0.004436,-0.009611
2023-05-04,0.018119,0.012272,0.016395,0.010195,-0.005122,0.019285,0.003648,-0.003302,-0.006054
2023-05-08,-0.005107,-0.005235,-0.006517,-0.005239,-0.039243,0.002737,-0.022164,-0.017412,-0.018544
2023-05-15,-0.011318,-0.006849,-0.012998,0.013220,-0.003582,-0.014174,0.000551,0.002816,0.007947
2023-05-22,-0.014240,-0.010316,-0.016120,0.004357,-0.014262,-0.009208,-0.020025,-0.010684,-0.004430
2023-05-29,-0.007387,-0.006699,-0.008549,-0.028011,0.004237,-0.002749,-0.000394,0.009194,0.010832
2023-06-05,-0.018436,-0.019601,-0.019559,-0.007627,-0.019544,-0.010950,-0.008608,-0.016799,-0.021568
2023-06-12,0.008105,0.010200,0.006465,0.010651,-0.024063,0.000344,0.033888,0.024873,0.028655
2023-06-19,-0.027936,-0.027585,-0.029176,-0.025108,-0.021832,-0.018006,-0.031233,-0.032735,-0.025344
2023-06-26,0.024226,0.024450,0.022825,0.037543,0.030529,0.014005,0.005178,0.010374,0.017235
2023-07-03,0.004848,0.008239,0.003442,0.010573,-0.006091,0.005296,-0.003044,-0.004769,-0.011788
2023-07-10,0.003598,0.004508,0.002034,-0.002308,0.001872,0.000539,0.010428,0.005376,-0.002213
2023-07-17,0.002861,0.003954,0.001492,0.001439,-0.023976,0.005446,-0.020164,-0.016497,-0.019492
2023-07-24,0.022505,0.021216,0.021009,0.012544,-0.016889,0.030112,0.056671,0.024611,0.012255
2023-07-31,-0.007645,-0.007851,-0.008854,-0.005370,0.020957,-0.001610,-0.003961,0.009363,0.007485
2023-08-07,-0.026512,-0.025979,-0.027793,-0.012316,-0.028085,-0.021013,-0.040490,-0.041100,-0.041741
2023-08-14,0.001741,-0.000713,0.000499,-0.001020,-0.020140,-0.003843,-0.017616,-0.017019,-0.023041
2023-08-21,0.023819,0.022154,0.022975,-0.015943,0.006230,0.011890,0.036658,0.021026,0.015747
2023-08-28,-0.006984,-0.013366,-0.008384,0.016001,0.004938,-0.013466,-0.025197,-0.019343,-0.012018
2023-09-04,-0.004241,-0.006265,-0.005761,0.006186,-0.014828,-0.002545,-0.018990,-0.008491,-0.002524
2023-09-11,-0.001638,0.001256,-0.002839,-0.008517,-0.000938,0.007666,-0.011135,-0.006495,-0.009122
2023-09-18,0.004908,0.004254,0.004063,0.009093,-0.002527,-0.000074,0.010579,0.001592,-0.001070
2023-09-25,-0.002480,-0.000851,-0.003804,-0.002271,-0.004143,-0.004187,-0.015818,-0.002680,0.003546
2023-10-09,-0.006878,-0.009842,-0.008759,-0.021393,-0.004265,-0.003833,-0.004047,-0.008159,0.002658
2023-10-16,-0.024382,-0.024075,-0.025904,-0.024894,-0.031890,-0.025220,-0.044716,-0.041319,-0.055053
2023-10-23,0.004754,0.010996,0.003154,0.034804,0.016349,0.009547,0.015402,0.015569,0.025234
2023-10-30,0.012655,0.010534,0.010695,0.012413,0.024733,-0.006838,0.015253,0.011791,0.018315
2023-11-06,0.005454,0.006469,0.004408,0.005010,0.034441,-0.004053,-0.003994,0.007167,0.016619
2023-11-13,0.012101,0.015298,0.011054,0.011571,0.018785,0.000037,-0.006728,0.008325,0.017040
2023-11-20,0.003982,0.004948,0.002577,-0.004300,0.002305,0.008113,-0.009886,-0.012925,-0.016708
2023-11-27,0.000672,-0.000088,-0.000934,0.005280,-0.003841,-0.003481,-0.015108,0.002817,0.003934
2023-12-04,-0.025968,-0.025784,-0.027571,-0.027118,-0.027574,-0.011778,-0.029586,-0.018781,-0.023960
2023-12-11,0.018545,0.013803,0.016984,0.014044,-0.020852,0.000717,-0.014464,-0.006698,-0.007561
2023-12-18,-0.007311,-0.012209,-0.008916,-0.010302,-0.010104,-0.011691,0.000342,-0.024907,-0.035840
2023-12-25,-0.000928,0.004384,-0.001930,0.009103,0.023219,0.002867,0.028808,0.024504,0.028745
2024-01-02,0.017427,0.013441,0.016582,-0.004180,-0.020014,0.010870,-0.030254,-0.030056,-0.038485
2024-01-08,-0.012458,-0.013287,-0.013985,-0.008205,-0.021041,-0.005218,-0.015804,-0.014939,-0.018766
2024-01-15,-0.051405,-0.045471,-0.052529,-0.039736,-0.016477,-0.014812,-0.002333,-0.034849,-0.046749
2024-01-22,0.005812,-0.000764,0.004129,-0.008258,0.007135,0.027757,0.022351,0.004678,-0.002924
2024-01-29,-0.186302,-0.202325,-0.188110,-0.142473,-0.124638,-0.021658,-0.051310,-0.100236,-0.141604
2024-02-05,-0.033866,-0.028601,-0.035709,-0.024349,-0.030976,0.019441,0.072352,0.154036,0.116419
2024-02-19,0.282564,0.267704,0.280738,0.096639,0.197156,0.030437,0.027216,-0.005818,0.034000
2024-02-26,0.017065,0.015338,0.015140,0.003049,0.016381,-0.010371,0.015157,0.036999,0.034022
2024-03-04,-0.008492,-0.003363,-0.010147,-0.011651,0.004219,0.009057,0.002139,-0.008309,-0.009989
2024-03-11,0.075100,0.086211,0.074039,0.033920,0.047444,-0.008892,0.008776,0.024359,0.040137
2024-03-18,0.008508,0.010803,0.006782,0.005187,-0.014861,-0.012279,-0.011280,-0.018736,0.001331
2024-03-25,0.001017,-0.002257,-0.000447,-0.018061,-0.027192,-0.002072,0.004204,-0.011164,-0.021457
2024-04-01,0.030166,0.025631,0.028594,0.020999,-0.011604,0.013377,0.000557,0.009253,0.004768
2024-04-08,-0.024777,-0.025212,-0.026041,-0.017492,-0.030655,-0.002276,-0.022530,-0.016593,-0.030399
2024-04-15,-0.062786,-0.057970,-0.063921,-0.075380,-0.066943,0.018150,0.018045,0.003675,-0.016774
2024-04-22,0.065235,0.072457,0.063293,0.025267,0.028900,-0.014758,0.013676,0.015465,0.036481
2024-04-29,0.025384,0.038566,0.024014,0.021521,0.004252,0.012433,0.019392,0.023687,0.025175
2024-05-06,-0.024273,-0.017712,-0.025385,-0.009245,-0.051353,0.001737,-0.002107,0.000853,-0.003776
2024-05-13,0.008951,0.016095,0.007699,-0.004718,0.004859,0.010318,0.009793,-0.001152,0.004644
2024-05-20,-0.041831,-0.037993,-0.043370,-0.050073,-0.034916,-0.006567,-0.020480,-0.031098,-0.036949
2024-05-27,-0.033198,-0.021506,-0.034975,-0.058339,-0.085197,-0.003847,-0.008116,-0.004705,-0.001389
2024-06-03,-0.044823,-0.041170,-0.045960,-0.063312,-0.043151,-0.010656,-0.006027,-0.022333,-0.040821
2024-06-11,0.013798,0.006989,0.012019,0.001379,-0.069247,-0.015929,-0.009669,0.001326,0.005214
2024-06-17,-0.021843,-0.017213,-0.023405,-0.005400,-0.008809,-0.003587,-0.013574,-0.022446,-0.025869
2024-06-24,-0.024209,-0.016713,-0.025580,-0.025258,-0.033098,-0.003565,-0.004428,-0.025432,-0.026059
2024-07-01,0.054221,0.031013,0.053067,0.020873,0.022930,-0.004244,-0.010832,-0.017551,-0.019015
2024-07-08,-0.001764,-0.004263,-0.003414,-0.003750,-0.000796,0.007816,0.012222,0.009574,0.014060
2024-07-15,-0.007502,-0.008158,-0.008734,-0.012588,-0.005238,0.006890,0.021888,-0.006298,-0.009521
2024-07-22,-0.015377,-0.011620,-0.016197,0.010310,-0.011781,-0.005523,-0.037879,-0.027119,-0.023921
2024-07-29,0.006958,0.005876,0.005843,0.013345,0.013973,0.009744,-0.012413,0.003287,0.014637
2024-08-05,-0.007416,-0.006048,-0.008308,0.005775,-0.002586,-0.005656,-0.010276,-0.008225,-0.016712
2024-08-12,0.003776,0.001138,0.002931,-0.020462,-0.001016,0.000384,0.005019,-0.010734,-0.009595
2024-08-19,-0.021714,-0.021992,-0.022919,-0.030905,-0.018525,-0.010015,-0.004049,-0.026460,-0.034096
2024-08-26,-0.016408,-0.014722,-0.017372,0.025299,0.013431,-0.017170,-0.006959,0.019600,0.029931
2024-09-02,-0.005068,-0.010706,-0.006356,-0.009535,-0.012110,-0.013939,-0.028039,-0.024683,-0.029433
2024-09-09,-0.021173,-0.022099,-0.022395,-0.009845,-0.010029,-0.017881,-0.017413,-0.014937,-0.017165
2024-09-18,-0.002571,-0.000618,-0.003942,0.005522,0.003429,0.004877,0.013312,0.010267,0.011061
2024-09-23,0.101572,0.100680,0.100241,0.078923,0.085538,0.110673,0.201751,0.212201,0.204550
2024-09-30,0.108997,0.113212,0.107617,0.098729,0.080086,0.092461,0.156947,0.177625,0.197475
2024-10-08,-0.124902,-0.120486,-0.126743,-0.103455,-0.038444,-0.073417,-0.120248,-0.142441,-0.153095
2024-10-14,0.042890,0.046015,0.040938,0.012780,0.024464,-0.002607,0.008091,0.032144,0.063354
2024-10-21,0.065200,0.058234,0.064180,0.041099,0.030751,0.007401,0.001573,0.023901,0.033072
2024-10-28,-0.047020,-0.032432,-0.048198,0.007354,0.002093,0.007532,-0.014014,0.003277,-0.012759
2024-11-04,0.084401,0.086735,0.083467,0.050801,0.032520,0.011428,0.043415,0.064373,0.085222
2024-11-11,-0.000184,-0.006554,-0.002177,0.001286,-0.006316,0.001696,-0.020858,-0.043558,-0.040781
2024-11-18,0.009026,0.005815,0.007890,-0.008278,-0.011438,-0.006936,-0.026742,-0.031300,-0.017316
2024-11-25,0.041104,0.048813,0.039736,0.031298,0.014520,0.016189,0.008796,0.017232,0.023291
2024-12-02,0.021396,0.029235,0.020167,0.022605,0.025921,0.015842,0.015592,0.022143,0.025496
2024-12-09,0.006320,0.007838,0.005476,0.017965,0.003247,-0.000813,-0.010044,-0.000028,0.001424
2024-12-16,-0.015127,-0.016874,-0.015942,-0.022780,-0.021516,-0.005280,-0.000669,-0.010942,-0.013196
2024-12-23,-0.008135,-0.011883,-0.008861,-0.031247,-0.020044,0.007545,0.012360,-0.004601,-0.017037
2024-12-30,-0.037059,-0.038903,-0.038098,-0.040259,-0.050544,-0.025120,-0.050471,-0.079686,-0.089357
2025-01-06,0.001852,-0.008838,-0.000142,-0.003432,-0.004636,-0.017772,-0.018949,-0.018699,-0.022606
2025-01-13,0.084365,0.081482,0.083416,0.032517,0.037995,0.018499,0.035325,0.056811,0.071230
2025-01-20,-0.030115,-0.021208,-0.031359,-0.001298,-0.024932,-0.003350,0.000433,0.006859,0.011698
2025-01-27,0.011570,0.008864,0.009909,0.003560,-0.000355,0.008201,0.002017,-0.003058,-0.007772
2025-02-05,0.057540,0.036137,0.056179,-0.000127,0.042812,-0.003194,0.013889,0.038112,0.043139
2025-02-10,0.005804,0.001339,0.003924,0.008623,0.007066,-0.002712,0.014445,0.020757,0.021119
2025-02-17,-0.003695,-0.001180,-0.005375,0.008819,0.004621,-0.009054,0.004570,0.012967,0.026972
2025-02-24,0.000970,0.002918,-0.000164,0.003011,0.000240,-0.001454,-0.018321,-0.029952,-0.025332
2025-03-03,0.037777,0.039884,0.036211,0.020468,0.002933,-0.001761,0.011765,0.024971,0.036239
2025-03-10,0.026414,0.030481,0.024952,0.015759,0.009660,0.015854,0.019024,0.016094,0.010245
2025-03-17,0.008110,0.005630,0.006825,0.002490,-0.031685,0.003659,-0.025998,-0.023949,-0.027673
2025-03-24,-0.010151,-0.012907,-0.011634,-0.029730,-0.038654,-0.000433,-0.002587,-0.014413,-0.027174
2025-03-31,-0.010285,-0.014927,-0.011605,-0.021997,-0.043617,-0.007191,-0.059084,-0.061662,-0.067103
2025-04-07,-0.007015,-0.010760,-0.008556,-0.032982,0.004133,-0.006996,0.026350,0.019881,0.021070
2025-04-14,-0.011996,-0.009394,-0.013951,0.013130,-0.009782,0.010501,-0.001034,-0.013715,-0.018094
2025-04-21,0.021553,0.020371,0.020188,0.014366,-0.004010,0.001229,0.004843,0.012222,0.018330
2025-04-28,0.033323,0.037943,0.032136,0.007572,-0.007483,-0.004748,0.002110,0.007905,0.010097
2025-05-06,0.054016,0.046893,0.052417,0.021911,0.028065,0.009811,0.019015,0.014564,0.021581
2025-05-12,-0.000357,0.001916,-0.002315,0.004561,0.003725,0.001697,0.004148,-0.005564,-0.008080
2025-05-19,-0.006049,-0.006522,-0.007847,-0.003181,0.011955,-0.000899,-0.001746,-0.011580,-0.013393
2025-05-26,0.010502,0.010395,0.008942,0.006808,0.010128,0.003929,-0.010922,0.000081,0.002891
2025-06-03,0.022282,0.022473,0.021107,0.020825,0.015974,0.005161,0.011567,0.021068,0.025288
2025-06-09,-0.006376,-0.006428,-0.008139,-0.010891,-0.019933,-0.006496,-0.006235,-0.008277,-0.011553
2025-06-16,-0.024654,-0.026222,-0.026055,-0.016479,-0.009367,-0.004106,-0.005826,-0.019514,-0.020273
2025-06-23,0.051269,0.052462,0.050138,0.012325,0.025006,0.010332,0.023267,0.047101,0.055406
2025-06-30,0.030716,0.023817,0.029115,0.004974,0.004486,0.005840,0.014535,0.004037,0.001264
2025-07-07,0.017475,0.020115,0.016178,0.007309,-0.001465,0.012800,0.011043,0.022330,0.025451
2025-07-14,0.006850,0.005773,0.005568,0.008069,0.004925,0.000679,0.012076,0.013567,0.014189
2025-07-21,0.013650,0.011875,0.012841,0.011387,0.005823,0.015495,0.014357,0.031102,0.023877
2025-07-28,-0.014008,-0.014571,-0.015010,-0.008924,-0.010588,-0.013011,-0.021864,-0.018220,-0.011317
2025-08-04,0.019543,0.021921,0.018380,0.014846,0.011581,0.008032,0.017918,0.023438,0.032048
2025-08-11,-0.006547,-0.003104,-0.007752,0.009400,0.028128,-0.002447,0.026266,0.043811,0.044954
2025-08-18,0.013060,0.013433,0.011940,0.026865,0.013208,0.008551,0.046948,0.041325,0.036295
2025-08-25,-0.012716,-0.012538,-0.013443,-0.014463,-0.019587,-0.010083,0.022777,0.029255,0.007636
2025-09-01,-0.001584,-0.000044,-0.002351,0.001608,-0.001555,-0.002727,-0.011005,-0.022619,-0.029120
2025-09-08,0.010629,0.013294,0.009389,0.014602,0.010202,0.003423,0.015159,0.035078,0.025928
2025-09-15,-0.016821,-0.016565,-0.017796,-0.007068,-0.007322,-0.005060,-0.005041,0.001740,0.001664
2025-09-22,-0.009154,-0.006609,-0.010053,-0.011582,-0.014900,-0.008316,0.009530,0.009555,-0.005734
2025-09-29,0.000841,0.000882,-0.000455,-0.001333,0.005317,-0.001560,0.023508,0.030136,0.028074
2025-10-09,0.001789,0.000240,0.001107,-0.015932,-0.016372,0.003903,-0.036730,-0.044839,-0.048892
2025-10-13,0.014913,0.011718,0.013433,0.012655,0.026795,0.008523,0.015002,-0.005917,0.001229
2025-10-20,0.035623,0.042091,0.033784,0.023338,0.031534,0.005026,0.030964,0.034305,0.030830
2025-10-27,-0.002313,-0.002949,-0.003994,0.003208,0.009183,-0.002079,-0.013332,-0.001238,0.003216
2025-11-03,0.023550,0.024302,0.022147,0.013674,-0.010019,0.008784,0.011083,0.004124,0.008176
2025-11-10,0.031133,0.027076,0.029847,0.025107,-0.003352,0.013944,-0.015211,-0.014736,-0.007123
2025-11-17,-0.043931,-0.041060,-0.045810,-0.030727,-0.027679,-0.022568,-0.031115,-0.054100,-0.054452
2025-11-24,0.037713,0.038596,0.035833,0.019213,0.028661,-0.002339,0.014761,0.028745,0.035306
2025-12-01,-0.001926,-0.004694,-0.003646,-0.005430,-0.015484,-0.000293,0.011885,0.009243,0.000405
2025-12-08,-0.039277,-0.041509,-0.040640,-0.029137,-0.008590,-0.012530,-0.009392,0.000327,-0.004757
2025-12-15,0.024440,0.023825,0.023392,0.003909,-0.010582,0.002137,0.008279,0.011811,0.005267
2025-12-22,0.003766,0.001066,0.002165,0.003628,0.021354,0.000868,0.015389,0.036363,0.033054
2025-12-29,-0.007824,-0.005741,-0.009345,0.001705,-0.006027,-0.006320,0.000719,0.007550,0.004352
2026-01-05,0.010701,0.013330,0.009621,0.024252,0.030028,0.005805,0.023174,0.082105,0.072850
2026-01-12,0.003951,0.006041,0.002469,-0.002030,-0.018397,-0.009247,-0.010370,0.007108,0.001043
2026-01-19,0.032092,0.033961,0.030492,0.020403,0.021807,0.013593,-0.001019,0.051880,0.037612
2026-01-26,-0.008479,-0.009622,-0.009845,-0.021972,-0.003875,-0.001247,-0.008716,-0.040020,-0.040699
2026-02-02,0.010517,0.010851,0.008909,0.007080,0.026507,0.001944,0.004148,0.000047,0.001292
2026-02-09,-0.011117,-0.010484,-0.012841,-0.003280,-0.018654,-0.005236,0.007165,0.014879,0.017414
2026-02-24,0.006594,0.004462,0.005551,0.009624,-0.001457,0.001522,-0.009792,0.021722,0.017378
2026-03-02,-0.007844,-0.007370,-0.009088,-0.017686,-0.032806,-0.000092,-0.017253,-0.040958,-0.039286
2026-03-09,0.008632,0.006956,0.007309,0.009467,-0.003216,0.013312,0.014993,-0.000789,0.009903
2026-03-16,-0.071363,-0.061943,-0.073083,-0.024647,-0.032789,-0.014167,-0.036434,-0.073465,-0.070541
2026-03-23,0.011613,0.009565,0.009773,0.005041,-0.001180,-0.008498,-0.008304,0.004186,0.004149
2026-03-30,-0.029361,-0.020583,-0.030936,-0.024193,-0.039607,0.000125,-0.003559,-0.012150,-0.014138
2026-04-07,0.048880,0.054630,0.047461,0.017104,0.015978,-0.002954,0.038074,0.047048,0.051737
2026-04-13,0.009798,0.008620,0.008338,0.013819,0.028215,0.001590,0.024277,0.038604,0.045405
2026-04-20,0.010603,0.003958,0.008942,-0.009642,-0.016703,-0.001584,0.010402,0.001563,-0.001836
2026-04-27,0.020102,0.014046,0.018710,0.010962,-0.001642,-0.000680,0.017023,0.024878,0.020404
2026-05-06,0.006528,0.009540,0.005004,0.012346,-0.001113,-0.001682,0.009188,0.039074,0.040876
2026-05-11,-0.020663,-0.023627,-0.021748,-0.010132,-0.027027,-0.010655,-0.013453,-0.031713,-0.018410
2026-05-18,-0.008586,-0.012225,-0.009994,-0.006969,-0.009083,-0.014124,0.007624,0.016271,0.012804
2026-05-25,-0.073297,-0.066050,-0.074475,-0.028535,-0.022702,0.001395,0.005069,-0.031597,-0.041448
2026-06-01,-0.032000,-0.032010,-0.033840,-0.027066,-0.007341,-0.005614,-0.039635,-0.045442,-0.038606
2026-06-08,0.005102,0.012011,0.003390,-0.011864,-0.011228,0.005189,0.026685,0.024614,0.024775
2026-06-15,0.036336,0.031088,0.034770,-0.019020,0.000711,-0.023993,0.024861,0.065395,0.065823
2026-06-22,-0.048476,-0.050873,-0.050320,-0.064002,-0.045284,-0.021388,-0.016833,0.002517,-0.022386
2026-06-29,0.058629,0.051420,0.056710,0.041286,0.016553,0.018410,0.000514,0.006802,0.006116
2026-07-06,-0.015946,-0.018805,-0.017861,-0.019219,-0.022558,0.000324,-0.025285,-0.043434,-0.062839
2026-07-13,-0.004434,-0.001118,-0.005922,-0.003345,-0.032674,0.014890,-0.035775,-0.096487,-0.106850
2026-07-20,-0.030864,-0.032522,-0.032827,-0.022203,-0.026240,0.001977,0.017562,-0.011236,-0.037913
2026-07-27,0.029015,0.015859,0.027329,0.030231,-0.019404,0.020177,-0.020234,-0.007359,0.010616
2026-08-03,0.197944,0.202137,0.196479,0.016269,0.095504,-0.017309,0.030032,0.073326,0.094697
2026-08-10,0.022202,0.024646,0.020389,0.007747,0.006169,-0.004385,-0.005648,0.000494,0.009555
2026-08-17,0.003017,0.005630,0.001291,0.003362,-0.020204,-0.002965,-0.010986,-0.018334,-0.023379
2026-08-24,0.011696,0.010669,0.010253,0.005871,-0.000971,0.013386,-0.012759,-0.008119,-0.001006
2026-08-31,0.007959,0.008040,0.006278,0.007710,0.006273,0.004701,0.001293,-0.014077,-0.007389
2026-09-07,-0.015159,-0.016833,-0.016840,-0.010539,-0.013336,-0.004337,-0.020346,-0.022950,-0.024844
2026-09-14,-0.003440,0.006002,-0.004880,0.001304,0.034108,-0.003050,,,
