code,price,ret_5,ret_20,lgbm
sz300326,6.24,0.014781129475521126,0.011812887462446575,0.06028316071283786
sh601512,8.34,0.006981179245850289,0.04471380879186482,0.05875148402787932
sh603836,9.5,0.016863354643938955,0.035871318689115306,0.05797004942956667
sz300664,4.59,0.0019073055562675023,-0.009356497642455164,0.057721885387162365
sh603987,7.5,0.01819807586156008,-0.004498240421929811,0.056925858251482137
sh605500,7.32,0.0049128513386809125,0.0248092348841098,0.055827945994019586
sz002872,5.94,0.0,0.018205390547050726,0.05548854620272705
sz300406,11.72,0.029813011021428082,0.006647658040310311,0.055383383517451396
sh603111,6.09,0.027648982712434655,0.020664738649236014,0.05532651555699907
sh603968,10.57,0.012413952523263827,-0.0006851661795961306,0.05482960927743246
sz002381,5.55,0.006971548285652496,0.0,0.05419612702030974
sz002441,8.16,0.005937252385963543,0.011054534341853994,0.05342697014761917
sz002917,10.14,0.005521274713910618,-0.015480067817750687,0.05336799903191449
sh603689,7.58,-0.011545221574231768,-0.0021090697784780232,0.053288808292662034
sz002818,11.15,-0.006628135253962775,0.02867022856530843,0.05318262985978735
sh603408,11.69,-0.0033079752295455123,0.008652300233426224,0.05313071461866646
sh603018,5.15,0.005877064427019629,-0.013065049045455357,0.05308473719720151
sz300193,7.92,0.01346574392855393,-0.003560450435476703,0.05283859086124312
sh603566,10.19,0.0057516874358998216,-0.002863485384195563,0.05272000180843435
sz300597,7.95,0.021176675761932717,0.012402490616994388,0.05253372469634341
sz300509,8.83,0.005913646425472319,0.000978771323425942,0.05244679249570962
sz000548,4.58,0.0,0.005795746308101535,0.052380300247846706
sh600533,2.2,-0.0022488474446005213,0.0,0.05216201043816999
sz300388,6.68,0.0,-0.0349663333039687,0.05203161129902466
sh603889,6.03,0.0,0.0,0.051912873763215045
sz300375,4.07,-0.00433503771560062,-0.012879404576884745,0.05188568283639909
sz301048,8.92,0.002151232409702164,-0.017045261943180456,0.051714140797337174
sz300463,9.3,0.03004732806294097,-0.002608394708668804,0.051543564062123896
sz000541,4.9,0.0,-0.0010318587269217971,0.05142581200013702
sh603017,9.95,0.01557481936691918,0.013223076033971992,0.05131143755756043
